item,n,r,sigma,gt,pred,parse_ok,is_zero,abstain,raw,latency_s
n100_r2_s0_04,100,2,0,100,100,1,0,0,"{""count"": 100}",3.09
n100_r2_s0_02,100,2,0,100,100,1,0,0,"{""count"": 100}",3.19
n100_r2_s0_01,100,2,0,100,100,1,0,0,"{""count"": 100}",3.19
n100_r2_s0_00,100,2,0,100,100,1,0,0,"{""count"": 100}",3.19
n100_r2_s0_06,100,2,0,100,100,1,0,0,"{""count"": 100}",3.19
n100_r2_s0_07,100,2,0,100,100,1,0,0,"{""count"": 100}",4.49
n100_r2_s0_05,100,2,0,100,100,1,0,0,"{""count"": 100}",4.50
n100_r2_s0_08,100,2,0,100,100,1,0,0,"{""count"": 100}",1.41
n100_r2_s0_03,100,2,0,100,100,1,0,0,"{""count"": 100}",4.51
n100_r2_s0_10,100,2,0,100,100,1,0,0,"{""count"": 100}",3.69
n100_r2_s0_12,100,2,0,100,100,1,0,0,"{""count"": 100}",3.69
n100_r2_s0_11,100,2,0,100,100,1,0,0,"{""count"": 100}",3.69
n100_r2_s0_09,100,2,0,100,100,1,0,0,"{""count"": 100}",3.70
n100_r2_s1_00,100,2,1,100,80,1,0,0,"{""count"": 80}",3.83
n100_r2_s1_01,100,2,1,100,80,1,0,0,"{""count"": 80}",3.83
n100_r2_s0_14,100,2,0,100,100,1,0,0,"{""count"": 100}",3.91
n100_r2_s0_13,100,2,0,100,100,1,0,0,"{""count"": 100}",3.91
n100_r2_s1_04,100,2,1,100,80,1,0,0,"{""count"": 80}",3.88
n100_r2_s1_03,100,2,1,100,80,1,0,0,"{""count"": 80}",3.93
n100_r2_s1_07,100,2,1,100,99,1,0,0,"{""count"": 99}",2.49
n100_r2_s1_02,100,2,1,100,80,1,0,0,"{""count"": 80}",3.94
n100_r2_s1_05,100,2,1,100,80,1,0,0,"{""count"": 80}",3.94
n100_r2_s1_06,100,2,1,100,80,1,0,0,"{""count"": 80}",2.49
n100_r2_s1_10,100,2,1,100,80,1,0,0,"{""count"": 80}",1.80
n100_r2_s1_08,100,2,1,100,80,1,0,0,"{""count"": 80}",4.16
n100_r2_s1_09,100,2,1,100,80,1,0,0,"{""count"": 80}",4.16
n100_r2_s1_11,100,2,1,100,80,1,0,0,"{""count"": 80}",3.22
n100_r2_s1_13,100,2,1,100,80,1,0,0,"{""count"": 80}",3.22
n100_r2_s1_14,100,2,1,100,75,1,0,0,"{""count"": 75}",3.56
n100_r2_s2_00,100,2,2,100,80,1,0,0,"{""count"": 80}",3.56
n100_r2_s1_12,100,2,1,100,80,1,0,0,"{""count"": 80}",3.57
n100_r2_s2_02,100,2,2,100,80,1,0,0,"{""count"": 80}",3.92
n100_r2_s2_01,100,2,2,100,75,1,0,0,"{""count"": 75}",3.92
n100_r2_s2_04,100,2,2,100,80,1,0,0,"{""count"": 80}",2.50
n100_r2_s2_05,100,2,2,100,80,1,0,0,"{""count"": 80}",2.50
n100_r2_s2_03,100,2,2,100,80,1,0,0,"{""count"": 80}",3.98
n100_r2_s2_06,100,2,2,100,80,1,0,0,"{""count"": 80}",2.24
n100_r2_s2_07,100,2,2,100,80,1,0,0,"{""count"": 80}",4.24
n100_r2_s2_08,100,2,2,100,80,1,0,0,"{""count"": 80}",4.23
n100_r2_s2_11,100,2,2,100,80,1,0,0,"{""count"": 80}",2.14
n100_r2_s2_09,100,2,2,100,80,1,0,0,"{""count"": 80}",2.20
n100_r2_s2_10,100,2,2,100,80,1,0,0,"{""count"": 80}",2.20
n100_r2_s2_14,100,2,2,100,80,1,0,0,"{""count"": 80}",3.48
n100_r2_s2_12,100,2,2,100,80,1,0,0,"{""count"": 80}",3.58
n100_r2_s2_13,100,2,2,100,80,1,0,0,"{""count"": 80}",3.59
n100_r2_s4_02,100,2,4,100,80,1,0,0,"{""count"": 80}",4.21
n100_r2_s4_03,100,2,4,100,99,1,0,0,"{""count"": 99}",4.21
n100_r2_s4_01,100,2,4,100,99,1,0,0,"{""count"": 99}",4.27
n100_r2_s4_00,100,2,4,100,100,1,0,0,"{""count"": 100}",4.34
n100_r2_s4_04,100,2,4,100,100,1,0,0,"{""count"": 100}",4.27
n100_r2_s4_06,100,2,4,100,80,1,0,0,"{""count"": 80}",3.27
n100_r2_s4_05,100,2,4,100,100,1,0,0,"{""count"": 100}",3.28
n100_r2_s4_07,100,2,4,100,100,1,0,0,"{""count"": 100}",5.65
n100_r2_s4_10,100,2,4,100,99,1,0,0,"{""count"": 99}",2.94
n100_r2_s4_08,100,2,4,100,100,1,0,0,"{""count"": 100}",3.33
n100_r2_s4_12,100,2,4,100,100,1,0,0,"{""count"": 100}",3.26
n100_r2_s4_09,100,2,4,100,100,1,0,0,"{""count"": 100}",3.33
n100_r2_s4_13,100,2,4,100,99,1,0,0,"{""count"": 99}",4.02
n100_r2_s4_11,100,2,4,100,100,1,0,0,"{""count"": 100}",4.51
n100_r2_s4_14,100,2,4,100,99,1,0,0,"{""count"": 99}",4.13
n100_r2_s8_00,100,2,8,100,0,1,1,0,"{""count"": 0}",2.49
n100_r2_s8_04,100,2,8,100,0,1,1,0,"{""count"": 0}",3.01
n100_r2_s8_03,100,2,8,100,0,1,1,0,"{""count"": 0}",3.02
n100_r2_s8_02,100,2,8,100,0,1,1,0,"{""count"": 0}",3.02
n100_r2_s8_01,100,2,8,100,0,1,1,0,"{""count"": 0}",3.41
n100_r2_s8_06,100,2,8,100,0,1,1,0,"{""count"": 0}",1.87
n100_r2_s8_05,100,2,8,100,0,1,1,0,"{""count"": 0}",1.92
n100_r2_s8_07,100,2,8,100,0,1,1,0,"{""count"": 0}",4.17
n100_r2_s8_08,100,2,8,100,0,1,1,0,"{""count"": 0}",3.42
n100_r2_s8_09,100,2,8,100,0,1,1,0,"{""count"": 0}",2.46
n100_r2_s8_11,100,2,8,100,0,1,1,0,"{""count"": 0}",2.89
n100_r2_s8_12,100,2,8,100,0,1,1,0,"{""count"": 0}",2.89
n100_r2_s8_10,100,2,8,100,0,1,1,0,"{""count"": 0}",2.89
n100_r2_s8_13,100,2,8,100,0,1,1,0,"{""count"": 0}",3.72
n100_r2_s8_14,100,2,8,100,0,1,1,0,"{""count"": 0}",3.81
n100_r4_s0_01,100,4,0,100,100,1,0,0,"{""count"": 100}",3.96
n100_r4_s0_02,100,4,0,100,100,1,0,0,"{""count"": 100}",3.96
n100_r4_s0_00,100,4,0,100,100,1,0,0,"{""count"": 100}",3.97
n100_r4_s0_03,100,4,0,100,99,1,0,0,"{""count"": 99}",3.58
n100_r4_s0_05,100,4,0,100,99,1,0,0,"{""count"": 99}",3.58
n100_r4_s0_04,100,4,0,100,100,1,0,0,"{""count"": 100}",3.93
n100_r4_s0_06,100,4,0,100,100,1,0,0,"{""count"": 100}",4.53
n100_r4_s0_07,100,4,0,100,100,1,0,0,"{""count"": 100}",4.48
n100_r4_s0_09,100,4,0,100,100,1,0,0,"{""count"": 100}",4.66
n100_r4_s0_10,100,4,0,100,100,1,0,0,"{""count"": 100}",4.66
n100_r4_s0_08,100,4,0,100,100,1,0,0,"{""count"": 100}",4.67
n100_r4_s0_11,100,4,0,100,100,1,0,0,"{""count"": 100}",4.62
n100_r4_s0_12,100,4,0,100,99,1,0,0,"{""count"": 99}",4.62
n100_r4_s0_13,100,4,0,100,100,1,0,0,"{""count"": 100}",4.33
n100_r4_s1_00,100,4,1,100,80,1,0,0,"{""count"": 80}",4.72
n100_r4_s0_14,100,4,0,100,100,1,0,0,"{""count"": 100}",4.83
n100_r4_s1_03,100,4,1,100,80,1,0,0,"{""count"": 80}",4.75
n100_r4_s1_06,100,4,1,100,99,1,0,0,"{""count"": 99}",4.74
n100_r4_s1_02,100,4,1,100,80,1,0,0,"{""count"": 80}",4.81
n100_r4_s1_01,100,4,1,100,80,1,0,0,"{""count"": 80}",4.82
n100_r4_s1_05,100,4,1,100,80,1,0,0,"{""count"": 80}",4.80
n100_r4_s1_04,100,4,1,100,80,1,0,0,"{""count"": 80}",4.80
n100_r4_s1_07,100,4,1,100,80,1,0,0,"{""count"": 80}",4.59
n100_r4_s1_08,100,4,1,100,80,1,0,0,"{""count"": 80}",4.57
n100_r4_s1_11,100,4,1,100,80,1,0,0,"{""count"": 80}",4.50
n100_r4_s1_13,100,4,1,100,99,1,0,0,"{""count"": 99}",4.50
n100_r4_s1_10,100,4,1,100,80,1,0,0,"{""count"": 80}",4.52
n100_r4_s1_09,100,4,1,100,99,1,0,0,"{""count"": 99}",4.59
n100_r4_s1_12,100,4,1,100,80,1,0,0,"{""count"": 80}",4.52
n100_r4_s1_14,100,4,1,100,80,1,0,0,"{""count"": 80}",4.52
n100_r4_s2_01,100,4,2,100,80,1,0,0,"{""count"": 80}",4.08
n100_r4_s2_00,100,4,2,100,80,1,0,0,"{""count"": 80}",4.13
n100_r4_s2_05,100,4,2,100,80,1,0,0,"{""count"": 80}",3.82
n100_r4_s2_02,100,4,2,100,80,1,0,0,"{""count"": 80}",3.84
n100_r4_s2_03,100,4,2,100,80,1,0,0,"{""count"": 80}",3.84
n100_r4_s2_04,100,4,2,100,80,1,0,0,"{""count"": 80}",3.83
n100_r4_s2_07,100,4,2,100,80,1,0,0,"{""count"": 80}",3.90
n100_r4_s2_06,100,4,2,100,80,1,0,0,"{""count"": 80}",3.91
n100_r4_s2_08,100,4,2,100,72,1,0,0,"{""count"": 72}",4.31
n100_r4_s2_09,100,4,2,100,80,1,0,0,"{""count"": 80}",4.31
n100_r4_s2_10,100,4,2,100,80,1,0,0,"{""count"": 80}",1.96
n100_r4_s2_12,100,4,2,100,80,1,0,0,"{""count"": 80}",4.00
n100_r4_s2_13,100,4,2,100,80,1,0,0,"{""count"": 80}",4.05
n100_r4_s4_00,100,4,4,100,80,1,0,0,"{""count"": 80}",3.97
n100_r4_s2_14,100,4,2,100,80,1,0,0,"{""count"": 80}",3.98
n100_r4_s2_11,100,4,2,100,80,1,0,0,"{""count"": 80}",4.06
n100_r4_s4_01,100,4,4,100,80,1,0,0,"{""count"": 80}",4.00
n100_r4_s4_03,100,4,4,100,80,1,0,0,"{""count"": 80}",3.94
n100_r4_s4_02,100,4,4,100,80,1,0,0,"{""count"": 80}",4.00
n100_r4_s4_04,100,4,4,100,70,1,0,0,"{""count"": 70}",1.96
n100_r4_s4_08,100,4,4,100,80,1,0,0,"{""count"": 80}",3.70
n100_r4_s4_07,100,4,4,100,80,1,0,0,"{""count"": 80}",3.71
n100_r4_s4_05,100,4,4,100,80,1,0,0,"{""count"": 80}",3.72
n100_r4_s4_06,100,4,4,100,80,1,0,0,"{""count"": 80}",3.72
n100_r4_s4_09,100,4,4,100,80,1,0,0,"{""count"": 80}",1.93
n100_r4_s4_11,100,4,4,100,80,1,0,0,"{""count"": 80}",3.63
n100_r4_s4_10,100,4,4,100,80,1,0,0,"{""count"": 80}",3.65
n100_r4_s4_12,100,4,4,100,80,1,0,0,"{""count"": 80}",3.59
n100_r4_s4_13,100,4,4,100,80,1,0,0,"{""count"": 80}",1.84
n100_r4_s8_01,100,4,8,100,80,1,0,0,"{""count"": 80}",3.84
n100_r4_s8_02,100,4,8,100,80,1,0,0,"{""count"": 80}",3.79
n100_r4_s8_00,100,4,8,100,99,1,0,0,"{""count"": 99}",3.85
n100_r4_s4_14,100,4,4,100,75,1,0,0,"{""count"": 75}",3.86
n100_r4_s8_03,100,4,8,100,100,1,0,0,"{""count"": 100}",3.26
n100_r4_s8_06,100,4,8,100,99,1,0,0,"{""count"": 99}",3.48
n100_r4_s8_04,100,4,8,100,99,1,0,0,"{""count"": 99}",3.54
n100_r4_s8_05,100,4,8,100,100,1,0,0,"{""count"": 100}",3.60
n100_r4_s8_11,100,4,8,100,80,1,0,0,"{""count"": 80}",2.69
n100_r4_s8_10,100,4,8,100,99,1,0,0,"{""count"": 99}",3.87
n100_r4_s8_09,100,4,8,100,80,1,0,0,"{""count"": 80}",3.88
n100_r4_s8_08,100,4,8,100,80,1,0,0,"{""count"": 80}",3.88
n100_r4_s8_07,100,4,8,100,100,1,0,0,"{""count"": 100}",3.94
n100_r4_s8_12,100,4,8,100,80,1,0,0,"{""count"": 80}",4.93
n100_r4_s8_13,100,4,8,100,99,1,0,0,"{""count"": 99}",4.93
n100_r4_s8_14,100,4,8,100,100,1,0,0,"{""count"": 100}",5.61
n100_r8_s0_01,100,8,0,100,80,1,0,0,"{""count"": 80}",4.93
n100_r8_s0_00,100,8,0,100,100,1,0,0,"{""count"": 100}",5.00
n100_r8_s0_04,100,8,0,100,100,1,0,0,"{""count"": 100}",4.94
n100_r8_s0_02,100,8,0,100,100,1,0,0,"{""count"": 100}",4.99
n100_r8_s0_03,100,8,0,100,100,1,0,0,"{""count"": 100}",5.00
n100_r8_s0_07,100,8,0,100,99,1,0,0,"{""count"": 99}",4.32
n100_r8_s0_06,100,8,0,100,100,1,0,0,"{""count"": 100}",5.07
n100_r8_s0_05,100,8,0,100,100,1,0,0,"{""count"": 100}",5.07
n100_r8_s0_10,100,8,0,100,99,1,0,0,"{""count"": 99}",5.27
n100_r8_s0_08,100,8,0,100,100,1,0,0,"{""count"": 100}",5.34
n100_r8_s0_09,100,8,0,100,100,1,0,0,"{""count"": 100}",5.28
n100_r8_s0_12,100,8,0,100,100,1,0,0,"{""count"": 100}",5.34
n100_r8_s0_11,100,8,0,100,100,1,0,0,"{""count"": 100}",5.34
n100_r8_s1_00,100,8,1,100,99,1,0,0,"{""count"": 99}",4.75
n100_r8_s0_14,100,8,0,100,100,1,0,0,"{""count"": 100}",4.81
n100_r8_s0_13,100,8,0,100,100,1,0,0,"{""count"": 100}",4.82
n100_r8_s1_01,100,8,1,100,88,1,0,0,"{""count"": 88}",4.37
n100_r8_s1_02,100,8,1,100,99,1,0,0,"{""count"": 99}",4.37
n100_r8_s1_03,100,8,1,100,99,1,0,0,"{""count"": 99}",4.37
n100_r8_s1_04,100,8,1,100,99,1,0,0,"{""count"": 99}",4.37
n100_r8_s1_05,100,8,1,100,99,1,0,0,"{""count"": 99}",4.37
n100_r8_s1_07,100,8,1,100,80,1,0,0,"{""count"": 80}",4.39
n100_r8_s1_08,100,8,1,100,80,1,0,0,"{""count"": 80}",4.39
n100_r8_s1_06,100,8,1,100,99,1,0,0,"{""count"": 99}",4.46
n100_r8_s1_09,100,8,1,100,99,1,0,0,"{""count"": 99}",4.40
n100_r8_s1_10,100,8,1,100,99,1,0,0,"{""count"": 99}",4.41
n100_r8_s1_11,100,8,1,100,80,1,0,0,"{""count"": 80}",4.41
n100_r8_s1_13,100,8,1,100,80,1,0,0,"{""count"": 80}",4.40
n100_r8_s1_12,100,8,1,100,100,1,0,0,"{""count"": 100}",5.84
n100_r8_s2_01,100,8,2,100,99,1,0,0,"{""count"": 99}",4.07
n100_r8_s1_14,100,8,1,100,80,1,0,0,"{""count"": 80}",4.08
n100_r8_s2_00,100,8,2,100,80,1,0,0,"{""count"": 80}",4.08
n100_r8_s2_05,100,8,2,100,99,1,0,0,"{""count"": 99}",3.90
n100_r8_s2_02,100,8,2,100,80,1,0,0,"{""count"": 80}",3.96
n100_r8_s2_04,100,8,2,100,72,1,0,0,"{""count"": 72}",3.95
n100_r8_s2_03,100,8,2,100,80,1,0,0,"{""count"": 80}",3.95
n100_r8_s2_06,100,8,2,100,80,1,0,0,"{""count"": 80}",2.52
n100_r8_s2_07,100,8,2,100,80,1,0,0,"{""count"": 80}",3.60
n100_r8_s2_08,100,8,2,100,80,1,0,0,"{""count"": 80}",3.59
n100_r8_s2_09,100,8,2,100,80,1,0,0,"{""count"": 80}",3.59
n100_r8_s2_12,100,8,2,100,80,1,0,0,"{""count"": 80}",3.55
n100_r8_s2_13,100,8,2,100,80,1,0,0,"{""count"": 80}",3.55
n100_r8_s2_14,100,8,2,100,80,1,0,0,"{""count"": 80}",3.49
n100_r8_s2_10,100,8,2,100,80,1,0,0,"{""count"": 80}",3.56
n100_r8_s2_11,100,8,2,100,80,1,0,0,"{""count"": 80}",3.56
n100_r8_s4_01,100,8,4,100,80,1,0,0,"{""count"": 80}",3.55
n100_r8_s4_02,100,8,4,100,80,1,0,0,"{""count"": 80}",3.55
n100_r8_s4_00,100,8,4,100,80,1,0,0,"{""count"": 80}",3.56
n100_r8_s4_07,100,8,4,100,80,1,0,0,"{""count"": 80}",3.57
n100_r8_s4_04,100,8,4,100,70,1,0,0,"{""count"": 70}",3.58
n100_r8_s4_06,100,8,4,100,72,1,0,0,"{""count"": 72}",3.58
n100_r8_s4_03,100,8,4,100,70,1,0,0,"{""count"": 70}",3.59
n100_r8_s4_05,100,8,4,100,72,1,0,0,"{""count"": 72}",3.59
n100_r8_s4_10,100,8,4,100,70,1,0,0,"{""count"": 70}",3.57
n100_r8_s4_08,100,8,4,100,80,1,0,0,"{""count"": 80}",3.59
n100_r8_s4_09,100,8,4,100,72,1,0,0,"{""count"": 72}",3.59
n100_r8_s4_14,100,8,4,100,80,1,0,0,"{""count"": 80}",3.95
n100_r8_s8_00,100,8,8,100,80,1,0,0,"{""count"": 80}",3.95
n100_r8_s4_11,100,8,4,100,72,1,0,0,"{""count"": 72}",3.97
n100_r8_s4_13,100,8,4,100,70,1,0,0,"{""count"": 70}",3.97
n100_r8_s4_12,100,8,4,100,80,1,0,0,"{""count"": 80}",3.97
n100_r8_s8_01,100,8,8,100,80,1,0,0,"{""count"": 80}",4.27
n100_r8_s8_02,100,8,8,100,99,1,0,0,"{""count"": 99}",4.28
n100_r8_s8_03,100,8,8,100,80,1,0,0,"{""count"": 80}",4.28
n100_r8_s8_04,100,8,8,100,80,1,0,0,"{""count"": 80}",1.86
n100_r8_s8_07,100,8,8,100,70,1,0,0,"{""count"": 70}",4.13
n100_r8_s8_06,100,8,8,100,75,1,0,0,"{""count"": 75}",4.13
n100_r8_s8_05,100,8,8,100,80,1,0,0,"{""count"": 80}",4.15
n100_r8_s8_08,100,8,8,100,80,1,0,0,"{""count"": 80}",4.14
n100_r8_s8_12,100,8,8,100,80,1,0,0,"{""count"": 80}",3.44
n100_r8_s8_11,100,8,8,100,80,1,0,0,"{""count"": 80}",3.49
n100_r8_s8_09,100,8,8,100,80,1,0,0,"{""count"": 80}",3.51
n100_r8_s8_10,100,8,8,100,80,1,0,0,"{""count"": 80}",3.50
n100_r8_s8_14,100,8,8,100,80,1,0,0,"{""count"": 80}",3.60
n100_r8_s8_13,100,8,8,100,80,1,0,0,"{""count"": 80}",3.61
n400_r2_s0_01,400,2,0,400,300,1,0,0,"{""count"": 300}",3.94
n400_r2_s0_00,400,2,0,400,300,1,0,0,"{""count"": 300}",3.95
n400_r2_s0_05,400,2,0,400,320,1,0,0,"{""count"": 320}",4.06
n400_r2_s0_04,400,2,0,400,300,1,0,0,"{""count"": 300}",4.06
n400_r2_s0_02,400,2,0,400,300,1,0,0,"{""count"": 300}",4.06
n400_r2_s0_03,400,2,0,400,300,1,0,0,"{""count"": 300}",4.06
n400_r2_s0_08,400,2,0,400,300,1,0,0,"{""count"": 300}",3.73
n400_r2_s0_07,400,2,0,400,300,1,0,0,"{""count"": 300}",4.08
n400_r2_s0_09,400,2,0,400,300,1,0,0,"{""count"": 300}",3.73
n400_r2_s0_06,400,2,0,400,250,1,0,0,"{""count"": 250}",4.08
n400_r2_s0_13,400,2,0,400,300,1,0,0,"{""count"": 300}",3.66
n400_r2_s0_11,400,2,0,400,300,1,0,0,"{""count"": 300}",3.66
n400_r2_s0_12,400,2,0,400,300,1,0,0,"{""count"": 300}",3.66
n400_r2_s0_10,400,2,0,400,300,1,0,0,"{""count"": 300}",3.67
n400_r2_s1_00,400,2,1,400,250,1,0,0,"{""count"": 250}",4.23
n400_r2_s1_01,400,2,1,400,250,1,0,0,"{""count"": 250}",4.23
n400_r2_s1_02,400,2,1,400,250,1,0,0,"{""count"": 250}",4.23
n400_r2_s0_14,400,2,0,400,360,1,0,0,"{""count"": 360}",4.24
n400_r2_s1_05,400,2,1,400,250,1,0,0,"{""count"": 250}",4.03
n400_r2_s1_06,400,2,1,400,250,1,0,0,"{""count"": 250}",4.03
n400_r2_s1_04,400,2,1,400,200,1,0,0,"{""count"": 200}",4.76
n400_r2_s1_03,400,2,1,400,200,1,0,0,"{""count"": 200}",4.76
n400_r2_s1_08,400,2,1,400,256,1,0,0,"{""count"": 256}",4.41
n400_r2_s1_07,400,2,1,400,240,1,0,0,"{""count"": 240}",4.41
n400_r2_s1_09,400,2,1,400,240,1,0,0,"{""count"": 240}",4.41
n400_r2_s1_10,400,2,1,400,200,1,0,0,"{""count"": 200}",4.42
n400_r2_s1_11,400,2,1,400,200,1,0,0,"{""count"": 200}",4.38
n400_r2_s1_13,400,2,1,400,250,1,0,0,"{""count"": 250}",3.64
n400_r2_s1_12,400,2,1,400,250,1,0,0,"{""count"": 250}",4.38
n400_r2_s1_14,400,2,1,400,240,1,0,0,"{""count"": 240}",3.65
n400_r2_s2_01,400,2,2,400,256,1,0,0,"{""count"": 256}",4.27
n400_r2_s2_02,400,2,2,400,250,1,0,0,"{""count"": 250}",4.27
n400_r2_s2_00,400,2,2,400,240,1,0,0,"{""count"": 240}",4.28
n400_r2_s2_03,400,2,2,400,240,1,0,0,"{""count"": 240}",4.27
n400_r2_s2_05,400,2,2,400,250,1,0,0,"{""count"": 250}",4.23
n400_r2_s2_07,400,2,2,400,240,1,0,0,"{""count"": 240}",4.24
n400_r2_s2_06,400,2,2,400,240,1,0,0,"{""count"": 240}",4.24
n400_r2_s2_04,400,2,2,400,250,1,0,0,"{""count"": 250}",4.24
n400_r2_s2_08,400,2,2,400,250,1,0,0,"{""count"": 250}",4.23
n400_r2_s2_09,400,2,2,400,240,1,0,0,"{""count"": 240}",4.24
n400_r2_s2_10,400,2,2,400,240,1,0,0,"{""count"": 240}",4.24
n400_r2_s2_11,400,2,2,400,240,1,0,0,"{""count"": 240}",4.23
n400_r2_s2_13,400,2,2,400,288,1,0,0,"{""count"": 288}",4.57
n400_r2_s4_00,400,2,4,400,240,1,0,0,"{""count"": 240}",4.57
n400_r2_s2_14,400,2,2,400,240,1,0,0,"{""count"": 240}",4.57
n400_r2_s2_12,400,2,2,400,250,1,0,0,"{""count"": 250}",4.58
n400_r2_s4_02,400,2,4,400,250,1,0,0,"{""count"": 250}",4.25
n400_r2_s4_01,400,2,4,400,250,1,0,0,"{""count"": 250}",4.26
n400_r2_s4_04,400,2,4,400,200,1,0,0,"{""count"": 200}",4.25
n400_r2_s4_03,400,2,4,400,250,1,0,0,"{""count"": 250}",4.26
n400_r2_s4_08,400,2,4,400,250,1,0,0,"{""count"": 250}",4.56
n400_r2_s4_05,400,2,4,400,250,1,0,0,"{""count"": 250}",4.57
n400_r2_s4_06,400,2,4,400,250,1,0,0,"{""count"": 250}",4.56
n400_r2_s4_07,400,2,4,400,240,1,0,0,"{""count"": 240}",4.56
n400_r2_s4_09,400,2,4,400,250,1,0,0,"{""count"": 250}",4.29
n400_r2_s4_10,400,2,4,400,250,1,0,0,"{""count"": 250}",4.29
n400_r2_s4_11,400,2,4,400,250,1,0,0,"{""count"": 250}",4.29
n400_r2_s4_12,400,2,4,400,250,1,0,0,"{""count"": 250}",4.29
n400_r2_s8_01,400,2,8,400,0,1,1,0,"{""count"": 0}",3.58
n400_r2_s8_00,400,2,8,400,0,1,1,0,"{""count"": 0}",3.58
n400_r2_s4_14,400,2,4,400,250,1,0,0,"{""count"": 250}",5.24
n400_r2_s4_13,400,2,4,400,256,1,0,0,"{""count"": 256}",5.25
n400_r2_s8_05,400,2,8,400,0,1,1,0,"{""count"": 0}",3.84
n400_r2_s8_02,400,2,8,400,0,1,1,0,"{""count"": 0}",3.85
n400_r2_s8_03,400,2,8,400,0,1,1,0,"{""count"": 0}",3.85
n400_r2_s8_04,400,2,8,400,0,1,1,0,"{""count"": 0}",3.85
n400_r2_s8_08,400,2,8,400,0,1,1,0,"{""count"": 0}",2.74
n400_r2_s8_09,400,2,8,400,0,1,1,0,"{""count"": 0}",2.74
n400_r2_s8_07,400,2,8,400,0,1,1,0,"{""count"": 0}",4.41
n400_r2_s8_06,400,2,8,400,0,1,1,0,"{""count"": 0}",4.41
n400_r2_s8_10,400,2,8,400,0,1,1,0,"{""count"": 0}",4.41
n400_r2_s8_11,400,2,8,400,0,1,1,0,"{""count"": 0}",4.40
n400_r2_s8_13,400,2,8,400,0,1,1,0,"{""count"": 0}",4.41
n400_r2_s8_12,400,2,8,400,0,1,1,0,"{""count"": 0}",4.41
n400_r2_s8_14,400,2,8,400,0,1,1,0,"{""count"": 0}",4.07
n400_r4_s0_02,400,4,0,400,300,1,0,0,"{""count"": 300}",5.09
n400_r4_s0_00,400,4,0,400,300,1,0,0,"{""count"": 300}",5.10
n400_r4_s0_01,400,4,0,400,300,1,0,0,"{""count"": 300}",5.09
n400_r4_s0_06,400,4,0,400,300,1,0,0,"{""count"": 300}",3.65
n400_r4_s0_04,400,4,0,400,300,1,0,0,"{""count"": 300}",3.66
n400_r4_s0_03,400,4,0,400,300,1,0,0,"{""count"": 300}",3.66
n400_r4_s0_05,400,4,0,400,300,1,0,0,"{""count"": 300}",3.65
n400_r4_s0_07,400,4,0,400,300,1,0,0,"{""count"": 300}",2.59
n400_r4_s0_09,400,4,0,400,300,1,0,0,"{""count"": 300}",2.74
n400_r4_s0_08,400,4,0,400,300,1,0,0,"{""count"": 300}",2.74
n400_r4_s0_10,400,4,0,400,300,1,0,0,"{""count"": 300}",2.74
n400_r4_s0_14,400,4,0,400,300,1,0,0,"{""count"": 300}",3.59
n400_r4_s0_13,400,4,0,400,300,1,0,0,"{""count"": 300}",3.59
n400_r4_s1_00,400,4,1,400,256,1,0,0,"{""count"": 256}",3.59
n400_r4_s0_12,400,4,0,400,300,1,0,0,"{""count"": 300}",3.59
n400_r4_s0_11,400,4,0,400,300,1,0,0,"{""count"": 300}",3.60
n400_r4_s1_03,400,4,1,400,256,1,0,0,"{""count"": 256}",3.59
n400_r4_s1_02,400,4,1,400,300,1,0,0,"{""count"": 300}",3.59
n400_r4_s1_01,400,4,1,400,250,1,0,0,"{""count"": 250}",3.59
n400_r4_s1_04,400,4,1,400,240,1,0,0,"{""count"": 240}",3.89
n400_r4_s1_08,400,4,1,400,300,1,0,0,"{""count"": 300}",3.89
n400_r4_s1_05,400,4,1,400,250,1,0,0,"{""count"": 250}",3.89
n400_r4_s1_07,400,4,1,400,250,1,0,0,"{""count"": 250}",3.89
n400_r4_s1_06,400,4,1,400,300,1,0,0,"{""count"": 300}",3.89
n400_r4_s1_09,400,4,1,400,250,1,0,0,"{""count"": 250}",2.75
n400_r4_s1_10,400,4,1,400,300,1,0,0,"{""count"": 300}",4.08
n400_r4_s1_11,400,4,1,400,250,1,0,0,"{""count"": 250}",4.08
n400_r4_s2_00,400,4,2,400,200,1,0,0,"{""count"": 200}",3.88
n400_r4_s2_01,400,4,2,400,240,1,0,0,"{""count"": 240}",3.88
n400_r4_s1_14,400,4,1,400,300,1,0,0,"{""count"": 300}",3.88
n400_r4_s2_02,400,4,2,400,240,1,0,0,"{""count"": 240}",3.83
n400_r4_s1_12,400,4,1,400,250,1,0,0,"{""count"": 250}",3.88
n400_r4_s1_13,400,4,1,400,300,1,0,0,"{""count"": 300}",3.89
n400_r4_s2_03,400,4,2,400,240,1,0,0,"{""count"": 240}",3.67
n400_r4_s2_04,400,4,2,400,240,1,0,0,"{""count"": 240}",3.66
n400_r4_s2_08,400,4,2,400,288,1,0,0,"{""count"": 288}",3.85
n400_r4_s2_06,400,4,2,400,240,1,0,0,"{""count"": 240}",3.86
n400_r4_s2_09,400,4,2,400,240,1,0,0,"{""count"": 240}",3.85
n400_r4_s2_10,400,4,2,400,200,1,0,0,"{""count"": 200}",3.85
n400_r4_s2_05,400,4,2,400,256,1,0,0,"{""count"": 256}",3.86
n400_r4_s2_07,400,4,2,400,200,1,0,0,"{""count"": 200}",3.86
n400_r4_s2_11,400,4,2,400,240,1,0,0,"{""count"": 240}",3.86
n400_r4_s2_12,400,4,2,400,250,1,0,0,"{""count"": 250}",3.86
n400_r4_s4_03,400,4,4,400,240,1,0,0,"{""count"": 240}",3.85
n400_r4_s4_00,400,4,4,400,250,1,0,0,"{""count"": 250}",3.86
n400_r4_s4_02,400,4,4,400,200,1,0,0,"{""count"": 200}",3.86
n400_r4_s4_01,400,4,4,400,256,1,0,0,"{""count"": 256}",3.86
n400_r4_s2_14,400,4,2,400,240,1,0,0,"{""count"": 240}",3.87
n400_r4_s2_13,400,4,2,400,256,1,0,0,"{""count"": 256}",3.87
n400_r4_s4_04,400,4,4,400,200,1,0,0,"{""count"": 200}",4.03
n400_r4_s4_05,400,4,4,400,256,1,0,0,"{""count"": 256}",4.03
n400_r4_s4_06,400,4,4,400,200,1,0,0,"{""count"": 200}",4.03
n400_r4_s4_10,400,4,4,400,200,1,0,0,"{""count"": 200}",4.02
n400_r4_s4_08,400,4,4,400,200,1,0,0,"{""count"": 200}",4.02
n400_r4_s4_09,400,4,4,400,240,1,0,0,"{""count"": 240}",4.02
n400_r4_s4_11,400,4,4,400,200,1,0,0,"{""count"": 200}",4.02
n400_r4_s4_07,400,4,4,400,200,1,0,0,"{""count"": 200}",4.03
n400_r4_s4_12,400,4,4,400,256,1,0,0,"{""count"": 256}",3.86
n400_r4_s4_13,400,4,4,400,200,1,0,0,"{""count"": 200}",3.86
n400_r4_s8_02,400,4,8,400,0,1,1,0,"{""count"": 0}",3.77
n400_r4_s8_04,400,4,8,400,0,1,1,0,"{""count"": 0}",3.77
n400_r4_s8_00,400,4,8,400,0,1,1,0,"{""count"": 0}",3.77
n400_r4_s8_01,400,4,8,400,0,1,1,0,"{""count"": 0}",3.77
n400_r4_s8_03,400,4,8,400,0,1,1,0,"{""count"": 0}",3.77
n400_r4_s4_14,400,4,4,400,200,1,0,0,"{""count"": 200}",5.09
n400_r4_s8_06,400,4,8,400,0,1,1,0,"{""count"": 0}",4.76
n400_r4_s8_05,400,4,8,400,0,1,1,0,"{""count"": 0}",4.77
n400_r4_s8_10,400,4,8,400,0,1,1,0,"{""count"": 0}",4.85
n400_r4_s8_07,400,4,8,400,0,1,1,0,"{""count"": 0}",4.85
n400_r4_s8_08,400,4,8,400,0,1,1,0,"{""count"": 0}",4.85
n400_r4_s8_09,400,4,8,400,0,1,1,0,"{""count"": 0}",4.85
n400_r4_s8_11,400,4,8,400,0,1,1,0,"{""count"": 0}",4.86
n400_r4_s8_12,400,4,8,400,0,1,1,0,"{""count"": 0}",4.31
n400_r4_s8_14,400,4,8,400,0,1,1,0,"{""count"": 0}",4.45
n400_r4_s8_13,400,4,8,400,0,1,1,0,"{""count"": 0}",4.45
n400_r8_s0_02,400,8,0,400,300,1,0,0,"{""count"": 300}",4.57
n400_r8_s0_01,400,8,0,400,300,1,0,0,"{""count"": 300}",4.57
n400_r8_s0_03,400,8,0,400,300,1,0,0,"{""count"": 300}",4.98
n400_r8_s0_00,400,8,0,400,300,1,0,0,"{""count"": 300}",5.39
n400_r8_s0_05,400,8,0,400,300,1,0,0,"{""count"": 300}",4.62
n400_r8_s0_04,400,8,0,400,300,1,0,0,"{""count"": 300}",5.40
n400_r8_s0_06,400,8,0,400,300,1,0,0,"{""count"": 300}",5.00
n400_r8_s0_07,400,8,0,400,300,1,0,0,"{""count"": 300}",5.09
n400_r8_s0_11,400,8,0,400,300,1,0,0,"{""count"": 300}",4.23
n400_r8_s0_13,400,8,0,400,300,1,0,0,"{""count"": 300}",4.23
n400_r8_s0_12,400,8,0,400,300,1,0,0,"{""count"": 300}",4.23
n400_r8_s0_09,400,8,0,400,300,1,0,0,"{""count"": 300}",5.07
n400_r8_s0_10,400,8,0,400,300,1,0,0,"{""count"": 300}",4.66
n400_r8_s0_08,400,8,0,400,300,1,0,0,"{""count"": 300}",5.07
n400_r8_s0_14,400,8,0,400,300,1,0,0,"{""count"": 300}",4.59
n400_r8_s1_00,400,8,1,400,300,1,0,0,"{""count"": 300}",4.50
n400_r8_s1_04,400,8,1,400,300,1,0,0,"{""count"": 300}",4.20
n400_r8_s1_01,400,8,1,400,300,1,0,0,"{""count"": 300}",4.22
n400_r8_s1_02,400,8,1,400,300,1,0,0,"{""count"": 300}",4.21
n400_r8_s1_06,400,8,1,400,300,1,0,0,"{""count"": 300}",4.20
n400_r8_s1_03,400,8,1,400,300,1,0,0,"{""count"": 300}",4.21
n400_r8_s1_05,400,8,1,400,300,1,0,0,"{""count"": 300}",4.21
n400_r8_s1_08,400,8,1,400,300,1,0,0,"{""count"": 300}",3.66
n400_r8_s1_07,400,8,1,400,300,1,0,0,"{""count"": 300}",3.67
n400_r8_s1_11,400,8,1,400,300,1,0,0,"{""count"": 300}",3.86
n400_r8_s1_13,400,8,1,400,300,1,0,0,"{""count"": 300}",3.86
n400_r8_s1_10,400,8,1,400,300,1,0,0,"{""count"": 300}",3.86
n400_r8_s1_14,400,8,1,400,300,1,0,0,"{""count"": 300}",3.85
n400_r8_s1_09,400,8,1,400,300,1,0,0,"{""count"": 300}",3.87
n400_r8_s1_12,400,8,1,400,300,1,0,0,"{""count"": 300}",3.87
n400_r8_s2_00,400,8,2,400,240,1,0,0,"{""count"": 240}",4.07
n400_r8_s2_01,400,8,2,400,240,1,0,0,"{""count"": 240}",4.06
n400_r8_s2_05,400,8,2,400,300,1,0,0,"{""count"": 300}",3.78
n400_r8_s2_02,400,8,2,400,250,1,0,0,"{""count"": 250}",3.79
n400_r8_s2_04,400,8,2,400,250,1,0,0,"{""count"": 250}",3.79
n400_r8_s2_03,400,8,2,400,250,1,0,0,"{""count"": 250}",3.79
n400_r8_s2_07,400,8,2,400,250,1,0,0,"{""count"": 250}",3.79
n400_r8_s2_06,400,8,2,400,250,1,0,0,"{""count"": 250}",3.79
n400_r8_s2_08,400,8,2,400,250,1,0,0,"{""count"": 250}",3.58
n400_r8_s2_09,400,8,2,400,240,1,0,0,"{""count"": 240}",3.58
n400_r8_s2_13,400,8,2,400,288,1,0,0,"{""count"": 288}",3.86
n400_r8_s4_00,400,8,4,400,200,1,0,0,"{""count"": 200}",3.85
n400_r8_s2_12,400,8,2,400,250,1,0,0,"{""count"": 250}",3.86
n400_r8_s2_10,400,8,2,400,250,1,0,0,"{""count"": 250}",3.86
n400_r8_s2_11,400,8,2,400,250,1,0,0,"{""count"": 250}",3.86
n400_r8_s2_14,400,8,2,400,250,1,0,0,"{""count"": 250}",3.86
n400_r8_s4_02,400,8,4,400,200,1,0,0,"{""count"": 200}",4.20
n400_r8_s4_01,400,8,4,400,200,1,0,0,"{""count"": 200}",4.20
n400_r8_s4_06,400,8,4,400,240,1,0,0,"{""count"": 240}",3.91
n400_r8_s4_03,400,8,4,400,250,1,0,0,"{""count"": 250}",3.91
n400_r8_s4_07,400,8,4,400,200,1,0,0,"{""count"": 200}",3.91
n400_r8_s4_04,400,8,4,400,200,1,0,0,"{""count"": 200}",3.91
n400_r8_s4_08,400,8,4,400,250,1,0,0,"{""count"": 250}",3.91
n400_r8_s4_05,400,8,4,400,200,1,0,0,"{""count"": 200}",3.91
n400_r8_s4_10,400,8,4,400,250,1,0,0,"{""count"": 250}",3.69
n400_r8_s4_09,400,8,4,400,250,1,0,0,"{""count"": 250}",3.69
n400_r8_s8_00,400,8,8,400,250,1,0,0,"{""count"": 250}",3.97
n400_r8_s4_12,400,8,4,400,250,1,0,0,"{""count"": 250}",3.97
n400_r8_s4_13,400,8,4,400,200,1,0,0,"{""count"": 200}",3.97
n400_r8_s4_14,400,8,4,400,200,1,0,0,"{""count"": 200}",3.97
n400_r8_s8_01,400,8,8,400,250,1,0,0,"{""count"": 250}",3.97
n400_r8_s4_11,400,8,4,400,200,1,0,0,"{""count"": 200}",3.98
n400_r8_s8_03,400,8,8,400,250,1,0,0,"{""count"": 250}",3.87
n400_r8_s8_02,400,8,8,400,250,1,0,0,"{""count"": 250}",3.88
n400_r8_s8_05,400,8,8,400,250,1,0,0,"{""count"": 250}",3.88
n400_r8_s8_06,400,8,8,400,250,1,0,0,"{""count"": 250}",3.88
n400_r8_s8_07,400,8,8,400,250,1,0,0,"{""count"": 250}",3.88
n400_r8_s8_08,400,8,8,400,250,1,0,0,"{""count"": 250}",3.88
n400_r8_s8_09,400,8,8,400,200,1,0,0,"{""count"": 200}",3.88
n400_r8_s8_04,400,8,8,400,250,1,0,0,"{""count"": 250}",3.88
n400_r8_s8_10,400,8,8,400,250,1,0,0,"{""count"": 250}",4.05
n400_r8_s8_11,400,8,8,400,300,1,0,0,"{""count"": 300}",4.05
n400_r8_s8_12,400,8,8,400,0,1,1,0,"{""count"": 0}",3.95
n400_r8_s8_14,400,8,8,400,250,1,0,0,"{""count"": 250}",4.05
n400_r8_s8_13,400,8,8,400,300,1,0,0,"{""count"": 300}",4.05
n800_r2_s0_01,800,2,0,800,1000,1,0,0,"{""count"": 1000}",4.10
n800_r2_s0_02,800,2,0,800,1000,1,0,0,"{""count"": 1000}",4.10
n800_r2_s0_00,800,2,0,800,1000,1,0,0,"{""count"": 1000}",4.11
n800_r2_s0_03,800,2,0,800,1000,1,0,0,"{""count"": 1000}",4.09
n800_r2_s0_04,800,2,0,800,1000,1,0,0,"{""count"": 1000}",4.10
n800_r2_s0_05,800,2,0,800,1000,1,0,0,"{""count"": 1000}",4.19
n800_r2_s0_07,800,2,0,800,1000,1,0,0,"{""count"": 1000}",4.15
n800_r2_s0_09,800,2,0,800,1000,1,0,0,"{""count"": 1000}",4.09
n800_r2_s0_10,800,2,0,800,1000,1,0,0,"{""count"": 1000}",4.09
n800_r2_s0_08,800,2,0,800,1000,1,0,0,"{""count"": 1000}",4.10
n800_r2_s0_06,800,2,0,800,1000,1,0,0,"{""count"": 1000}",4.15
n800_r2_s0_11,800,2,0,800,1000,1,0,0,"{""count"": 1000}",3.95
n800_r2_s0_12,800,2,0,800,1000,1,0,0,"{""count"": 1000}",3.95
n800_r2_s1_00,800,2,1,800,499,1,0,0,"{""count"": 499}",3.90
n800_r2_s1_03,800,2,1,800,400,1,0,0,"{""count"": 400}",3.90
n800_r2_s1_02,800,2,1,800,499,1,0,0,"{""count"": 499}",3.90
n800_r2_s1_01,800,2,1,800,360,1,0,0,"{""count"": 360}",3.90
n800_r2_s0_13,800,2,0,800,1000,1,0,0,"{""count"": 1000}",4.01
n800_r2_s0_14,800,2,0,800,1000,1,0,0,"{""count"": 1000}",3.96
n800_r2_s1_05,800,2,1,800,499,1,0,0,"{""count"": 499}",4.40
n800_r2_s1_04,800,2,1,800,360,1,0,0,"{""count"": 360}",4.40
n800_r2_s1_06,800,2,1,800,360,1,0,0,"{""count"": 360}",4.47
n800_r2_s1_08,800,2,1,800,360,1,0,0,"{""count"": 360}",4.47
n800_r2_s1_07,800,2,1,800,499,1,0,0,"{""count"": 499}",4.47
n800_r2_s1_09,800,2,1,800,400,1,0,0,"{""count"": 400}",4.47
n800_r2_s1_10,800,2,1,800,360,1,0,0,"{""count"": 360}",4.47
n800_r2_s1_11,800,2,1,800,400,1,0,0,"{""count"": 400}",4.46
n800_r2_s1_12,800,2,1,800,400,1,0,0,"{""count"": 400}",4.58
n800_r2_s1_13,800,2,1,800,400,1,0,0,"{""count"": 400}",4.58
n800_r2_s2_00,800,2,2,800,499,1,0,0,"{""count"": 499}",4.68
n800_r2_s2_03,800,2,2,800,400,1,0,0,"{""count"": 400}",4.63
n800_r2_s1_14,800,2,1,800,400,1,0,0,"{""count"": 400}",4.69
n800_r2_s2_04,800,2,2,800,400,1,0,0,"{""count"": 400}",4.63
n800_r2_s2_01,800,2,2,800,256,1,0,0,"{""count"": 256}",4.68
n800_r2_s2_02,800,2,2,800,360,1,0,0,"{""count"": 360}",4.69
n800_r2_s2_06,800,2,2,800,400,1,0,0,"{""count"": 400}",5.13
n800_r2_s2_05,800,2,2,800,250,1,0,0,"{""count"": 250}",5.14
n800_r2_s2_12,800,2,2,800,400,1,0,0,"{""count"": 400}",5.06
n800_r2_s2_09,800,2,2,800,499,1,0,0,"{""count"": 499}",5.07
n800_r2_s2_11,800,2,2,800,400,1,0,0,"{""count"": 400}",5.07
n800_r2_s2_10,800,2,2,800,400,1,0,0,"{""count"": 400}",5.08
n800_r2_s2_07,800,2,2,800,400,1,0,0,"{""count"": 400}",5.08
n800_r2_s2_08,800,2,2,800,288,1,0,0,"{""count"": 288}",5.08
n800_r2_s2_13,800,2,2,800,288,1,0,0,"{""count"": 288}",4.93
n800_r2_s2_14,800,2,2,800,360,1,0,0,"{""count"": 360}",4.92
n800_r2_s4_04,800,2,4,800,0,1,1,0,"{""count"": 0}",4.76
n800_r2_s4_03,800,2,4,800,0,1,1,0,"{""count"": 0}",4.76
n800_r2_s4_00,800,2,4,800,0,1,1,0,"{""count"": 0}",4.78
n800_r2_s4_05,800,2,4,800,0,1,1,0,"{""count"": 0}",4.77
n800_r2_s4_02,800,2,4,800,0,1,1,0,"{""count"": 0}",4.78
n800_r2_s4_01,800,2,4,800,0,1,1,0,"{""count"": 0}",4.79
n800_r2_s4_07,800,2,4,800,0,1,1,0,"{""count"": 0}",4.43
n800_r2_s4_06,800,2,4,800,0,1,1,0,"{""count"": 0}",4.43
n800_r2_s4_11,800,2,4,800,0,1,1,0,"{""count"": 0}",4.49
n800_r2_s4_10,800,2,4,800,0,1,1,0,"{""count"": 0}",4.50
n800_r2_s4_08,800,2,4,800,0,1,1,0,"{""count"": 0}",4.51
n800_r2_s4_09,800,2,4,800,499,1,0,0,"{""count"": 499}",5.24
n800_r2_s4_12,800,2,4,800,0,1,1,0,"{""count"": 0}",5.27
n800_r2_s4_13,800,2,4,800,499,1,0,0,"{""count"": 499}",5.49
n800_r2_s4_14,800,2,4,800,0,1,1,0,"{""count"": 0}",4.73
n800_r2_s8_00,800,2,8,800,0,1,1,0,"{""count"": 0}",4.73
n800_r2_s8_03,800,2,8,800,0,1,1,0,"{""count"": 0}",4.89
n800_r2_s8_02,800,2,8,800,0,1,1,0,"{""count"": 0}",4.89
n800_r2_s8_01,800,2,8,800,0,1,1,0,"{""count"": 0}",4.89
n800_r2_s8_05,800,2,8,800,0,1,1,0,"{""count"": 0}",4.85
n800_r2_s8_04,800,2,8,800,0,1,1,0,"{""count"": 0}",4.90
n800_r2_s8_06,800,2,8,800,0,1,1,0,"{""count"": 0}",4.66
n800_r2_s8_07,800,2,8,800,0,1,1,0,"{""count"": 0}",5.33
n800_r2_s8_08,800,2,8,800,0,1,1,0,"{""count"": 0}",5.33
n800_r2_s8_10,800,2,8,800,0,1,1,0,"{""count"": 0}",5.19
n800_r2_s8_09,800,2,8,800,0,1,1,0,"{""count"": 0}",5.19
n800_r2_s8_11,800,2,8,800,0,1,1,0,"{""count"": 0}",5.20
n800_r2_s8_12,800,2,8,800,0,1,1,0,"{""count"": 0}",4.53
n800_r2_s8_13,800,2,8,800,0,1,1,0,"{""count"": 0}",5.56
n800_r2_s8_14,800,2,8,800,0,1,1,0,"{""count"": 0}",5.88
n800_r4_s0_00,800,4,0,800,500,1,0,0,"{""count"": 500}",5.27
n800_r4_s0_01,800,4,0,800,1000,1,0,0,"{""count"": 1000}",5.32
n800_r4_s0_04,800,4,0,800,1000,1,0,0,"{""count"": 1000}",5.32
n800_r4_s0_02,800,4,0,800,1000,1,0,0,"{""count"": 1000}",5.32
n800_r4_s0_03,800,4,0,800,1000,1,0,0,"{""count"": 1000}",5.33
n800_r4_s0_05,800,4,0,800,1000,1,0,0,"{""count"": 1000}",5.98
n800_r4_s0_06,800,4,0,800,1000,1,0,0,"{""count"": 1000}",4.95
n800_r4_s0_07,800,4,0,800,1000,1,0,0,"{""count"": 1000}",5.51
n800_r4_s0_09,800,4,0,800,1000,1,0,0,"{""count"": 1000}",5.14
n800_r4_s0_08,800,4,0,800,1000,1,0,0,"{""count"": 1000}",5.19
n800_r4_s0_13,800,4,0,800,1000,1,0,0,"{""count"": 1000}",4.84
n800_r4_s0_14,800,4,0,800,1000,1,0,0,"{""count"": 1000}",4.83
n800_r4_s0_10,800,4,0,800,1000,1,0,0,"{""count"": 1000}",5.57
n800_r4_s0_12,800,4,0,800,1000,1,0,0,"{""count"": 1000}",5.57
n800_r4_s0_11,800,4,0,800,1000,1,0,0,"{""count"": 1000}",5.57
n800_r4_s1_00,800,4,1,800,499,1,0,0,"{""count"": 499}",5.31
n800_r4_s1_01,800,4,1,800,499,1,0,0,"{""count"": 499}",6.04
n800_r4_s1_02,800,4,1,800,500,1,0,0,"{""count"": 500}",6.04
n800_r4_s1_03,800,4,1,800,499,1,0,0,"{""count"": 499}",5.67
n800_r4_s1_06,800,4,1,800,499,1,0,0,"{""count"": 499}",5.67
n800_r4_s1_04,800,4,1,800,499,1,0,0,"{""count"": 499}",5.68
n800_r4_s1_05,800,4,1,800,500,1,0,0,"{""count"": 500}",5.68
n800_r4_s1_07,800,4,1,800,500,1,0,0,"{""count"": 500}",5.68
n800_r4_s1_08,800,4,1,800,499,1,0,0,"{""count"": 499}",6.10
n800_r4_s1_09,800,4,1,800,500,1,0,0,"{""count"": 500}",5.36
n800_r4_s1_10,800,4,1,800,499,1,0,0,"{""count"": 499}",5.36
n800_r4_s1_13,800,4,1,800,500,1,0,0,"{""count"": 500}",6.23
n800_r4_s1_11,800,4,1,800,500,1,0,0,"{""count"": 500}",6.23
n800_r4_s1_12,800,4,1,800,499,1,0,0,"{""count"": 499}",6.23
n800_r4_s2_00,800,4,2,800,360,1,0,0,"{""count"": 360}",6.22
n800_r4_s1_14,800,4,1,800,500,1,0,0,"{""count"": 500}",7.89
n800_r4_s2_01,800,4,2,800,400,1,0,0,"{""count"": 400}",6.12
n800_r4_s2_02,800,4,2,800,360,1,0,0,"{""count"": 360}",6.49
n800_r4_s2_03,800,4,2,800,360,1,0,0,"{""count"": 360}",6.49
n800_r4_s2_05,800,4,2,800,400,1,0,0,"{""count"": 400}",6.23
n800_r4_s2_07,800,4,2,800,360,1,0,0,"{""count"": 360}",6.23
n800_r4_s2_04,800,4,2,800,360,1,0,0,"{""count"": 360}",7.14
n800_r4_s2_06,800,4,2,800,499,1,0,0,"{""count"": 499}",7.20
n800_r4_s2_09,800,4,2,800,360,1,0,0,"{""count"": 360}",6.30
n800_r4_s2_08,800,4,2,800,400,1,0,0,"{""count"": 400}",6.35
n800_r4_s2_10,800,4,2,800,360,1,0,0,"{""count"": 360}",6.62
n800_r4_s2_11,800,4,2,800,360,1,0,0,"{""count"": 360}",6.62
n800_r4_s2_12,800,4,2,800,400,1,0,0,"{""count"": 400}",6.58
n800_r4_s2_13,800,4,2,800,400,1,0,0,"{""count"": 400}",6.58
n800_r4_s2_14,800,4,2,800,400,1,0,0,"{""count"": 400}",7.06
n800_r4_s4_00,800,4,4,800,360,1,0,0,"{""count"": 360}",7.43
n800_r4_s4_01,800,4,4,800,360,1,0,0,"{""count"": 360}",7.10
n800_r4_s4_02,800,4,4,800,400,1,0,0,"{""count"": 400}",7.10
n800_r4_s4_03,800,4,4,800,499,1,0,0,"{""count"": 499}",7.01
n800_r4_s4_04,800,4,4,800,499,1,0,0,"{""count"": 499}",7.01
n800_r4_s4_05,800,4,4,800,499,1,0,0,"{""count"": 499}",7.59
n800_r4_s4_06,800,4,4,800,399,1,0,0,"{""count"": 399}",7.65
n800_r4_s4_07,800,4,4,800,400,1,0,0,"{""count"": 400}",6.62
n800_r4_s4_08,800,4,4,800,360,1,0,0,"{""count"": 360}",7.55
n800_r4_s4_09,800,4,4,800,400,1,0,0,"{""count"": 400}",7.66
n800_r4_s4_11,800,4,4,800,499,1,0,0,"{""count"": 499}",6.68
n800_r4_s4_12,800,4,4,800,400,1,0,0,"{""count"": 400}",6.68
n800_r4_s4_10,800,4,4,800,400,1,0,0,"{""count"": 400}",8.00
n800_r4_s4_13,800,4,4,800,499,1,0,0,"{""count"": 499}",7.54
n800_r4_s4_14,800,4,4,800,400,1,0,0,"{""count"": 400}",7.48
n800_r4_s8_00,800,4,8,800,0,1,1,0,"{""count"": 0}",7.85
n800_r4_s8_01,800,4,8,800,0,1,1,0,"{""count"": 0}",6.91
n800_r4_s8_03,800,4,8,800,0,1,1,0,"{""count"": 0}",7.21
n800_r4_s8_04,800,4,8,800,0,1,1,0,"{""count"": 0}",7.21
n800_r4_s8_05,800,4,8,800,0,1,1,0,"{""count"": 0}",7.21
n800_r4_s8_02,800,4,8,800,0,1,1,0,"{""count"": 0}",7.56
n800_r4_s8_06,800,4,8,800,0,1,1,0,"{""count"": 0}",7.02
n800_r4_s8_07,800,4,8,800,0,1,1,0,"{""count"": 0}",7.02
n800_r4_s8_08,800,4,8,800,0,1,1,0,"{""count"": 0}",7.30
n800_r4_s8_09,800,4,8,800,0,1,1,0,"{""count"": 0}",7.42
n800_r4_s8_11,800,4,8,800,0,1,1,0,"{""count"": 0}",6.91
n800_r4_s8_10,800,4,8,800,0,1,1,0,"{""count"": 0}",8.03
n800_r4_s8_12,800,4,8,800,0,1,1,0,"{""count"": 0}",8.03
n800_r4_s8_13,800,4,8,800,0,1,1,0,"{""count"": 0}",8.04
n800_r4_s8_14,800,4,8,800,0,1,1,0,"{""count"": 0}",7.29
n800_r8_s0_00,800,8,0,800,1000,1,0,0,"{""count"": 1000}",7.92
n800_r8_s0_01,800,8,0,800,1000,1,0,0,"{""count"": 1000}",8.03
n800_r8_s0_02,800,8,0,800,1000,1,0,0,"{""count"": 1000}",8.26
n800_r8_s0_03,800,8,0,800,1000,1,0,0,"{""count"": 1000}",8.32
n800_r8_s0_04,800,8,0,800,1000,1,0,0,"{""count"": 1000}",8.02
n800_r8_s0_05,800,8,0,800,1000,1,0,0,"{""count"": 1000}",8.02
n800_r8_s0_06,800,8,0,800,1000,1,0,0,"{""count"": 1000}",8.02
n800_r8_s0_07,800,8,0,800,1000,1,0,0,"{""count"": 1000}",8.76
n800_r8_s0_08,800,8,0,800,1000,1,0,0,"{""count"": 1000}",8.17
n800_r8_s0_09,800,8,0,800,1000,1,0,0,"{""count"": 1000}",8.02
n800_r8_s0_10,800,8,0,800,1000,1,0,0,"{""count"": 1000}",8.17
n800_r8_s0_11,800,8,0,800,1000,1,0,0,"{""count"": 1000}",7.43
n800_r8_s0_13,800,8,0,800,1000,1,0,0,"{""count"": 1000}",8.00
n800_r8_s0_12,800,8,0,800,1000,1,0,0,"{""count"": 1000}",8.00
n800_r8_s0_14,800,8,0,800,1000,1,0,0,"{""count"": 1000}",8.00
n800_r8_s1_00,800,8,1,800,999,1,0,0,"{""count"": 999}",8.06
n800_r8_s1_01,800,8,1,800,1000,1,0,0,"{""count"": 1000}",8.06
n800_r8_s1_02,800,8,1,800,1000,1,0,0,"{""count"": 1000}",8.83
n800_r8_s1_03,800,8,1,800,999,1,0,0,"{""count"": 999}",8.05
n800_r8_s1_04,800,8,1,800,500,1,0,0,"{""count"": 500}",8.62
n800_r8_s1_05,800,8,1,800,1000,1,0,0,"{""count"": 1000}",8.44
n800_r8_s1_06,800,8,1,800,500,1,0,0,"{""count"": 500}",9.19
n800_r8_s1_07,800,8,1,800,1000,1,0,0,"{""count"": 1000}",9.18
n800_r8_s1_08,800,8,1,800,999,1,0,0,"{""count"": 999}",8.13
n800_r8_s1_09,800,8,1,800,1000,1,0,0,"{""count"": 1000}",9.55
n800_r8_s1_10,800,8,1,800,1000,1,0,0,"{""count"": 1000}",8.57
n800_r8_s1_11,800,8,1,800,1000,1,0,0,"{""count"": 1000}",9.15
n800_r8_s1_12,800,8,1,800,1000,1,0,0,"{""count"": 1000}",9.21
n800_r8_s1_13,800,8,1,800,999,1,0,0,"{""count"": 999}",9.42
n800_r8_s1_14,800,8,1,800,999,1,0,0,"{""count"": 999}",9.08
n800_r8_s2_00,800,8,2,800,499,1,0,0,"{""count"": 499}",9.14
n800_r8_s2_01,800,8,2,800,500,1,0,0,"{""count"": 500}",8.57
n800_r8_s2_02,800,8,2,800,499,1,0,0,"{""count"": 499}",9.25
n800_r8_s2_03,800,8,2,800,499,1,0,0,"{""count"": 499}",8.86
n800_r8_s2_04,800,8,2,800,499,1,0,0,"{""count"": 499}",8.84
n800_r8_s2_05,800,8,2,800,500,1,0,0,"{""count"": 500}",9.10
n800_r8_s2_06,800,8,2,800,500,1,0,0,"{""count"": 500}",8.59
n800_r8_s2_07,800,8,2,800,999,1,0,0,"{""count"": 999}",8.55
n800_r8_s2_08,800,8,2,800,500,1,0,0,"{""count"": 500}",9.17
n800_r8_s2_09,800,8,2,800,499,1,0,0,"{""count"": 499}",8.80
n800_r8_s2_10,800,8,2,800,499,1,0,0,"{""count"": 499}",9.23
n800_r8_s2_11,800,8,2,800,500,1,0,0,"{""count"": 500}",8.94
n800_r8_s2_12,800,8,2,800,500,1,0,0,"{""count"": 500}",9.45
n800_r8_s2_13,800,8,2,800,999,1,0,0,"{""count"": 999}",8.50
n800_r8_s2_14,800,8,2,800,499,1,0,0,"{""count"": 499}",8.92
n800_r8_s4_00,800,8,4,800,499,1,0,0,"{""count"": 499}",10.06
n800_r8_s4_01,800,8,4,800,1000,1,0,0,"{""count"": 1000}",9.80
n800_r8_s4_02,800,8,4,800,360,1,0,0,"{""count"": 360}",9.36
n800_r8_s4_03,800,8,4,800,500,1,0,0,"{""count"": 500}",8.72
n800_r8_s4_04,800,8,4,800,360,1,0,0,"{""count"": 360}",9.66
n800_r8_s4_05,800,8,4,800,400,1,0,0,"{""count"": 400}",9.54
n800_r8_s4_06,800,8,4,800,499,1,0,0,"{""count"": 499}",10.05
n800_r8_s4_07,800,8,4,800,499,1,0,0,"{""count"": 499}",9.07
n800_r8_s4_08,800,8,4,800,360,1,0,0,"{""count"": 360}",8.65
n800_r8_s4_09,800,8,4,800,400,1,0,0,"{""count"": 400}",9.44
n800_r8_s4_10,800,8,4,800,499,1,0,0,"{""count"": 499}",8.96
n800_r8_s4_11,800,8,4,800,1000,1,0,0,"{""count"": 1000}",9.00
n800_r8_s4_12,800,8,4,800,400,1,0,0,"{""count"": 400}",8.36
n800_r8_s4_13,800,8,4,800,399,1,0,0,"{""count"": 399}",8.83
n800_r8_s8_00,800,8,8,800,0,1,1,0,"{""count"": 0}",7.96
n800_r8_s4_14,800,8,4,800,400,1,0,0,"{""count"": 400}",9.38
n800_r8_s8_01,800,8,8,800,0,1,1,0,"{""count"": 0}",9.38
n800_r8_s8_02,800,8,8,800,0,1,1,0,"{""count"": 0}",8.60
n800_r8_s8_03,800,8,8,800,0,1,1,0,"{""count"": 0}",9.04
n800_r8_s8_05,800,8,8,800,0,1,1,0,"{""count"": 0}",8.63
n800_r8_s8_04,800,8,8,800,0,1,1,0,"{""count"": 0}",9.00
n800_r8_s8_06,800,8,8,800,0,1,1,0,"{""count"": 0}",8.86
n800_r8_s8_07,800,8,8,800,0,1,1,0,"{""count"": 0}",9.56
n800_r8_s8_08,800,8,8,800,0,1,1,0,"{""count"": 0}",8.56
n800_r8_s8_09,800,8,8,800,0,1,1,0,"{""count"": 0}",7.81
n800_r8_s8_10,800,8,8,800,0,1,1,0,"{""count"": 0}",7.78
n800_r8_s8_11,800,8,8,800,0,1,1,0,"{""count"": 0}",6.62
n800_r8_s8_12,800,8,8,800,0,1,1,0,"{""count"": 0}",6.74
n800_r8_s8_13,800,8,8,800,0,1,1,0,"{""count"": 0}",6.74
n800_r8_s8_14,800,8,8,800,0,1,1,0,"{""count"": 0}",5.60
