item,gt,pred,parse_ok,abstain,raw,latency_s
img_0010,566,0,1,1,"{""count"": 0}",3.31
img_0001,977,0,1,1,"{""count"": 0}",3.45
img_0012,434,0,1,1,"{""count"": 0}",4.04
img_0013,1528,0,1,1,"{""count"": 0}",4.04
img_0026,113,100,1,0,"{""count"": 100}",4.51
img_0022,479,0,1,1,"{""count"": 0}",4.60
img_0007,77,45,1,0,"{""count"": 45}",4.60
img_0011,540,0,1,1,"{""count"": 0}",5.26
img_0006,436,0,1,1,"{""count"": 0}",5.26
img_0003,350,0,1,1,"{""count"": 0}",6.02
img_0031,394,0,1,1,"{""count"": 0}",6.01
img_0028,405,0,1,1,"{""count"": 0}",6.76
img_0017,191,100,1,0,"{""count"": 100}",7.49
img_0032,674,0,1,1,"{""count"": 0}",7.58
img_0002,923,0,1,1,"{""count"": 0}",8.24
img_0030,367,200,1,0,"{""count"": 200}",8.24
img_0016,853,0,1,1,"{""count"": 0}",8.35
img_0025,319,0,1,1,"{""count"": 0}",9.00
img_0024,385,100,1,0,"{""count"": 100}",9.75
img_0019,137,0,1,1,"{""count"": 0}",10.52
img_0015,413,1000,1,0,"{""count"": 1000}",10.63
img_0018,141,100,1,0,"{""count"": 100}",10.63
img_0008,92,45,1,0,"{""count"": 45}",11.29
img_0005,103,100,1,0,"{""count"": 100}",12.06
img_0023,274,0,1,1,"{""count"": 0}",12.17
img_0014,225,100,1,0,"{""count"": 100}",12.17
img_0027,181,100,1,0,"{""count"": 100}",12.82
img_0009,237,100,1,0,"{""count"": 100}",13.60
img_0029,450,300,1,0,"{""count"": 300}",13.70
img_0004,183,100,1,0,"{""count"": 100}",14.37
img_0021,127,100,1,0,"{""count"": 100}",14.47
img_0033,129,40,1,0,"{""count"": 40}",11.83
img_0020,133,100,1,0,"{""count"": 100}",15.13
img_0034,221,15,1,0,"{""count"": 15}",11.80
img_0036,302,30,1,0,"{""count"": 30}",11.87
img_0035,1018,0,1,1,"{""count"": 0}",11.87
img_0037,2530,0,1,1,"{""count"": 0}",11.50
img_0039,88,58,1,0,"{""count"": 58}",12.18
img_0041,960,0,1,1,"{""count"": 0}",12.29
img_0038,297,150,1,0,"{""count"": 150}",12.95
img_0040,201,150,1,0,"{""count"": 150}",12.95
img_0043,155,100,1,0,"{""count"": 100}",12.96
img_0044,169,100,1,0,"{""count"": 100}",12.41
img_0042,130,30,1,0,"{""count"": 30}",13.16
img_0046,177,150,1,0,"{""count"": 150}",12.15
img_0049,2494,0,1,1,"{""count"": 0}",12.05
img_0045,153,100,1,0,"{""count"": 100}",12.90
img_0047,100,50,1,0,"{""count"": 50}",12.16
img_0048,1211,0,1,1,"{""count"": 0}",12.26
img_0054,597,0,1,1,"{""count"": 0}",11.28
img_0053,954,0,1,1,"{""count"": 0}",11.28
img_0050,425,300,1,0,"{""count"": 300}",12.92
img_0051,187,150,1,0,"{""count"": 150}",12.28
img_0052,139,0,1,1,"{""count"": 0}",12.17
img_0058,4535,0,1,1,"{""count"": 0}",11.27
img_0055,361,100,1,0,"{""count"": 100}",12.26
img_0059,452,0,1,1,"{""count"": 0}",11.46
img_0056,194,100,1,0,"{""count"": 100}",12.89
img_0057,687,1000,1,0,"{""count"": 1000}",12.78
img_0060,227,30,1,0,"{""count"": 30}",11.44
img_0062,2638,0,1,1,"{""count"": 0}",11.33
img_0061,236,100,1,0,"{""count"": 100}",12.08
img_0063,1149,0,1,1,"{""count"": 0}",11.32
img_0066,2980,0,1,1,"{""count"": 0}",11.28
img_0065,490,0,1,1,"{""count"": 0}",12.05
img_0064,1357,1000,1,0,"{""count"": 1000}",12.14
img_0068,363,100,1,0,"{""count"": 100}",12.13
img_0067,255,150,1,0,"{""count"": 150}",12.79
img_0072,241,0,1,1,"{""count"": 0}",11.35
img_0069,547,100,1,0,"{""count"": 100}",12.88
img_0070,233,250,1,0,"{""count"": 250}",12.66
img_0071,1236,0,1,1,"{""count"": 0}",11.89
img_0073,481,0,1,1,"{""count"": 0}",11.32
img_0074,704,0,1,1,"{""count"": 0}",11.21
img_0076,489,0,1,1,"{""count"": 0}",11.11
img_0080,347,0,1,1,"{""count"": 0}",11.30
img_0075,253,100,1,0,"{""count"": 100}",12.52
img_0077,203,150,1,0,"{""count"": 150}",12.08
img_0081,121,50,1,0,"{""count"": 50}",11.31
img_0078,1116,0,1,1,"{""count"": 0}",12.08
img_0079,1974,0,1,1,"{""count"": 0}",12.19
img_0082,337,0,1,1,"{""count"": 0}",11.32
img_0084,322,0,1,1,"{""count"": 0}",11.42
img_0083,693,0,1,1,"{""count"": 0}",12.08
img_0087,626,0,1,1,"{""count"": 0}",11.40
img_0085,283,256,1,0,"{""count"": 256}",12.82
img_0088,197,0,1,1,"{""count"": 0}",11.95
img_0086,176,150,1,0,"{""count"": 150}",12.81
img_0089,1557,0,1,1,"{""count"": 0}",11.30
img_0092,645,0,1,1,"{""count"": 0}",11.20
img_0091,636,300,1,0,"{""count"": 300}",12.03
img_0090,792,0,1,1,"{""count"": 0}",12.03
img_0093,1929,0,1,1,"{""count"": 0}",11.48
img_0094,146,150,1,0,"{""count"": 150}",12.66
img_0096,107,78,1,0,"{""count"": 78}",12.00
img_0095,370,100,1,0,"{""count"": 100}",12.72
img_0102,264,0,1,1,"{""count"": 0}",10.47
img_0097,431,100,1,0,"{""count"": 100}",12.19
img_0099,304,100,1,0,"{""count"": 100}",11.84
img_0100,232,100,1,0,"{""count"": 100}",11.19
img_0098,249,100,1,0,"{""count"": 100}",12.61
img_0103,505,0,1,1,"{""count"": 0}",10.44
img_0106,1443,0,1,1,"{""count"": 0}",9.71
img_0104,1387,0,1,1,"{""count"": 0}",11.17
img_0101,175,100,1,0,"{""count"": 100}",11.71
img_0105,166,100,1,0,"{""count"": 100}",11.82
img_0107,335,300,1,0,"{""count"": 300}",11.82
img_0109,441,100,1,0,"{""count"": 100}",10.52
img_0111,157,100,1,0,"{""count"": 100}",11.06
img_0110,460,1024,1,0,"{""count"": 1024}",11.18
img_0112,1166,0,1,1,"{""count"": 0}",10.55
img_0108,188,100,1,0,"{""count"": 100}",11.94
img_0113,1278,0,1,1,"{""count"": 0}",11.08
img_0115,291,200,1,0,"{""count"": 200}",11.06
img_0116,760,0,1,1,"{""count"": 0}",10.51
img_0118,964,0,1,1,"{""count"": 0}",10.31
img_0114,800,1000,1,0,"{""count"": 1000}",12.02
img_0121,150,100,1,0,"{""count"": 100}",10.33
img_0120,763,0,1,1,"{""count"": 0}",10.41
img_0119,723,0,1,1,"{""count"": 0}",10.51
img_0122,499,0,1,1,"{""count"": 0}",10.42
img_0117,737,1024,1,0,"{""count"": 1024}",11.82
img_0125,1256,0,1,1,"{""count"": 0}",10.23
img_0124,757,100,1,0,"{""count"": 100}",10.64
img_0128,811,0,1,1,"{""count"": 0}",9.63
img_0123,485,300,1,0,"{""count"": 300}",11.27
img_0126,305,100,1,0,"{""count"": 100}",10.46
img_0127,408,300,1,0,"{""count"": 300}",11.15
img_0134,152,150,1,0,"{""count"": 150}",9.79
img_0130,456,100,1,0,"{""count"": 100}",10.42
img_0129,311,100,1,0,"{""count"": 100}",11.07
img_0133,944,0,1,1,"{""count"": 0}",10.56
img_0135,314,100,1,0,"{""count"": 100}",10.65
img_0132,294,200,1,0,"{""count"": 200}",11.32
img_0137,751,0,1,1,"{""count"": 0}",10.72
img_0131,475,100,1,0,"{""count"": 100}",12.10
img_0139,428,0,1,1,"{""count"": 0}",10.63
img_0136,652,1000,1,0,"{""count"": 1000}",12.24
img_0143,810,0,1,1,"{""count"": 0}",10.48
img_0138,632,1000,1,0,"{""count"": 1000}",12.16
img_0140,398,300,1,0,"{""count"": 300}",11.51
img_0141,171,100,1,0,"{""count"": 100}",11.40
img_0142,353,300,1,0,"{""count"": 300}",12.01
img_0144,446,100,1,0,"{""count"": 100}",11.45
img_0155,845,0,1,1,"{""count"": 0}",7.68
img_0145,161,100,1,0,"{""count"": 100}",12.09
img_0148,819,0,1,1,"{""count"": 0}",10.69
img_0147,135,100,1,0,"{""count"": 100}",11.35
img_0146,387,200,1,0,"{""count"": 200}",12.10
img_0149,390,100,1,0,"{""count"": 100}",12.01
img_0150,396,200,1,0,"{""count"": 200}",11.35
img_0151,648,0,1,1,"{""count"": 0}",11.35
img_0152,901,0,1,1,"{""count"": 0}",11.35
img_0153,641,0,1,1,"{""count"": 0}",11.35
img_0154,354,0,1,1,"{""count"": 0}",11.44
img_0156,2075,1000,1,0,"{""count"": 1000}",12.03
img_0159,469,0,1,1,"{""count"": 0}",10.74
img_0157,471,1000,1,0,"{""count"": 1000}",12.14
img_0158,247,150,1,0,"{""count"": 150}",12.08
img_0160,1063,0,1,1,"{""count"": 0}",10.74
img_0161,313,100,1,0,"{""count"": 100}",11.40
img_0164,1586,0,1,1,"{""count"": 0}",10.85
img_0162,279,100,1,0,"{""count"": 100}",12.05
img_0163,372,0,1,1,"{""count"": 0}",11.39
img_0166,2315,0,1,1,"{""count"": 0}",11.38
img_0167,4195,0,1,1,"{""count"": 0}",11.47
img_0165,198,158,1,0,"{""count"": 158}",12.24
img_0168,138,100,1,0,"{""count"": 100}",12.09
img_0171,608,0,1,1,"{""count"": 0}",10.57
img_0170,148,150,1,0,"{""count"": 150}",11.33
img_0169,174,100,1,0,"{""count"": 100}",12.10
img_0173,883,0,1,1,"{""count"": 0}",11.20
img_0174,259,0,1,1,"{""count"": 0}",11.31
img_0172,110,100,1,0,"{""count"": 100}",12.07
img_0175,117,87,1,0,"{""count"": 87}",10.68
img_0177,272,100,1,0,"{""count"": 100}",11.23
img_0178,400,0,1,1,"{""count"": 0}",10.69
img_0176,326,100,1,0,"{""count"": 100}",12.01
img_0180,1315,0,1,1,"{""count"": 0}",11.25
img_0179,2021,0,1,1,"{""count"": 0}",11.36
img_0183,1758,0,1,1,"{""count"": 0}",10.77
img_0185,507,0,1,1,"{""count"": 0}",11.17
img_0181,466,1000,1,0,"{""count"": 1000}",12.10
img_0184,2166,0,1,1,"{""count"": 0}",12.00
img_0182,269,100,1,0,"{""count"": 100}",12.21
img_0187,403,0,1,1,"{""count"": 0}",11.92
img_0186,158,100,1,0,"{""count"": 100}",12.08
img_0191,532,0,1,1,"{""count"": 0}",10.43
img_0188,275,200,1,0,"{""count"": 200}",11.18
img_0189,122,75,1,0,"{""count"": 75}",11.18
img_0194,159,100,1,0,"{""count"": 100}",10.31
img_0190,732,0,1,1,"{""count"": 0}",11.30
img_0192,195,150,1,0,"{""count"": 150}",11.83
img_0202,864,0,1,1,"{""count"": 0}",8.19
img_0193,210,100,1,0,"{""count"": 100}",11.96
img_0195,211,150,1,0,"{""count"": 150}",11.19
img_0197,165,100,1,0,"{""count"": 100}",11.21
img_0196,287,100,1,0,"{""count"": 100}",11.96
img_0201,719,0,1,1,"{""count"": 0}",10.49
img_0198,104,50,1,0,"{""count"": 50}",11.77
img_0199,263,100,1,0,"{""count"": 100}",11.77
img_0203,368,0,1,1,"{""count"": 0}",10.50
img_0200,299,100,1,0,"{""count"": 100}",11.37
img_0204,522,0,1,1,"{""count"": 0}",10.51
img_0205,778,0,1,1,"{""count"": 0}",10.51
img_0206,2870,0,1,1,"{""count"": 0}",10.62
img_0209,143,0,1,1,"{""count"": 0}",10.50
img_0207,463,100,1,0,"{""count"": 100}",11.92
img_0208,204,150,1,0,"{""count"": 150}",12.03
img_0210,421,0,1,1,"{""count"": 0}",11.35
img_0212,218,158,1,0,"{""count"": 158}",11.24
img_0211,434,100,1,0,"{""count"": 100}",12.01
img_0215,1048,0,1,1,"{""count"": 0}",10.59
img_0214,514,0,1,1,"{""count"": 0}",11.33
img_0213,266,100,1,0,"{""count"": 100}",11.82
img_0216,593,0,1,1,"{""count"": 0}",10.70
img_0217,1775,0,1,1,"{""count"": 0}",11.14
img_0219,535,0,1,1,"{""count"": 0}",11.30
img_0220,2746,0,1,1,"{""count"": 0}",10.76
img_0222,1890,0,1,1,"{""count"": 0}",11.33
img_0218,712,1000,1,0,"{""count"": 1000}",12.14
img_0221,1709,0,1,1,"{""count"": 0}",11.44
img_0223,1826,0,1,1,"{""count"": 0}",11.33
img_0224,379,0,1,1,"{""count"": 0}",11.44
img_0225,1191,0,1,1,"{""count"": 0}",11.44
img_0226,1665,0,1,1,"{""count"": 0}",11.43
img_0227,612,0,1,1,"{""count"": 0}",11.43
img_0229,699,0,1,1,"{""count"": 0}",11.39
img_0228,172,100,1,0,"{""count"": 100}",12.22
img_0230,1454,0,1,1,"{""count"": 0}",11.46
img_0231,682,0,1,1,"{""count"": 0}",11.34
img_0233,332,100,1,0,"{""count"": 100}",12.18
img_0232,419,100,1,0,"{""count"": 100}",12.64
img_0236,267,0,1,1,"{""count"": 0}",11.77
img_0242,238,0,1,1,"{""count"": 0}",8.76
img_0234,244,150,1,0,"{""count"": 150}",11.95
img_0235,125,100,1,0,"{""count"": 100}",12.50
img_0237,178,150,1,0,"{""count"": 150}",12.61
img_0238,170,100,1,0,"{""count"": 100}",12.50
img_0252,340,0,1,1,"{""count"": 0}",6.64
img_0239,306,100,1,0,"{""count"": 100}",12.51
img_0240,329,100,1,0,"{""count"": 100}",11.86
img_0241,207,100,1,0,"{""count"": 100}",11.85
img_0243,289,100,1,0,"{""count"": 100}",11.77
img_0245,308,100,1,0,"{""count"": 100}",11.77
img_0244,228,200,1,0,"{""count"": 200}",11.98
img_0247,214,100,1,0,"{""count"": 100}",11.88
img_0248,205,100,1,0,"{""count"": 100}",11.88
img_0249,83,50,1,0,"{""count"": 50}",11.88
img_0250,65,50,1,0,"{""count"": 50}",11.21
img_0251,184,0,1,1,"{""count"": 0}",11.09
img_0246,1036,1000,1,0,"{""count"": 1000}",12.75
img_0253,163,10,1,0,"{""count"": 10}",11.21
img_0254,829,0,1,1,"{""count"": 0}",11.10
img_0255,3970,0,1,1,"{""count"": 0}",11.10
img_0256,2240,0,1,1,"{""count"": 0}",11.21
img_0258,994,0,1,1,"{""count"": 0}",10.98
img_0257,2371,0,1,1,"{""count"": 0}",11.10
img_0278,518,0,1,1,"{""count"": 0}",4.50
img_0259,338,100,1,0,"{""count"": 100}",11.78
img_0260,2116,0,1,1,"{""count"": 0}",11.15
img_0261,343,300,1,0,"{""count"": 300}",11.74
img_0264,225,0,1,1,"{""count"": 0}",10.25
img_0262,550,1000,1,0,"{""count"": 1000}",11.74
img_0267,1103,0,1,1,"{""count"": 0}",10.53
img_0266,3653,0,1,1,"{""count"": 0}",10.54
img_0263,258,1000,1,0,"{""count"": 1000}",11.92
img_0268,1400,0,1,1,"{""count"": 0}",11.29
img_0269,3304,0,1,1,"{""count"": 0}",11.29
img_0265,245,100,1,0,"{""count"": 100}",12.02
img_0271,916,0,1,1,"{""count"": 0}",10.63
img_0270,276,0,1,1,"{""count"": 0}",11.28
img_0272,1798,0,1,1,"{""count"": 0}",11.19
img_0273,948,0,1,1,"{""count"": 0}",11.53
img_0275,1070,0,1,1,"{""count"": 0}",11.32
img_0274,457,300,1,0,"{""count"": 300}",12.08
img_0279,560,0,1,1,"{""count"": 0}",10.52
img_0280,558,0,1,1,"{""count"": 0}",10.54
img_0276,302,200,1,0,"{""count"": 200}",12.18
img_0277,259,100,1,0,"{""count"": 100}",12.08
img_0281,871,0,1,1,"{""count"": 0}",10.55
img_0282,574,0,1,1,"{""count"": 0}",10.45
img_0286,937,0,1,1,"{""count"": 0}",10.48
img_0283,241,100,1,0,"{""count"": 100}",11.34
img_0287,229,0,1,1,"{""count"": 0}",10.58
img_0290,556,0,1,1,"{""count"": 0}",9.82
img_0284,376,300,1,0,"{""count"": 300}",12.00
img_0285,582,500,1,0,"{""count"": 500}",11.24
img_0291,357,0,1,1,"{""count"": 0}",9.12
img_0293,1433,0,1,1,"{""count"": 0}",9.04
img_0289,251,100,1,0,"{""count"": 100}",10.59
img_0292,260,0,1,1,"{""count"": 0}",9.13
img_0288,216,100,1,0,"{""count"": 100}",11.14
img_0301,207,0,1,1,"{""count"": 0}",6.87
img_0296,1341,0,1,1,"{""count"": 0}",9.11
img_0299,165,100,1,0,"{""count"": 100}",8.37
img_0294,791,0,1,1,"{""count"": 0}",9.20
img_0295,1477,0,1,1,"{""count"": 0}",9.85
img_0298,284,0,1,1,"{""count"": 0}",9.18
img_0302,315,250,1,0,"{""count"": 250}",7.70
img_0297,429,0,1,1,"{""count"": 0}",9.84
img_0303,2154,0,1,1,"{""count"": 0}",8.98
img_0300,236,200,1,0,"{""count"": 200}",9.74
img_0305,654,0,1,1,"{""count"": 0}",8.33
img_0304,2593,0,1,1,"{""count"": 0}",9.07
img_0306,2702,0,1,1,"{""count"": 0}",8.15
img_0312,270,100,1,0,"{""count"": 100}",6.75
img_0307,1077,0,1,1,"{""count"": 0}",8.26
img_0308,3568,0,1,1,"{""count"": 0}",8.27
img_0310,642,0,1,1,"{""count"": 0}",8.14
img_0309,663,0,1,1,"{""count"": 0}",8.28
img_0311,909,0,1,1,"{""count"": 0}",8.92
img_0314,820,0,1,1,"{""count"": 0}",8.35
img_0313,465,0,1,1,"{""count"": 0}",9.00
img_0329,962,0,1,1,"{""count"": 0}",5.95
img_0316,973,0,1,1,"{""count"": 0}",8.19
img_0315,383,0,1,1,"{""count"": 0}",8.95
img_0321,2472,0,1,1,"{""count"": 0}",8.08
img_0317,811,0,1,1,"{""count"": 0}",8.94
img_0320,2414,0,1,1,"{""count"": 0}",9.02
img_0319,922,0,1,1,"{""count"": 0}",9.69
img_0318,1616,0,1,1,"{""count"": 0}",9.87
img_0324,650,0,1,1,"{""count"": 0}",9.61
img_0325,1659,0,1,1,"{""count"": 0}",9.68
img_0328,426,300,1,0,"{""count"": 300}",8.87
img_0323,2033,0,1,1,"{""count"": 0}",10.34
img_0322,1613,0,1,1,"{""count"": 0}",10.37
img_0327,1408,0,1,1,"{""count"": 0}",9.67
img_0326,165,200,1,0,"{""count"": 200}",9.69
img_0332,770,0,1,1,"{""count"": 0}",8.86
img_0330,1668,0,1,1,"{""count"": 0}",8.95
img_0334,1508,0,1,1,"{""count"": 0}",7.49
img_0331,2607,0,1,1,"{""count"": 0}",8.89
img_0333,601,0,1,1,"{""count"": 0}",8.25
