item,dataset,budget,gt,nat_w,nat_h,eff_w,eff_h,eff_px,px_per_obj,pred,parse_ok,abstain,refuse,http_err,model,raw
gwhd_test_00002,gwhd,400000,85,1024,1024,616,616,379456,4464.2,0,1,0,0,0,Qwen3-VL-32B-Instruct-AWQ,"{""count"": 0}"
gwhd_test_00001,gwhd,400000,12,1024,1024,616,616,379456,31621.3,0,1,0,0,0,Qwen3-VL-32B-Instruct-AWQ,"{""count"": 0}"
gwhd_test_00017,gwhd,400000,21,1024,1024,616,616,379456,18069.3,0,1,0,0,0,Qwen3-VL-32B-Instruct-AWQ,"{""count"": 0}"
gwhd_test_00010,gwhd,400000,39,1024,1024,616,616,379456,9729.6,0,1,0,0,0,Qwen3-VL-32B-Instruct-AWQ,"{""count"": 0}"
gwhd_test_00021,gwhd,400000,82,1024,1024,616,616,379456,4627.5,0,1,0,0,0,Qwen3-VL-32B-Instruct-AWQ,"{""count"": 0}"
gwhd_test_00023,gwhd,400000,2,1024,1024,616,616,379456,189728.0,0,1,0,0,0,Qwen3-VL-32B-Instruct-AWQ,"{""count"": 0}"
gwhd_test_00030,gwhd,400000,35,1024,1024,616,616,379456,10841.6,0,1,0,0,0,Qwen3-VL-32B-Instruct-AWQ,"{""count"": 0}"
gwhd_test_00027,gwhd,400000,56,1024,1024,616,616,379456,6776.0,0,1,0,0,0,Qwen3-VL-32B-Instruct-AWQ,"{""count"": 0}"
gwhd_test_00032,gwhd,400000,33,1024,1024,616,616,379456,11498.7,0,1,0,0,0,Qwen3-VL-32B-Instruct-AWQ,"{""count"": 0}"
gwhd_test_00056,gwhd,400000,56,1024,1024,616,616,379456,6776.0,0,1,0,0,0,Qwen3-VL-32B-Instruct-AWQ,"{""count"": 0}"
gwhd_test_00057,gwhd,400000,90,1024,1024,616,616,379456,4216.2,0,1,0,0,0,Qwen3-VL-32B-Instruct-AWQ,"{""count"": 0}"
gwhd_test_00040,gwhd,400000,5,1024,1024,616,616,379456,75891.2,0,1,0,0,0,Qwen3-VL-32B-Instruct-AWQ,"{""count"": 0}"
gwhd_test_00068,gwhd,400000,40,1024,1024,616,616,379456,9486.4,0,1,0,0,0,Qwen3-VL-32B-Instruct-AWQ,"{""count"": 0}"
gwhd_test_00076,gwhd,400000,53,1024,1024,616,616,379456,7159.5,0,1,0,0,0,Qwen3-VL-32B-Instruct-AWQ,"{""count"": 0}"
gwhd_test_00077,gwhd,400000,10,1024,1024,616,616,379456,37945.6,0,1,0,0,0,Qwen3-VL-32B-Instruct-AWQ,"{""count"": 0}"
gwhd_test_00084,gwhd,400000,43,1024,1024,616,616,379456,8824.6,0,1,0,0,0,Qwen3-VL-32B-Instruct-AWQ,"{""count"": 0}"
gwhd_test_00095,gwhd,400000,25,1024,1024,616,616,379456,15178.2,0,1,0,0,0,Qwen3-VL-32B-Instruct-AWQ,"{""count"": 0}"
gwhd_test_00109,gwhd,400000,26,1024,1024,616,616,379456,14594.5,0,1,0,0,0,Qwen3-VL-32B-Instruct-AWQ,"{""count"": 0}"
gwhd_test_00105,gwhd,400000,36,1024,1024,616,616,379456,10540.4,0,1,0,0,0,Qwen3-VL-32B-Instruct-AWQ,"{""count"": 0}"
gwhd_test_00106,gwhd,400000,51,1024,1024,616,616,379456,7440.3,0,1,0,0,0,Qwen3-VL-32B-Instruct-AWQ,"{""count"": 0}"
gwhd_test_00119,gwhd,400000,71,1024,1024,616,616,379456,5344.5,0,1,0,0,0,Qwen3-VL-32B-Instruct-AWQ,"{""count"": 0}"
gwhd_test_00127,gwhd,400000,33,1024,1024,616,616,379456,11498.7,0,1,0,0,0,Qwen3-VL-32B-Instruct-AWQ,"{""count"": 0}"
gwhd_test_00129,gwhd,400000,25,1024,1024,616,616,379456,15178.2,0,1,0,0,0,Qwen3-VL-32B-Instruct-AWQ,"{""count"": 0}"
gwhd_test_00125,gwhd,400000,37,1024,1024,616,616,379456,10255.6,0,1,0,0,0,Qwen3-VL-32B-Instruct-AWQ,"{""count"": 0}"
gwhd_test_00130,gwhd,400000,20,1024,1024,616,616,379456,18972.8,0,1,0,0,0,Qwen3-VL-32B-Instruct-AWQ,"{""count"": 0}"
gwhd_test_00139,gwhd,400000,95,1024,1024,616,616,379456,3994.3,0,1,0,0,0,Qwen3-VL-32B-Instruct-AWQ,"{""count"": 0}"
gwhd_test_00154,gwhd,400000,1,1024,1024,616,616,379456,379456.0,0,1,0,0,0,Qwen3-VL-32B-Instruct-AWQ,"{""count"": 0}"
gwhd_test_00156,gwhd,400000,62,1024,1024,616,616,379456,6120.3,0,1,0,0,0,Qwen3-VL-32B-Instruct-AWQ,"{""count"": 0}"
gwhd_test_00160,gwhd,400000,48,1024,1024,616,616,379456,7905.3,0,1,0,0,0,Qwen3-VL-32B-Instruct-AWQ,"{""count"": 0}"
gwhd_test_00170,gwhd,400000,46,1024,1024,616,616,379456,8249.0,0,1,0,0,0,Qwen3-VL-32B-Instruct-AWQ,"{""count"": 0}"
gwhd_test_00168,gwhd,400000,52,1024,1024,616,616,379456,7297.2,0,1,0,0,0,Qwen3-VL-32B-Instruct-AWQ,"{""count"": 0}"
gwhd_test_00174,gwhd,400000,59,1024,1024,616,616,379456,6431.5,0,1,0,0,0,Qwen3-VL-32B-Instruct-AWQ,"{""count"": 0}"
gwhd_test_00191,gwhd,400000,30,1024,1024,616,616,379456,12648.5,0,1,0,0,0,Qwen3-VL-32B-Instruct-AWQ,"{""count"": 0}"
gwhd_test_00208,gwhd,400000,51,1024,1024,616,616,379456,7440.3,0,1,0,0,0,Qwen3-VL-32B-Instruct-AWQ,"{""count"": 0}"
gwhd_test_00211,gwhd,400000,41,1024,1024,616,616,379456,9255.0,0,1,0,0,0,Qwen3-VL-32B-Instruct-AWQ,"{""count"": 0}"
gwhd_test_00194,gwhd,400000,55,1024,1024,616,616,379456,6899.2,0,1,0,0,0,Qwen3-VL-32B-Instruct-AWQ,"{""count"": 0}"
gwhd_test_00216,gwhd,400000,58,1024,1024,616,616,379456,6542.3,0,1,0,0,0,Qwen3-VL-32B-Instruct-AWQ,"{""count"": 0}"
gwhd_test_00225,gwhd,400000,0,1024,1024,616,616,379456,,0,1,0,0,0,Qwen3-VL-32B-Instruct-AWQ,"{""count"": 0}"
gwhd_test_00224,gwhd,400000,43,1024,1024,616,616,379456,8824.6,0,1,0,0,0,Qwen3-VL-32B-Instruct-AWQ,"{""count"": 0}"
gwhd_test_00226,gwhd,400000,63,1024,1024,616,616,379456,6023.1,0,1,0,0,0,Qwen3-VL-32B-Instruct-AWQ,"{""count"": 0}"
gwhd_test_00234,gwhd,400000,55,1024,1024,616,616,379456,6899.2,0,1,0,0,0,Qwen3-VL-32B-Instruct-AWQ,"{""count"": 0}"
gwhd_test_00236,gwhd,400000,65,1024,1024,616,616,379456,5837.8,0,1,0,0,0,Qwen3-VL-32B-Instruct-AWQ,"{""count"": 0}"
gwhd_test_00262,gwhd,400000,6,1024,1024,616,616,379456,63242.7,0,1,0,0,0,Qwen3-VL-32B-Instruct-AWQ,"{""count"": 0}"
gwhd_test_00261,gwhd,400000,109,1024,1024,616,616,379456,3481.2,0,1,0,0,0,Qwen3-VL-32B-Instruct-AWQ,"{""count"": 0}"
gwhd_test_00267,gwhd,400000,32,1024,1024,616,616,379456,11858.0,0,1,0,0,0,Qwen3-VL-32B-Instruct-AWQ,"{""count"": 0}"
gwhd_test_00272,gwhd,400000,54,1024,1024,616,616,379456,7027.0,0,1,0,0,0,Qwen3-VL-32B-Instruct-AWQ,"{""count"": 0}"
gwhd_test_00276,gwhd,400000,71,1024,1024,616,616,379456,5344.5,0,1,0,0,0,Qwen3-VL-32B-Instruct-AWQ,"{""count"": 0}"
gwhd_test_00288,gwhd,400000,52,1024,1024,616,616,379456,7297.2,0,1,0,0,0,Qwen3-VL-32B-Instruct-AWQ,"{""count"": 0}"
gwhd_test_00289,gwhd,400000,24,1024,1024,616,616,379456,15810.7,0,1,0,0,0,Qwen3-VL-32B-Instruct-AWQ,"{""count"": 0}"
gwhd_test_00299,gwhd,400000,42,1024,1024,616,616,379456,9034.7,0,1,0,0,0,Qwen3-VL-32B-Instruct-AWQ,"{""count"": 0}"
gwhd_test_00300,gwhd,400000,37,1024,1024,616,616,379456,10255.6,0,1,0,0,0,Qwen3-VL-32B-Instruct-AWQ,"{""count"": 0}"
gwhd_test_00293,gwhd,400000,42,1024,1024,616,616,379456,9034.7,0,1,0,0,0,Qwen3-VL-32B-Instruct-AWQ,"{""count"": 0}"
gwhd_test_00305,gwhd,400000,83,1024,1024,616,616,379456,4571.8,0,1,0,0,0,Qwen3-VL-32B-Instruct-AWQ,"{""count"": 0}"
gwhd_test_00329,gwhd,400000,29,1024,1024,616,616,379456,13084.7,0,1,0,0,0,Qwen3-VL-32B-Instruct-AWQ,"{""count"": 0}"
gwhd_test_00340,gwhd,400000,130,1024,1024,616,616,379456,2918.9,0,1,0,0,0,Qwen3-VL-32B-Instruct-AWQ,"{""count"": 0}"
gwhd_test_00316,gwhd,400000,34,1024,1024,616,616,379456,11160.5,0,1,0,0,0,Qwen3-VL-32B-Instruct-AWQ,"{""count"": 0}"
gwhd_test_00345,gwhd,400000,39,1024,1024,616,616,379456,9729.6,0,1,0,0,0,Qwen3-VL-32B-Instruct-AWQ,"{""count"": 0}"
gwhd_test_00346,gwhd,400000,48,1024,1024,616,616,379456,7905.3,0,1,0,0,0,Qwen3-VL-32B-Instruct-AWQ,"{""count"": 0}"
gwhd_test_00358,gwhd,400000,31,1024,1024,616,616,379456,12240.5,0,1,0,0,0,Qwen3-VL-32B-Instruct-AWQ,"{""count"": 0}"
gwhd_test_00351,gwhd,400000,23,1024,1024,616,616,379456,16498.1,0,1,0,0,0,Qwen3-VL-32B-Instruct-AWQ,"{""count"": 0}"
gwhd_test_00372,gwhd,400000,61,1024,1024,616,616,379456,6220.6,0,1,0,0,0,Qwen3-VL-32B-Instruct-AWQ,"{""count"": 0}"
gwhd_test_00383,gwhd,400000,41,1024,1024,616,616,379456,9255.0,0,1,0,0,0,Qwen3-VL-32B-Instruct-AWQ,"{""count"": 0}"
gwhd_test_00373,gwhd,400000,27,1024,1024,616,616,379456,14053.9,0,1,0,0,0,Qwen3-VL-32B-Instruct-AWQ,"{""count"": 0}"
gwhd_test_00378,gwhd,400000,52,1024,1024,616,616,379456,7297.2,0,1,0,0,0,Qwen3-VL-32B-Instruct-AWQ,"{""count"": 0}"
gwhd_test_00399,gwhd,400000,63,1024,1024,616,616,379456,6023.1,0,1,0,0,0,Qwen3-VL-32B-Instruct-AWQ,"{""count"": 0}"
gwhd_test_00426,gwhd,400000,38,1024,1024,616,616,379456,9985.7,0,1,0,0,0,Qwen3-VL-32B-Instruct-AWQ,"{""count"": 0}"
gwhd_test_00404,gwhd,400000,33,1024,1024,616,616,379456,11498.7,0,1,0,0,0,Qwen3-VL-32B-Instruct-AWQ,"{""count"": 0}"
gwhd_test_00428,gwhd,400000,102,1024,1024,616,616,379456,3720.2,0,1,0,0,0,Qwen3-VL-32B-Instruct-AWQ,"{""count"": 0}"
gwhd_test_00438,gwhd,400000,51,1024,1024,616,616,379456,7440.3,0,1,0,0,0,Qwen3-VL-32B-Instruct-AWQ,"{""count"": 0}"
gwhd_test_00443,gwhd,400000,91,1024,1024,616,616,379456,4169.8,0,1,0,0,0,Qwen3-VL-32B-Instruct-AWQ,"{""count"": 0}"
gwhd_test_00449,gwhd,400000,50,1024,1024,616,616,379456,7589.1,0,1,0,0,0,Qwen3-VL-32B-Instruct-AWQ,"{""count"": 0}"
gwhd_test_00451,gwhd,400000,14,1024,1024,616,616,379456,27104.0,0,1,0,0,0,Qwen3-VL-32B-Instruct-AWQ,"{""count"": 0}"
gwhd_test_00458,gwhd,400000,12,1024,1024,616,616,379456,31621.3,0,1,0,0,0,Qwen3-VL-32B-Instruct-AWQ,"{""count"": 0}"
gwhd_test_00464,gwhd,400000,59,1024,1024,616,616,379456,6431.5,0,1,0,0,0,Qwen3-VL-32B-Instruct-AWQ,"{""count"": 0}"
gwhd_test_00484,gwhd,400000,15,1024,1024,616,616,379456,25297.1,0,1,0,0,0,Qwen3-VL-32B-Instruct-AWQ,"{""count"": 0}"
gwhd_test_00490,gwhd,400000,26,1024,1024,616,616,379456,14594.5,0,1,0,0,0,Qwen3-VL-32B-Instruct-AWQ,"{""count"": 0}"
gwhd_test_00504,gwhd,400000,81,1024,1024,616,616,379456,4684.6,0,1,0,0,0,Qwen3-VL-32B-Instruct-AWQ,"{""count"": 0}"
gwhd_test_00517,gwhd,400000,4,1024,1024,616,616,379456,94864.0,0,1,0,0,0,Qwen3-VL-32B-Instruct-AWQ,"{""count"": 0}"
gwhd_test_00511,gwhd,400000,44,1024,1024,616,616,379456,8624.0,0,1,0,0,0,Qwen3-VL-32B-Instruct-AWQ,"{""count"": 0}"
gwhd_test_00519,gwhd,400000,14,1024,1024,616,616,379456,27104.0,0,1,0,0,0,Qwen3-VL-32B-Instruct-AWQ,"{""count"": 0}"
gwhd_test_00521,gwhd,400000,63,1024,1024,616,616,379456,6023.1,0,1,0,0,0,Qwen3-VL-32B-Instruct-AWQ,"{""count"": 0}"
gwhd_test_00528,gwhd,400000,62,1024,1024,616,616,379456,6120.3,0,1,0,0,0,Qwen3-VL-32B-Instruct-AWQ,"{""count"": 0}"
gwhd_test_00531,gwhd,400000,43,1024,1024,616,616,379456,8824.6,0,1,0,0,0,Qwen3-VL-32B-Instruct-AWQ,"{""count"": 0}"
gwhd_test_00532,gwhd,400000,64,1024,1024,616,616,379456,5929.0,0,1,0,0,0,Qwen3-VL-32B-Instruct-AWQ,"{""count"": 0}"
gwhd_test_00533,gwhd,400000,112,1024,1024,616,616,379456,3388.0,0,1,0,0,0,Qwen3-VL-32B-Instruct-AWQ,"{""count"": 0}"
gwhd_test_00536,gwhd,400000,68,1024,1024,616,616,379456,5580.2,0,1,0,0,0,Qwen3-VL-32B-Instruct-AWQ,"{""count"": 0}"
gwhd_test_00546,gwhd,400000,48,1024,1024,616,616,379456,7905.3,0,1,0,0,0,Qwen3-VL-32B-Instruct-AWQ,"{""count"": 0}"
gwhd_test_00555,gwhd,400000,53,1024,1024,616,616,379456,7159.5,0,1,0,0,0,Qwen3-VL-32B-Instruct-AWQ,"{""count"": 0}"
gwhd_test_00547,gwhd,400000,67,1024,1024,616,616,379456,5663.5,0,1,0,0,0,Qwen3-VL-32B-Instruct-AWQ,"{""count"": 0}"
gwhd_test_00557,gwhd,400000,41,1024,1024,616,616,379456,9255.0,0,1,0,0,0,Qwen3-VL-32B-Instruct-AWQ,"{""count"": 0}"
gwhd_test_00560,gwhd,400000,0,1024,1024,616,616,379456,,0,1,0,0,0,Qwen3-VL-32B-Instruct-AWQ,"{""count"": 0}"
gwhd_test_00585,gwhd,400000,81,1024,1024,616,616,379456,4684.6,0,1,0,0,0,Qwen3-VL-32B-Instruct-AWQ,"{""count"": 0}"
gwhd_test_00572,gwhd,400000,22,1024,1024,616,616,379456,17248.0,0,1,0,0,0,Qwen3-VL-32B-Instruct-AWQ,"{""count"": 0}"
gwhd_test_00592,gwhd,400000,12,1024,1024,616,616,379456,31621.3,0,1,0,0,0,Qwen3-VL-32B-Instruct-AWQ,"{""count"": 0}"
gwhd_test_00600,gwhd,400000,27,1024,1024,616,616,379456,14053.9,0,1,0,0,0,Qwen3-VL-32B-Instruct-AWQ,"{""count"": 0}"
gwhd_test_00606,gwhd,400000,49,1024,1024,616,616,379456,7744.0,0,1,0,0,0,Qwen3-VL-32B-Instruct-AWQ,"{""count"": 0}"
gwhd_test_00610,gwhd,400000,60,1024,1024,616,616,379456,6324.3,0,1,0,0,0,Qwen3-VL-32B-Instruct-AWQ,"{""count"": 0}"
gwhd_test_00613,gwhd,400000,1,1024,1024,616,616,379456,379456.0,0,1,0,0,0,Qwen3-VL-32B-Instruct-AWQ,"{""count"": 0}"
gwhd_test_00619,gwhd,400000,53,1024,1024,616,616,379456,7159.5,0,1,0,0,0,Qwen3-VL-32B-Instruct-AWQ,"{""count"": 0}"
gwhd_test_00638,gwhd,400000,59,1024,1024,616,616,379456,6431.5,0,1,0,0,0,Qwen3-VL-32B-Instruct-AWQ,"{""count"": 0}"
gwhd_test_00625,gwhd,400000,27,1024,1024,616,616,379456,14053.9,0,1,0,0,0,Qwen3-VL-32B-Instruct-AWQ,"{""count"": 0}"
gwhd_test_00643,gwhd,400000,116,1024,1024,616,616,379456,3271.2,0,1,0,0,0,Qwen3-VL-32B-Instruct-AWQ,"{""count"": 0}"
gwhd_test_00646,gwhd,400000,81,1024,1024,616,616,379456,4684.6,0,1,0,0,0,Qwen3-VL-32B-Instruct-AWQ,"{""count"": 0}"
gwhd_test_00648,gwhd,400000,33,1024,1024,616,616,379456,11498.7,0,1,0,0,0,Qwen3-VL-32B-Instruct-AWQ,"{""count"": 0}"
gwhd_test_00652,gwhd,400000,61,1024,1024,616,616,379456,6220.6,0,1,0,0,0,Qwen3-VL-32B-Instruct-AWQ,"{""count"": 0}"
gwhd_test_00659,gwhd,400000,68,1024,1024,616,616,379456,5580.2,0,1,0,0,0,Qwen3-VL-32B-Instruct-AWQ,"{""count"": 0}"
gwhd_test_00661,gwhd,400000,56,1024,1024,616,616,379456,6776.0,0,1,0,0,0,Qwen3-VL-32B-Instruct-AWQ,"{""count"": 0}"
gwhd_test_00668,gwhd,400000,15,1024,1024,616,616,379456,25297.1,0,1,0,0,0,Qwen3-VL-32B-Instruct-AWQ,"{""count"": 0}"
gwhd_test_00667,gwhd,400000,48,1024,1024,616,616,379456,7905.3,0,1,0,0,0,Qwen3-VL-32B-Instruct-AWQ,"{""count"": 0}"
gwhd_test_00673,gwhd,400000,60,1024,1024,616,616,379456,6324.3,0,1,0,0,0,Qwen3-VL-32B-Instruct-AWQ,"{""count"": 0}"
gwhd_test_00682,gwhd,400000,51,1024,1024,616,616,379456,7440.3,0,1,0,0,0,Qwen3-VL-32B-Instruct-AWQ,"{""count"": 0}"
gwhd_test_00691,gwhd,400000,46,1024,1024,616,616,379456,8249.0,0,1,0,0,0,Qwen3-VL-32B-Instruct-AWQ,"{""count"": 0}"
gwhd_test_00690,gwhd,400000,101,1024,1024,616,616,379456,3757.0,0,1,0,0,0,Qwen3-VL-32B-Instruct-AWQ,"{""count"": 0}"
gwhd_test_00692,gwhd,400000,98,1024,1024,616,616,379456,3872.0,0,1,0,0,0,Qwen3-VL-32B-Instruct-AWQ,"{""count"": 0}"
gwhd_test_00694,gwhd,400000,18,1024,1024,616,616,379456,21080.9,0,1,0,0,0,Qwen3-VL-32B-Instruct-AWQ,"{""count"": 0}"
gwhd_test_00711,gwhd,400000,39,1024,1024,616,616,379456,9729.6,0,1,0,0,0,Qwen3-VL-32B-Instruct-AWQ,"{""count"": 0}"
gwhd_test_00706,gwhd,400000,12,1024,1024,616,616,379456,31621.3,0,1,0,0,0,Qwen3-VL-32B-Instruct-AWQ,"{""count"": 0}"
gwhd_test_00713,gwhd,400000,47,1024,1024,616,616,379456,8073.5,0,1,0,0,0,Qwen3-VL-32B-Instruct-AWQ,"{""count"": 0}"
gwhd_test_00715,gwhd,400000,18,1024,1024,616,616,379456,21080.9,0,1,0,0,0,Qwen3-VL-32B-Instruct-AWQ,"{""count"": 0}"
gwhd_test_00723,gwhd,400000,53,1024,1024,616,616,379456,7159.5,0,1,0,0,0,Qwen3-VL-32B-Instruct-AWQ,"{""count"": 0}"
gwhd_test_00727,gwhd,400000,11,1024,1024,616,616,379456,34496.0,0,1,0,0,0,Qwen3-VL-32B-Instruct-AWQ,"{""count"": 0}"
gwhd_test_00728,gwhd,400000,25,1024,1024,616,616,379456,15178.2,0,1,0,0,0,Qwen3-VL-32B-Instruct-AWQ,"{""count"": 0}"
gwhd_test_00735,gwhd,400000,82,1024,1024,616,616,379456,4627.5,0,1,0,0,0,Qwen3-VL-32B-Instruct-AWQ,"{""count"": 0}"
gwhd_test_00739,gwhd,400000,25,1024,1024,616,616,379456,15178.2,0,1,0,0,0,Qwen3-VL-32B-Instruct-AWQ,"{""count"": 0}"
gwhd_test_00742,gwhd,400000,3,1024,1024,616,616,379456,126485.3,0,1,0,0,0,Qwen3-VL-32B-Instruct-AWQ,"{""count"": 0}"
gwhd_test_00744,gwhd,400000,58,1024,1024,616,616,379456,6542.3,0,1,0,0,0,Qwen3-VL-32B-Instruct-AWQ,"{""count"": 0}"
gwhd_test_00749,gwhd,400000,39,1024,1024,616,616,379456,9729.6,0,1,0,0,0,Qwen3-VL-32B-Instruct-AWQ,"{""count"": 0}"
gwhd_test_00758,gwhd,400000,41,1024,1024,616,616,379456,9255.0,0,1,0,0,0,Qwen3-VL-32B-Instruct-AWQ,"{""count"": 0}"
gwhd_test_00750,gwhd,400000,23,1024,1024,616,616,379456,16498.1,0,1,0,0,0,Qwen3-VL-32B-Instruct-AWQ,"{""count"": 0}"
gwhd_test_00765,gwhd,400000,34,1024,1024,616,616,379456,11160.5,0,1,0,0,0,Qwen3-VL-32B-Instruct-AWQ,"{""count"": 0}"
gwhd_test_00772,gwhd,400000,71,1024,1024,616,616,379456,5344.5,0,1,0,0,0,Qwen3-VL-32B-Instruct-AWQ,"{""count"": 0}"
gwhd_test_00776,gwhd,400000,70,1024,1024,616,616,379456,5420.8,0,1,0,0,0,Qwen3-VL-32B-Instruct-AWQ,"{""count"": 0}"
gwhd_test_00775,gwhd,400000,29,1024,1024,616,616,379456,13084.7,0,1,0,0,0,Qwen3-VL-32B-Instruct-AWQ,"{""count"": 0}"
gwhd_test_00779,gwhd,400000,2,1024,1024,616,616,379456,189728.0,0,1,0,0,0,Qwen3-VL-32B-Instruct-AWQ,"{""count"": 0}"
gwhd_test_00785,gwhd,400000,73,1024,1024,616,616,379456,5198.0,0,1,0,0,0,Qwen3-VL-32B-Instruct-AWQ,"{""count"": 0}"
gwhd_test_00797,gwhd,400000,8,1024,1024,616,616,379456,47432.0,0,1,0,0,0,Qwen3-VL-32B-Instruct-AWQ,"{""count"": 0}"
gwhd_test_00794,gwhd,400000,104,1024,1024,616,616,379456,3648.6,0,1,0,0,0,Qwen3-VL-32B-Instruct-AWQ,"{""count"": 0}"
gwhd_test_00800,gwhd,400000,90,1024,1024,616,616,379456,4216.2,0,1,0,0,0,Qwen3-VL-32B-Instruct-AWQ,"{""count"": 0}"
gwhd_test_00801,gwhd,400000,32,1024,1024,616,616,379456,11858.0,0,1,0,0,0,Qwen3-VL-32B-Instruct-AWQ,"{""count"": 0}"
gwhd_test_00802,gwhd,400000,52,1024,1024,616,616,379456,7297.2,0,1,0,0,0,Qwen3-VL-32B-Instruct-AWQ,"{""count"": 0}"
gwhd_test_00803,gwhd,400000,62,1024,1024,616,616,379456,6120.3,0,1,0,0,0,Qwen3-VL-32B-Instruct-AWQ,"{""count"": 0}"
gwhd_test_00804,gwhd,400000,12,1024,1024,616,616,379456,31621.3,0,1,0,0,0,Qwen3-VL-32B-Instruct-AWQ,"{""count"": 0}"
gwhd_test_00808,gwhd,400000,64,1024,1024,616,616,379456,5929.0,0,1,0,0,0,Qwen3-VL-32B-Instruct-AWQ,"{""count"": 0}"
gwhd_test_00811,gwhd,400000,50,1024,1024,616,616,379456,7589.1,0,1,0,0,0,Qwen3-VL-32B-Instruct-AWQ,"{""count"": 0}"
gwhd_test_00812,gwhd,400000,41,1024,1024,616,616,379456,9255.0,0,1,0,0,0,Qwen3-VL-32B-Instruct-AWQ,"{""count"": 0}"
gwhd_test_00823,gwhd,400000,59,1024,1024,616,616,379456,6431.5,1,1,0,0,0,Qwen3-VL-32B-Instruct-AWQ,"{""count"": 1}"
gwhd_test_00821,gwhd,400000,43,1024,1024,616,616,379456,8824.6,0,1,0,0,0,Qwen3-VL-32B-Instruct-AWQ,"{""count"": 0}"
gwhd_test_00833,gwhd,400000,6,1024,1024,616,616,379456,63242.7,0,1,0,0,0,Qwen3-VL-32B-Instruct-AWQ,"{""count"": 0}"
gwhd_test_00831,gwhd,400000,58,1024,1024,616,616,379456,6542.3,0,1,0,0,0,Qwen3-VL-32B-Instruct-AWQ,"{""count"": 0}"
gwhd_test_00837,gwhd,400000,80,1024,1024,616,616,379456,4743.2,0,1,0,0,0,Qwen3-VL-32B-Instruct-AWQ,"{""count"": 0}"
gwhd_test_00835,gwhd,400000,52,1024,1024,616,616,379456,7297.2,0,1,0,0,0,Qwen3-VL-32B-Instruct-AWQ,"{""count"": 0}"
gwhd_test_00838,gwhd,400000,72,1024,1024,616,616,379456,5270.2,0,1,0,0,0,Qwen3-VL-32B-Instruct-AWQ,"{""count"": 0}"
gwhd_test_00839,gwhd,400000,27,1024,1024,616,616,379456,14053.9,0,1,0,0,0,Qwen3-VL-32B-Instruct-AWQ,"{""count"": 0}"
gwhd_test_00850,gwhd,400000,78,1024,1024,616,616,379456,4864.8,0,1,0,0,0,Qwen3-VL-32B-Instruct-AWQ,"{""count"": 0}"
gwhd_test_00840,gwhd,400000,54,1024,1024,616,616,379456,7027.0,0,1,0,0,0,Qwen3-VL-32B-Instruct-AWQ,"{""count"": 0}"
gwhd_test_00858,gwhd,400000,118,1024,1024,616,616,379456,3215.7,0,1,0,0,0,Qwen3-VL-32B-Instruct-AWQ,"{""count"": 0}"
gwhd_test_00868,gwhd,400000,54,1024,1024,616,616,379456,7027.0,0,1,0,0,0,Qwen3-VL-32B-Instruct-AWQ,"{""count"": 0}"
gwhd_test_00872,gwhd,400000,51,1024,1024,616,616,379456,7440.3,0,1,0,0,0,Qwen3-VL-32B-Instruct-AWQ,"{""count"": 0}"
gwhd_test_00869,gwhd,400000,18,1024,1024,616,616,379456,21080.9,0,1,0,0,0,Qwen3-VL-32B-Instruct-AWQ,"{""count"": 0}"
gwhd_test_00873,gwhd,400000,53,1024,1024,616,616,379456,7159.5,0,1,0,0,0,Qwen3-VL-32B-Instruct-AWQ,"{""count"": 0}"
gwhd_test_00874,gwhd,400000,78,1024,1024,616,616,379456,4864.8,0,1,0,0,0,Qwen3-VL-32B-Instruct-AWQ,"{""count"": 0}"
gwhd_test_00883,gwhd,400000,79,1024,1024,616,616,379456,4803.2,0,1,0,0,0,Qwen3-VL-32B-Instruct-AWQ,"{""count"": 0}"
gwhd_test_00878,gwhd,400000,63,1024,1024,616,616,379456,6023.1,0,1,0,0,0,Qwen3-VL-32B-Instruct-AWQ,"{""count"": 0}"
gwhd_test_00887,gwhd,400000,51,1024,1024,616,616,379456,7440.3,0,1,0,0,0,Qwen3-VL-32B-Instruct-AWQ,"{""count"": 0}"
gwhd_test_00897,gwhd,400000,93,1024,1024,616,616,379456,4080.2,0,1,0,0,0,Qwen3-VL-32B-Instruct-AWQ,"{""count"": 0}"
gwhd_test_00899,gwhd,400000,54,1024,1024,616,616,379456,7027.0,0,1,0,0,0,Qwen3-VL-32B-Instruct-AWQ,"{""count"": 0}"
gwhd_test_00903,gwhd,400000,60,1024,1024,616,616,379456,6324.3,0,1,0,0,0,Qwen3-VL-32B-Instruct-AWQ,"{""count"": 0}"
gwhd_test_00916,gwhd,400000,49,1024,1024,616,616,379456,7744.0,0,1,0,0,0,Qwen3-VL-32B-Instruct-AWQ,"{""count"": 0}"
gwhd_test_00921,gwhd,400000,35,1024,1024,616,616,379456,10841.6,0,1,0,0,0,Qwen3-VL-32B-Instruct-AWQ,"{""count"": 0}"
gwhd_test_00929,gwhd,400000,42,1024,1024,616,616,379456,9034.7,0,1,0,0,0,Qwen3-VL-32B-Instruct-AWQ,"{""count"": 0}"
gwhd_test_00931,gwhd,400000,40,1024,1024,616,616,379456,9486.4,0,1,0,0,0,Qwen3-VL-32B-Instruct-AWQ,"{""count"": 0}"
gwhd_test_00934,gwhd,400000,0,1024,1024,616,616,379456,,0,1,0,0,0,Qwen3-VL-32B-Instruct-AWQ,"{""count"": 0}"
gwhd_test_00938,gwhd,400000,25,1024,1024,616,616,379456,15178.2,0,1,0,0,0,Qwen3-VL-32B-Instruct-AWQ,"{""count"": 0}"
gwhd_test_00942,gwhd,400000,41,1024,1024,616,616,379456,9255.0,0,1,0,0,0,Qwen3-VL-32B-Instruct-AWQ,"{""count"": 0}"
gwhd_test_00957,gwhd,400000,55,1024,1024,616,616,379456,6899.2,0,1,0,0,0,Qwen3-VL-32B-Instruct-AWQ,"{""count"": 0}"
gwhd_test_00968,gwhd,400000,44,1024,1024,616,616,379456,8624.0,0,1,0,0,0,Qwen3-VL-32B-Instruct-AWQ,"{""count"": 0}"
gwhd_test_00970,gwhd,400000,38,1024,1024,616,616,379456,9985.7,0,1,0,0,0,Qwen3-VL-32B-Instruct-AWQ,"{""count"": 0}"
gwhd_test_00976,gwhd,400000,39,1024,1024,616,616,379456,9729.6,0,1,0,0,0,Qwen3-VL-32B-Instruct-AWQ,"{""count"": 0}"
gwhd_test_00987,gwhd,400000,106,1024,1024,616,616,379456,3579.8,0,1,0,0,0,Qwen3-VL-32B-Instruct-AWQ,"{""count"": 0}"
gwhd_test_00988,gwhd,400000,48,1024,1024,616,616,379456,7905.3,0,1,0,0,0,Qwen3-VL-32B-Instruct-AWQ,"{""count"": 0}"
gwhd_test_00989,gwhd,400000,18,1024,1024,616,616,379456,21080.9,0,1,0,0,0,Qwen3-VL-32B-Instruct-AWQ,"{""count"": 0}"
gwhd_test_00996,gwhd,400000,25,1024,1024,616,616,379456,15178.2,0,1,0,0,0,Qwen3-VL-32B-Instruct-AWQ,"{""count"": 0}"
gwhd_test_01001,gwhd,400000,56,1024,1024,616,616,379456,6776.0,0,1,0,0,0,Qwen3-VL-32B-Instruct-AWQ,"{""count"": 0}"
gwhd_test_01004,gwhd,400000,0,1024,1024,616,616,379456,,0,1,0,0,0,Qwen3-VL-32B-Instruct-AWQ,"{""count"": 0}"
gwhd_test_01005,gwhd,400000,0,1024,1024,616,616,379456,,0,1,0,0,0,Qwen3-VL-32B-Instruct-AWQ,"{""count"": 0}"
gwhd_test_01013,gwhd,400000,75,1024,1024,616,616,379456,5059.4,0,1,0,0,0,Qwen3-VL-32B-Instruct-AWQ,"{""count"": 0}"
gwhd_test_01007,gwhd,400000,58,1024,1024,616,616,379456,6542.3,0,1,0,0,0,Qwen3-VL-32B-Instruct-AWQ,"{""count"": 0}"
gwhd_test_01014,gwhd,400000,1,1024,1024,616,616,379456,379456.0,0,1,0,0,0,Qwen3-VL-32B-Instruct-AWQ,"{""count"": 0}"
gwhd_test_01015,gwhd,400000,80,1024,1024,616,616,379456,4743.2,0,1,0,0,0,Qwen3-VL-32B-Instruct-AWQ,"{""count"": 0}"
gwhd_test_01020,gwhd,400000,33,1024,1024,616,616,379456,11498.7,0,1,0,0,0,Qwen3-VL-32B-Instruct-AWQ,"{""count"": 0}"
gwhd_test_01019,gwhd,400000,19,1024,1024,616,616,379456,19971.4,0,1,0,0,0,Qwen3-VL-32B-Instruct-AWQ,"{""count"": 0}"
gwhd_test_01026,gwhd,400000,49,1024,1024,616,616,379456,7744.0,0,1,0,0,0,Qwen3-VL-32B-Instruct-AWQ,"{""count"": 0}"
gwhd_test_01028,gwhd,400000,1,1024,1024,616,616,379456,379456.0,0,1,0,0,0,Qwen3-VL-32B-Instruct-AWQ,"{""count"": 0}"
gwhd_test_01030,gwhd,400000,70,1024,1024,616,616,379456,5420.8,0,1,0,0,0,Qwen3-VL-32B-Instruct-AWQ,"{""count"": 0}"
gwhd_test_01034,gwhd,400000,104,1024,1024,616,616,379456,3648.6,0,1,0,0,0,Qwen3-VL-32B-Instruct-AWQ,"{""count"": 0}"
gwhd_test_01044,gwhd,400000,59,1024,1024,616,616,379456,6431.5,0,1,0,0,0,Qwen3-VL-32B-Instruct-AWQ,"{""count"": 0}"
gwhd_test_01045,gwhd,400000,73,1024,1024,616,616,379456,5198.0,0,1,0,0,0,Qwen3-VL-32B-Instruct-AWQ,"{""count"": 0}"
gwhd_test_01049,gwhd,400000,1,1024,1024,616,616,379456,379456.0,0,1,0,0,0,Qwen3-VL-32B-Instruct-AWQ,"{""count"": 0}"
gwhd_test_01058,gwhd,400000,49,1024,1024,616,616,379456,7744.0,0,1,0,0,0,Qwen3-VL-32B-Instruct-AWQ,"{""count"": 0}"
gwhd_test_01063,gwhd,400000,40,1024,1024,616,616,379456,9486.4,0,1,0,0,0,Qwen3-VL-32B-Instruct-AWQ,"{""count"": 0}"
gwhd_test_01074,gwhd,400000,26,1024,1024,616,616,379456,14594.5,0,1,0,0,0,Qwen3-VL-32B-Instruct-AWQ,"{""count"": 0}"
gwhd_test_01081,gwhd,400000,38,1024,1024,616,616,379456,9985.7,0,1,0,0,0,Qwen3-VL-32B-Instruct-AWQ,"{""count"": 0}"
gwhd_test_01087,gwhd,400000,66,1024,1024,616,616,379456,5749.3,0,1,0,0,0,Qwen3-VL-32B-Instruct-AWQ,"{""count"": 0}"
gwhd_test_01096,gwhd,400000,47,1024,1024,616,616,379456,8073.5,0,1,0,0,0,Qwen3-VL-32B-Instruct-AWQ,"{""count"": 0}"
gwhd_test_01100,gwhd,400000,29,1024,1024,616,616,379456,13084.7,0,1,0,0,0,Qwen3-VL-32B-Instruct-AWQ,"{""count"": 0}"
gwhd_test_01102,gwhd,400000,136,1024,1024,616,616,379456,2790.1,0,1,0,0,0,Qwen3-VL-32B-Instruct-AWQ,"{""count"": 0}"
gwhd_test_01108,gwhd,400000,33,1024,1024,616,616,379456,11498.7,0,1,0,0,0,Qwen3-VL-32B-Instruct-AWQ,"{""count"": 0}"
gwhd_test_01110,gwhd,400000,47,1024,1024,616,616,379456,8073.5,0,1,0,0,0,Qwen3-VL-32B-Instruct-AWQ,"{""count"": 0}"
gwhd_test_01129,gwhd,400000,38,1024,1024,616,616,379456,9985.7,0,1,0,0,0,Qwen3-VL-32B-Instruct-AWQ,"{""count"": 0}"
gwhd_test_01142,gwhd,400000,1,1024,1024,616,616,379456,379456.0,0,1,0,0,0,Qwen3-VL-32B-Instruct-AWQ,"{""count"": 0}"
gwhd_test_01145,gwhd,400000,70,1024,1024,616,616,379456,5420.8,0,1,0,0,0,Qwen3-VL-32B-Instruct-AWQ,"{""count"": 0}"
gwhd_test_01152,gwhd,400000,83,1024,1024,616,616,379456,4571.8,0,1,0,0,0,Qwen3-VL-32B-Instruct-AWQ,"{""count"": 0}"
gwhd_test_01158,gwhd,400000,54,1024,1024,616,616,379456,7027.0,0,1,0,0,0,Qwen3-VL-32B-Instruct-AWQ,"{""count"": 0}"
gwhd_test_01162,gwhd,400000,81,1024,1024,616,616,379456,4684.6,0,1,0,0,0,Qwen3-VL-32B-Instruct-AWQ,"{""count"": 0}"
gwhd_test_01167,gwhd,400000,118,1024,1024,616,616,379456,3215.7,0,1,0,0,0,Qwen3-VL-32B-Instruct-AWQ,"{""count"": 0}"
gwhd_test_01174,gwhd,400000,21,1024,1024,616,616,379456,18069.3,0,1,0,0,0,Qwen3-VL-32B-Instruct-AWQ,"{""count"": 0}"
gwhd_test_01172,gwhd,400000,28,1024,1024,616,616,379456,13552.0,0,1,0,0,0,Qwen3-VL-32B-Instruct-AWQ,"{""count"": 0}"
gwhd_test_01200,gwhd,400000,101,1024,1024,616,616,379456,3757.0,0,1,0,0,0,Qwen3-VL-32B-Instruct-AWQ,"{""count"": 0}"
gwhd_test_01201,gwhd,400000,45,1024,1024,616,616,379456,8432.4,0,1,0,0,0,Qwen3-VL-32B-Instruct-AWQ,"{""count"": 0}"
gwhd_test_01208,gwhd,400000,51,1024,1024,616,616,379456,7440.3,0,1,0,0,0,Qwen3-VL-32B-Instruct-AWQ,"{""count"": 0}"
gwhd_test_01213,gwhd,400000,26,1024,1024,616,616,379456,14594.5,0,1,0,0,0,Qwen3-VL-32B-Instruct-AWQ,"{""count"": 0}"
gwhd_test_01221,gwhd,400000,52,1024,1024,616,616,379456,7297.2,0,1,0,0,0,Qwen3-VL-32B-Instruct-AWQ,"{""count"": 0}"
gwhd_test_01225,gwhd,400000,41,1024,1024,616,616,379456,9255.0,0,1,0,0,0,Qwen3-VL-32B-Instruct-AWQ,"{""count"": 0}"
gwhd_test_01246,gwhd,400000,64,1024,1024,616,616,379456,5929.0,0,1,0,0,0,Qwen3-VL-32B-Instruct-AWQ,"{""count"": 0}"
gwhd_test_01226,gwhd,400000,27,1024,1024,616,616,379456,14053.9,0,1,0,0,0,Qwen3-VL-32B-Instruct-AWQ,"{""count"": 0}"
gwhd_test_01252,gwhd,400000,37,1024,1024,616,616,379456,10255.6,0,1,0,0,0,Qwen3-VL-32B-Instruct-AWQ,"{""count"": 0}"
gwhd_test_01253,gwhd,400000,39,1024,1024,616,616,379456,9729.6,0,1,0,0,0,Qwen3-VL-32B-Instruct-AWQ,"{""count"": 0}"
gwhd_test_01267,gwhd,400000,45,1024,1024,616,616,379456,8432.4,0,1,0,0,0,Qwen3-VL-32B-Instruct-AWQ,"{""count"": 0}"
gwhd_test_01259,gwhd,400000,59,1024,1024,616,616,379456,6431.5,0,1,0,0,0,Qwen3-VL-32B-Instruct-AWQ,"{""count"": 0}"
gwhd_test_01272,gwhd,400000,36,1024,1024,616,616,379456,10540.4,0,1,0,0,0,Qwen3-VL-32B-Instruct-AWQ,"{""count"": 0}"
gwhd_test_01276,gwhd,400000,28,1024,1024,616,616,379456,13552.0,0,1,0,0,0,Qwen3-VL-32B-Instruct-AWQ,"{""count"": 0}"
gwhd_test_01280,gwhd,400000,15,1024,1024,616,616,379456,25297.1,0,1,0,0,0,Qwen3-VL-32B-Instruct-AWQ,"{""count"": 0}"
gwhd_test_01279,gwhd,400000,100,1024,1024,616,616,379456,3794.6,0,1,0,0,0,Qwen3-VL-32B-Instruct-AWQ,"{""count"": 0}"
gwhd_test_01282,gwhd,400000,51,1024,1024,616,616,379456,7440.3,0,1,0,0,0,Qwen3-VL-32B-Instruct-AWQ,"{""count"": 0}"
gwhd_test_01298,gwhd,400000,82,1024,1024,616,616,379456,4627.5,0,1,0,0,0,Qwen3-VL-32B-Instruct-AWQ,"{""count"": 0}"
gwhd_test_01302,gwhd,400000,40,1024,1024,616,616,379456,9486.4,0,1,0,0,0,Qwen3-VL-32B-Instruct-AWQ,"{""count"": 0}"
gwhd_test_01301,gwhd,400000,35,1024,1024,616,616,379456,10841.6,0,1,0,0,0,Qwen3-VL-32B-Instruct-AWQ,"{""count"": 0}"
gwhd_test_01307,gwhd,400000,31,1024,1024,616,616,379456,12240.5,0,1,0,0,0,Qwen3-VL-32B-Instruct-AWQ,"{""count"": 0}"
gwhd_test_01308,gwhd,400000,48,1024,1024,616,616,379456,7905.3,0,1,0,0,0,Qwen3-VL-32B-Instruct-AWQ,"{""count"": 0}"
gwhd_test_01315,gwhd,400000,55,1024,1024,616,616,379456,6899.2,0,1,0,0,0,Qwen3-VL-32B-Instruct-AWQ,"{""count"": 0}"
gwhd_test_01318,gwhd,400000,30,1024,1024,616,616,379456,12648.5,0,1,0,0,0,Qwen3-VL-32B-Instruct-AWQ,"{""count"": 0}"
gwhd_test_01332,gwhd,400000,75,1024,1024,616,616,379456,5059.4,0,1,0,0,0,Qwen3-VL-32B-Instruct-AWQ,"{""count"": 0}"
gwhd_test_01336,gwhd,400000,1,1024,1024,616,616,379456,379456.0,0,1,0,0,0,Qwen3-VL-32B-Instruct-AWQ,"{""count"": 0}"
gwhd_test_01348,gwhd,400000,119,1024,1024,616,616,379456,3188.7,0,1,0,0,0,Qwen3-VL-32B-Instruct-AWQ,"{""count"": 0}"
gwhd_test_01340,gwhd,400000,56,1024,1024,616,616,379456,6776.0,0,1,0,0,0,Qwen3-VL-32B-Instruct-AWQ,"{""count"": 0}"
gwhd_test_01355,gwhd,400000,75,1024,1024,616,616,379456,5059.4,0,1,0,0,0,Qwen3-VL-32B-Instruct-AWQ,"{""count"": 0}"
gwhd_test_01357,gwhd,400000,26,1024,1024,616,616,379456,14594.5,0,1,0,0,0,Qwen3-VL-32B-Instruct-AWQ,"{""count"": 0}"
gwhd_test_01358,gwhd,400000,64,1024,1024,616,616,379456,5929.0,0,1,0,0,0,Qwen3-VL-32B-Instruct-AWQ,"{""count"": 0}"
gwhd_test_01363,gwhd,400000,46,1024,1024,616,616,379456,8249.0,0,1,0,0,0,Qwen3-VL-32B-Instruct-AWQ,"{""count"": 0}"
gwhd_test_01372,gwhd,400000,76,1024,1024,616,616,379456,4992.8,0,1,0,0,0,Qwen3-VL-32B-Instruct-AWQ,"{""count"": 0}"
