item,gt,pred,ntiles,parse_ok,raw,latency_s,abstain
IMG_115,1191,0,1,1,"{""count"": 0}",3.19,1
IMG_116,288,0,1,1,"{""count"": 0}",3.19,1
IMG_108,182,0,1,1,"{""count"": 0}",3.44,1
IMG_102,223,198,1,1,"{""count"": 198}",3.45,0
IMG_100,389,0,1,1,"{""count"": 0}",3.45,1
IMG_123,115,99,1,1,"{""count"": 99}",3.44,0
IMG_124,226,0,1,1,"{""count"": 0}",3.76,1
IMG_12,321,0,1,1,"{""count"": 0}",4.09,1
IMG_106,1232,0,1,1,"{""count"": 0}",4.09,1
IMG_107,289,100,1,1,"{""count"": 100}",4.09,0
IMG_120,133,100,1,1,"{""count"": 100}",4.45,0
IMG_113,66,50,1,1,"{""count"": 50}",4.45,0
IMG_110,1021,0,1,1,"{""count"": 0}",4.45,1
IMG_117,1603,0,1,1,"{""count"": 0}",4.45,1
IMG_1,172,0,1,1,"{""count"": 0}",4.86,1
IMG_111,452,0,1,1,"{""count"": 0}",4.86,1
IMG_103,431,0,1,1,"{""count"": 0}",5.22,1
IMG_128,419,0,1,1,"{""count"": 0}",3.22,1
IMG_101,211,100,1,1,"{""count"": 100}",6.42,0
IMG_119,250,250,1,1,"{""count"": 250}",6.82,0
IMG_121,1210,0,1,1,"{""count"": 0}",6.82,1
IMG_114,141,108,1,1,"{""count"": 108}",7.20,0
IMG_125,269,300,1,1,"{""count"": 300}",7.97,0
IMG_118,241,100,1,1,"{""count"": 100}",7.97,0
IMG_122,1153,0,1,1,"{""count"": 0}",7.97,1
IMG_132,375,0,1,1,"{""count"": 0}",4.53,1
IMG_135,72,30,1,1,"{""count"": 30}",4.24,0
IMG_136,102,50,1,1,"{""count"": 50}",4.24,0
IMG_112,256,300,1,1,"{""count"": 300}",8.33,0
IMG_127,986,0,1,1,"{""count"": 0}",8.33,1
IMG_137,489,0,1,1,"{""count"": 0}",4.28,1
IMG_130,921,0,1,1,"{""count"": 0}",5.28,1
IMG_104,1175,0,1,1,"{""count"": 0}",9.10,1
IMG_105,265,100,1,1,"{""count"": 100}",9.50,0
IMG_126,440,0,1,1,"{""count"": 0}",9.49,1
IMG_13,584,0,1,1,"{""count"": 0}",6.05,1
IMG_138,292,300,1,1,"{""count"": 300}",5.41,0
IMG_11,1068,0,1,1,"{""count"": 0}",9.86,1
IMG_142,211,0,1,1,"{""count"": 0}",5.08,1
IMG_139,355,0,1,1,"{""count"": 0}",6.59,1
IMG_129,298,0,1,1,"{""count"": 0}",7.85,1
IMG_10,502,300,1,1,"{""count"": 300}",11.05,0
IMG_133,135,100,1,1,"{""count"": 100}",7.28,0
IMG_109,379,300,1,1,"{""count"": 300}",11.44,0
IMG_143,357,0,1,1,"{""count"": 0}",5.37,1
IMG_15,341,0,1,1,"{""count"": 0}",3.81,1
IMG_131,604,300,1,1,"{""count"": 300}",8.77,0
IMG_14,762,0,1,1,"{""count"": 0}",7.77,1
IMG_134,165,150,1,1,"{""count"": 150}",8.48,0
IMG_141,475,0,1,1,"{""count"": 0}",7.71,1
IMG_144,262,300,1,1,"{""count"": 300}",6.57,0
IMG_150,1303,0,1,1,"{""count"": 0}",5.01,1
IMG_146,479,0,1,1,"{""count"": 0}",6.54,1
IMG_147,587,0,1,1,"{""count"": 0}",6.16,1
IMG_145,261,100,1,1,"{""count"": 100}",6.54,0
IMG_140,93,50,1,1,"{""count"": 50}",8.51,0
IMG_154,495,0,1,1,"{""count"": 0}",5.80,1
IMG_148,208,100,1,1,"{""count"": 100}",6.58,0
IMG_16,416,0,1,1,"{""count"": 0}",5.06,1
IMG_149,230,150,1,1,"{""count"": 150}",6.59,0
IMG_153,395,300,1,1,"{""count"": 300}",6.60,0
IMG_162,219,0,1,1,"{""count"": 0}",4.64,1
IMG_160,121,100,1,1,"{""count"": 100}",5.07,0
IMG_151,253,200,1,1,"{""count"": 200}",6.60,0
IMG_158,308,0,1,1,"{""count"": 0}",5.44,1
IMG_152,277,300,1,1,"{""count"": 300}",6.95,0
IMG_156,199,100,1,1,"{""count"": 100}",6.96,0
IMG_157,390,0,1,1,"{""count"": 0}",6.58,1
IMG_164,302,300,1,1,"{""count"": 300}",5.02,0
IMG_163,162,0,1,1,"{""count"": 0}",5.02,1
IMG_155,165,150,1,1,"{""count"": 150}",7.34,0
IMG_165,1581,0,1,1,"{""count"": 0}",5.39,1
IMG_159,199,256,1,1,"{""count"": 256}",6.94,0
IMG_161,266,100,1,1,"{""count"": 100}",6.93,0
IMG_17,1156,0,1,1,"{""count"": 0}",4.99,1
IMG_168,240,0,1,1,"{""count"": 0}",5.42,1
IMG_166,126,100,1,1,"{""count"": 100}",6.16,0
IMG_169,218,250,1,1,"{""count"": 250}",5.78,0
IMG_167,112,100,1,1,"{""count"": 100}",6.13,0
IMG_170,670,0,1,1,"{""count"": 0}",5.35,1
IMG_172,1171,0,1,1,"{""count"": 0}",5.40,1
IMG_176,213,0,1,1,"{""count"": 0}",4.61,1
IMG_171,239,250,1,1,"{""count"": 250}",6.18,0
IMG_173,481,0,1,1,"{""count"": 0}",5.76,1
IMG_175,442,0,1,1,"{""count"": 0}",5.39,1
IMG_174,129,100,1,1,"{""count"": 100}",6.12,0
IMG_178,549,0,1,1,"{""count"": 0}",5.75,1
IMG_177,363,0,1,1,"{""count"": 0}",6.16,1
IMG_18,227,0,1,1,"{""count"": 0}",5.35,1
IMG_26,497,0,1,1,"{""count"": 0}",4.26,1
IMG_180,398,0,1,1,"{""count"": 0}",5.77,1
IMG_22,212,0,1,1,"{""count"": 0}",5.05,1
IMG_179,400,1000,1,1,"{""count"": 1000}",6.56,0
IMG_19,230,0,1,1,"{""count"": 0}",6.10,1
IMG_181,216,256,1,1,"{""count"": 256}",6.84,0
IMG_20,460,0,1,1,"{""count"": 0}",6.47,1
IMG_21,717,0,1,1,"{""count"": 0}",6.86,1
IMG_182,199,100,1,1,"{""count"": 100}",6.86,0
IMG_2,1111,0,1,1,"{""count"": 0}",6.86,1
IMG_23,429,0,1,1,"{""count"": 0}",6.84,1
IMG_3,297,0,1,1,"{""count"": 0}",5.73,1
IMG_24,553,500,1,1,"{""count"": 500}",7.23,0
IMG_34,89,100,1,1,"{""count"": 100}",5.35,0
IMG_27,760,0,1,1,"{""count"": 0}",6.85,1
IMG_4,170,150,1,1,"{""count"": 150}",4.62,0
IMG_28,423,0,1,1,"{""count"": 0}",7.30,1
IMG_30,307,250,1,1,"{""count"": 250}",6.93,0
IMG_25,243,100,1,1,"{""count"": 100}",8.07,0
IMG_29,309,0,1,1,"{""count"": 0}",7.70,1
IMG_32,961,0,1,1,"{""count"": 0}",7.28,1
IMG_35,567,0,1,1,"{""count"": 0}",7.33,1
IMG_47,316,0,1,1,"{""count"": 0}",4.20,1
IMG_33,475,0,1,1,"{""count"": 0}",7.33,1
IMG_31,250,250,1,1,"{""count"": 250}",7.69,0
IMG_36,1266,0,1,1,"{""count"": 0}",7.28,1
IMG_49,511,0,1,1,"{""count"": 0}",3.85,1
IMG_37,195,0,1,1,"{""count"": 0}",7.67,1
IMG_38,717,0,1,1,"{""count"": 0}",6.89,1
IMG_52,134,100,1,1,"{""count"": 100}",4.62,0
IMG_45,138,0,1,1,"{""count"": 0}",6.09,1
IMG_40,236,0,1,1,"{""count"": 0}",7.31,1
IMG_39,196,150,1,1,"{""count"": 150}",8.02,0
IMG_43,116,45,1,1,"{""count"": 45}",7.26,0
IMG_46,373,0,1,1,"{""count"": 0}",7.22,1
IMG_54,529,0,1,1,"{""count"": 0}",5.40,1
IMG_42,797,0,1,1,"{""count"": 0}",8.41,1
IMG_41,249,100,1,1,"{""count"": 100}",8.82,0
IMG_48,384,300,1,1,"{""count"": 300}",6.90,0
IMG_53,175,0,1,1,"{""count"": 0}",5.40,1
IMG_44,366,0,1,1,"{""count"": 0}",7.96,1
IMG_56,349,0,1,1,"{""count"": 0}",5.75,1
IMG_61,193,0,1,1,"{""count"": 0}",4.54,1
IMG_5,817,0,1,1,"{""count"": 0}",7.27,1
IMG_51,297,0,1,1,"{""count"": 0}",7.24,1
IMG_59,466,0,1,1,"{""count"": 0}",5.66,1
IMG_50,997,0,1,1,"{""count"": 0}",7.59,1
IMG_60,291,0,1,1,"{""count"": 0}",6.02,1
IMG_57,356,0,1,1,"{""count"": 0}",7.23,1
IMG_55,149,100,1,1,"{""count"": 100}",7.51,0
IMG_69,166,100,1,1,"{""count"": 100}",4.79,0
IMG_62,337,0,1,1,"{""count"": 0}",6.44,1
IMG_70,412,0,1,1,"{""count"": 0}",4.83,1
IMG_58,198,150,1,1,"{""count"": 150}",7.87,0
IMG_64,287,0,1,1,"{""count"": 0}",6.35,1
IMG_65,214,100,1,1,"{""count"": 100}",6.77,0
IMG_63,1121,0,1,1,"{""count"": 0}",6.77,1
IMG_6,361,300,1,1,"{""count"": 300}",7.53,0
IMG_66,823,0,1,1,"{""count"": 0}",7.11,1
IMG_67,192,150,1,1,"{""count"": 150}",7.20,0
IMG_7,568,0,1,1,"{""count"": 0}",6.81,1
IMG_72,589,0,1,1,"{""count"": 0}",6.36,1
IMG_75,665,0,1,1,"{""count"": 0}",5.23,1
IMG_68,212,100,1,1,"{""count"": 100}",7.97,0
IMG_71,602,0,1,1,"{""count"": 0}",6.80,1
IMG_76,485,0,1,1,"{""count"": 0}",5.29,1
IMG_82,217,0,1,1,"{""count"": 0}",4.89,1
IMG_81,356,0,1,1,"{""count"": 0}",4.89,1
IMG_79,186,150,1,1,"{""count"": 150}",6.07,0
IMG_74,855,0,1,1,"{""count"": 0}",6.83,1
IMG_85,97,50,1,1,"{""count"": 50}",5.38,0
IMG_73,153,100,1,1,"{""count"": 100}",8.00,0
IMG_8,1326,0,1,1,"{""count"": 0}",6.84,1
IMG_78,271,0,1,1,"{""count"": 0}",6.84,1
IMG_93,255,250,1,1,"{""count"": 250}",4.21,0
IMG_89,383,300,1,1,"{""count"": 300}",5.26,0
IMG_95,190,100,1,1,"{""count"": 100}",4.03,0
IMG_90,2256,0,1,1,"{""count"": 0}",4.77,1
IMG_80,157,100,1,1,"{""count"": 100}",7.79,0
IMG_94,69,50,1,1,"{""count"": 50}",4.41,0
IMG_77,207,150,1,1,"{""count"": 150}",8.15,0
IMG_92,1366,0,1,1,"{""count"": 0}",4.85,1
IMG_84,122,100,1,1,"{""count"": 100}",7.07,0
IMG_83,218,256,1,1,"{""count"": 256}",7.43,0
IMG_87,417,300,1,1,"{""count"": 300}",5.99,0
IMG_96,246,250,1,1,"{""count"": 250}",4.48,0
IMG_98,153,100,1,1,"{""count"": 100}",3.71,0
IMG_88,86,50,1,1,"{""count"": 50}",6.00,0
IMG_86,579,1024,1,1,"{""count"": 1024}",6.77,0
IMG_99,242,0,1,1,"{""count"": 0}",3.71,1
IMG_9,371,100,1,1,"{""count"": 100}",5.74,0
IMG_91,101,75,1,1,"{""count"": 75}",4.94,0
IMG_97,521,1000,1,1,"{""count"": 1000}",4.21,0
