key,group,dataset,arm,build,pred,parse_ok,raw,latency_s,pred_frozen,parse_rule
S-1|849ed8f7c,S-1,aitod,channel,gemma-3-12b-it,no_people,1,"```json
{""response"": ""no_people""}
```",0.54,,R1
S-1|18__0_1200,S-1,aitod,channel,gemma-3-12b-it,cannot_judge,1,"```json
{""response"": ""cannot_judge""}
```",0.56,,R1
S-1|ebeead154,S-1,aitod,channel,gemma-3-12b-it,no_people,1,"```json
{""response"": ""no_people""}
```",0.56,,R1
S-1|9999979_00000_d_0000020,S-1,visdrone,channel,gemma-3-12b-it,cannot_judge,1,"```json
{""response"": ""cannot_judge""}
```",0.56,,R1
S-1|16f2a1d1f,S-1,aitod,channel,gemma-3-12b-it,no_people,1,"```json
{""response"": ""no_people""}
```",0.54,,R1
S-1|4ca079a8d,S-1,aitod,channel,gemma-3-12b-it,no_people,1,"```json
{""response"": ""no_people""}
```",0.54,,R1
S-1|5ae6093fe,S-1,aitod,channel,gemma-3-12b-it,no_people,1,"```json
{""response"": ""no_people""}
```",0.54,,R1
S-1|7c9a8e27f,S-1,aitod,channel,gemma-3-12b-it,no_people,1,"```json
{""response"": ""no_people""}
```",0.54,,R1
S-1|3aebab0b7,S-1,aitod,channel,gemma-3-12b-it,no_people,1,"```json
{""response"": ""no_people""}
```",0.54,,R1
S-1|95d25522d,S-1,aitod,channel,gemma-3-12b-it,no_people,1,"```json
{""response"": ""no_people""}
```",0.54,,R1
S-1|b1aa60ab8,S-1,aitod,channel,gemma-3-12b-it,no_people,1,"```json
{""response"": ""no_people""}
```",0.54,,R1
S-1|14577,S-1,aitod,channel,gemma-3-12b-it,cannot_judge,1,"```json
{""response"": ""cannot_judge""}
```",0.54,,R1
S-1|712fd0fed,S-1,aitod,channel,gemma-3-12b-it,no_people,1,"```json
{""response"": ""no_people""}
```",0.54,,R1
S-1|1679__0_1200,S-1,aitod,channel,gemma-3-12b-it,cannot_judge,1,"```json
{""response"": ""cannot_judge""}
```",0.54,,R1
S-1|c1858c41e,S-1,aitod,channel,gemma-3-12b-it,cannot_judge,1,"```json
{""response"": ""cannot_judge""}
```",0.54,,R1
S-1|14721,S-1,aitod,channel,gemma-3-12b-it,cannot_judge,1,"```json
{""response"": ""cannot_judge""}
```",0.54,,R1
S-1|22248,S-1,aitod,channel,gemma-3-12b-it,cannot_judge,1,"```json
{""response"": ""cannot_judge""}
```",0.54,,R1
S-1|cdabe8c23,S-1,aitod,channel,gemma-3-12b-it,no_people,1,"```json
{""response"": ""no_people""}
```",0.54,,R1
S-1|921d78e2e,S-1,aitod,channel,gemma-3-12b-it,no_people,1,"```json
{""response"": ""no_people""}
```",0.54,,R1
S-1|060905d3b,S-1,aitod,channel,gemma-3-12b-it,no_people,1,"```json
{""response"": ""no_people""}
```",0.54,,R1
S-1|1070__0_0,S-1,aitod,channel,gemma-3-12b-it,cannot_judge,1,"```json
{""response"": ""cannot_judge""}
```",0.54,,R1
S-1|P2491__1.0__1200___1764,S-1,aitod,channel,gemma-3-12b-it,cannot_judge,1,"```json
{""response"": ""cannot_judge""}
```",0.54,,R1
S-1|99__1200_1914,S-1,aitod,channel,gemma-3-12b-it,cannot_judge,1,"```json
{""response"": ""cannot_judge""}
```",0.54,,R1
S-1|2325__2400_1200,S-1,aitod,channel,gemma-3-12b-it,cannot_judge,1,"```json
{""response"": ""cannot_judge""}
```",0.54,,R1
S-1|752ce0bcf,S-1,aitod,channel,gemma-3-12b-it,no_people,1,"```json
{""response"": ""no_people""}
```",0.54,,R1
S-1|86eeca9a9,S-1,aitod,channel,gemma-3-12b-it,no_people,1,"```json
{""response"": ""no_people""}
```",0.54,,R1
S-1|22927,S-1,aitod,channel,gemma-3-12b-it,cannot_judge,1,"```json
{""response"": ""cannot_judge""}
```",0.54,,R1
S-1|3198ceb97,S-1,aitod,channel,gemma-3-12b-it,cannot_judge,1,"```json
{""response"": ""cannot_judge""}
```",0.54,,R1
S-1|9ccb6d9a8,S-1,aitod,channel,gemma-3-12b-it,cannot_judge,1,"```json
{""response"": ""cannot_judge""}
```",0.54,,R1
S-1|06591,S-1,aitod,channel,gemma-3-12b-it,cannot_judge,1,"```json
{""response"": ""cannot_judge""}
```",0.54,,R1
S-1|P0167__1.0__3000___2400,S-1,aitod,channel,gemma-3-12b-it,cannot_judge,1,"```json
{""response"": ""cannot_judge""}
```",0.54,,R1
S-1|a08c46fd5,S-1,aitod,channel,gemma-3-12b-it,no_people,1,"```json
{""response"": ""no_people""}
```",0.54,,R1
S-1|2318__2400_2397,S-1,aitod,channel,gemma-3-12b-it,cannot_judge,1,"```json
{""response"": ""cannot_judge""}
```",0.54,,R1
S-1|P0167__1.0__3296___2400,S-1,aitod,channel,gemma-3-12b-it,cannot_judge,1,"```json
{""response"": ""cannot_judge""}
```",0.54,,R1
S-1|15432,S-1,aitod,channel,gemma-3-12b-it,cannot_judge,1,"```json
{""response"": ""cannot_judge""}
```",0.54,,R1
S-1|3e4bcee21,S-1,aitod,channel,gemma-3-12b-it,cannot_judge,1,"```json
{""response"": ""cannot_judge""}
```",0.54,,R1
S-1|1c848cf8b,S-1,aitod,channel,gemma-3-12b-it,cannot_judge,1,"```json
{""response"": ""cannot_judge""}
```",0.54,,R1
S-1|2325__2676_600,S-1,aitod,channel,gemma-3-12b-it,cannot_judge,1,"```json
{""response"": ""cannot_judge""}
```",0.54,,R1
S-1|2322__2803_600,S-1,aitod,channel,gemma-3-12b-it,no_people,1,"```json
{""response"": ""no_people""}
```",0.54,,R1
S-1|a527d7378,S-1,aitod,channel,gemma-3-12b-it,no_people,1,"```json
{""response"": ""no_people""}
```",0.54,,R1
S-1|741__1800_0,S-1,aitod,channel,gemma-3-12b-it,cannot_judge,1,"```json
{""response"": ""cannot_judge""}
```",0.54,,R1
S-1|a40e7c5ed,S-1,aitod,channel,gemma-3-12b-it,no_people,1,"```json
{""response"": ""no_people""}
```",0.54,,R1
S-1|17333,S-1,aitod,channel,gemma-3-12b-it,cannot_judge,1,"```json
{""response"": ""cannot_judge""}
```",0.54,,R1
S-1|8aba2fd7a,S-1,aitod,channel,gemma-3-12b-it,no_people,1,"```json
{""response"": ""no_people""}
```",0.54,,R1
S-1|69a902181,S-1,aitod,channel,gemma-3-12b-it,no_people,1,"```json
{""response"": ""no_people""}
```",0.54,,R1
S-1|2325__2400_0,S-1,aitod,channel,gemma-3-12b-it,cannot_judge,1,"```json
{""response"": ""cannot_judge""}
```",0.54,,R1
S-1|07120,S-1,aitod,channel,gemma-3-12b-it,cannot_judge,1,"```json
{""response"": ""cannot_judge""}
```",0.54,,R1
S-1|9e02f4ab5,S-1,aitod,channel,gemma-3-12b-it,no_people,1,"```json
{""response"": ""no_people""}
```",0.54,,R1
S-1|327f24286,S-1,aitod,channel,gemma-3-12b-it,no_people,1,"```json
{""response"": ""no_people""}
```",0.54,,R1
S-1|02029,S-1,aitod,channel,gemma-3-12b-it,cannot_judge,1,"```json
{""response"": ""cannot_judge""}
```",0.54,,R1
S-1|19903b029,S-1,aitod,channel,gemma-3-12b-it,cannot_judge,1,"```json
{""response"": ""cannot_judge""}
```",0.54,,R1
S-1|f0e85984e,S-1,aitod,channel,gemma-3-12b-it,no_people,1,"```json
{""response"": ""no_people""}
```",0.54,,R1
S-1|P1881__1.0__0___0,S-1,aitod,channel,gemma-3-12b-it,cannot_judge,1,"```json
{""response"": ""cannot_judge""}
```",0.54,,R1
S-1|d7df8ba74,S-1,aitod,channel,gemma-3-12b-it,no_people,1,"```json
{""response"": ""no_people""}
```",0.54,,R1
S-1|2562__0_1200,S-1,aitod,channel,gemma-3-12b-it,cannot_judge,1,"```json
{""response"": ""cannot_judge""}
```",0.54,,R1
S-1|2564__2400_600,S-1,aitod,channel,gemma-3-12b-it,cannot_judge,1,"```json
{""response"": ""cannot_judge""}
```",0.56,,R1
S-1|79__1800_0,S-1,aitod,channel,gemma-3-12b-it,cannot_judge,1,"```json
{""response"": ""cannot_judge""}
```",0.55,,R1
S-1|2322__3000_1200,S-1,aitod,channel,gemma-3-12b-it,no_people,1,"```json
{""response"": ""no_people""}
```",0.55,,R1
S-1|409d4fdad,S-1,aitod,channel,gemma-3-12b-it,no_people,1,"```json
{""response"": ""no_people""}
```",0.56,,R1
S-1|2354__1200_1200,S-1,aitod,channel,gemma-3-12b-it,cannot_judge,1,"```json
{""response"": ""cannot_judge""}
```",0.55,,R1
S-1|19208,S-1,aitod,channel,gemma-3-12b-it,cannot_judge,1,"```json
{""response"": ""cannot_judge""}
```",0.55,,R1
S-1|15937,S-1,aitod,channel,gemma-3-12b-it,cannot_judge,1,"```json
{""response"": ""cannot_judge""}
```",0.55,,R1
S-1|2044__2400_1800,S-1,aitod,channel,gemma-3-12b-it,cannot_judge,1,"```json
{""response"": ""cannot_judge""}
```",0.55,,R1
S-1|P2123__1.0__0___0,S-1,aitod,channel,gemma-3-12b-it,cannot_judge,1,"```json
{""response"": ""cannot_judge""}
```",0.56,,R1
S-1|b554282f2,S-1,aitod,channel,gemma-3-12b-it,no_people,1,"```json
{""response"": ""no_people""}
```",0.55,,R1
S-1|512e67d39,S-1,aitod,channel,gemma-3-12b-it,cannot_judge,1,"```json
{""response"": ""cannot_judge""}
```",0.53,,R1
S-1|2313__2400_0,S-1,aitod,channel,gemma-3-12b-it,cannot_judge,1,"```json
{""response"": ""cannot_judge""}
```",0.55,,R1
S-1|15379,S-1,aitod,channel,gemma-3-12b-it,cannot_judge,1,"```json
{""response"": ""cannot_judge""}
```",0.55,,R1
S-1|1d90f4644,S-1,aitod,channel,gemma-3-12b-it,no_people,1,"```json
{""response"": ""no_people""}
```",0.54,,R1
S-1|14125,S-1,aitod,channel,gemma-3-12b-it,cannot_judge,1,"```json
{""response"": ""cannot_judge""}
```",0.54,,R1
S-1|12404,S-1,aitod,channel,gemma-3-12b-it,cannot_judge,1,"```json
{""response"": ""cannot_judge""}
```",0.54,,R1
S-1|365c7b32c,S-1,aitod,channel,gemma-3-12b-it,no_people,1,"```json
{""response"": ""no_people""}
```",0.54,,R1
S-1|2314__600_0,S-1,aitod,channel,gemma-3-12b-it,cannot_judge,1,"```json
{""response"": ""cannot_judge""}
```",0.54,,R1
S-1|548__600_2343,S-1,aitod,channel,gemma-3-12b-it,cannot_judge,1,"```json
{""response"": ""cannot_judge""}
```",0.54,,R1
S-1|a7878c6e1,S-1,aitod,channel,gemma-3-12b-it,no_people,1,"```json
{""response"": ""no_people""}
```",0.54,,R1
S-1|ede0b68ec,S-1,aitod,channel,gemma-3-12b-it,no_people,1,"```json
{""response"": ""no_people""}
```",0.54,,R1
S-1|b73aca191,S-1,aitod,channel,gemma-3-12b-it,cannot_judge,1,"```json
{""response"": ""cannot_judge""}
```",0.54,,R1
S-1|20167,S-1,aitod,channel,gemma-3-12b-it,cannot_judge,1,"```json
{""response"": ""cannot_judge""}
```",0.54,,R1
S-1|24d24cf21,S-1,aitod,channel,gemma-3-12b-it,no_people,1,"```json
{""response"": ""no_people""}
```",0.54,,R1
S-1|1656__0_600,S-1,aitod,channel,gemma-3-12b-it,cannot_judge,1,"```json
{""response"": ""cannot_judge""}
```",0.54,,R1
S-1|1109__1200_0,S-1,aitod,channel,gemma-3-12b-it,cannot_judge,1,"```json
{""response"": ""cannot_judge""}
```",0.54,,R1
S-1|2044__1800_1843,S-1,aitod,channel,gemma-3-12b-it,cannot_judge,1,"```json
{""response"": ""cannot_judge""}
```",0.54,,R1
S-1|P1351__1.0__3600___0,S-1,aitod,channel,gemma-3-12b-it,cannot_judge,1,"```json
{""response"": ""cannot_judge""}
```",0.54,,R1
S-1|374551f84,S-1,aitod,channel,gemma-3-12b-it,cannot_judge,1,"```json
{""response"": ""cannot_judge""}
```",0.54,,R1
S-1|P2452__1.0__0___0,S-1,aitod,channel,gemma-3-12b-it,cannot_judge,1,"```json
{""response"": ""cannot_judge""}
```",0.54,,R1
S-1|1695__1800_0,S-1,aitod,channel,gemma-3-12b-it,cannot_judge,1,"```json
{""response"": ""cannot_judge""}
```",0.54,,R1
S-1|a5c43b9a1,S-1,aitod,channel,gemma-3-12b-it,cannot_judge,1,"```json
{""response"": ""cannot_judge""}
```",0.54,,R1
S-1|P1738__1.0__3200___600,S-1,aitod,channel,gemma-3-12b-it,cannot_judge,1,"```json
{""response"": ""cannot_judge""}
```",0.54,,R1
S-1|362__1200_1800,S-1,aitod,channel,gemma-3-12b-it,cannot_judge,1,"```json
{""response"": ""cannot_judge""}
```",0.54,,R1
S-1|23343,S-1,aitod,channel,gemma-3-12b-it,cannot_judge,1,"```json
{""response"": ""cannot_judge""}
```",0.54,,R1
S-1|738683c91,S-1,aitod,channel,gemma-3-12b-it,cannot_judge,1,"```json
{""response"": ""cannot_judge""}
```",0.54,,R1
S-1|02d35ca31,S-1,aitod,channel,gemma-3-12b-it,no_people,1,"```json
{""response"": ""no_people""}
```",0.54,,R1
S-1|417a6a164,S-1,aitod,channel,gemma-3-12b-it,no_people,1,"```json
{""response"": ""no_people""}
```",0.54,,R1
S-1|P2271__1.0__5400___600,S-1,aitod,channel,gemma-3-12b-it,cannot_judge,1,"```json
{""response"": ""cannot_judge""}
```",0.54,,R1
S-1|15195,S-1,aitod,channel,gemma-3-12b-it,cannot_judge,1,"```json
{""response"": ""cannot_judge""}
```",0.54,,R1
S-1|1dd963cd2,S-1,aitod,channel,gemma-3-12b-it,no_people,1,"```json
{""response"": ""no_people""}
```",0.54,,R1
S-1|P2662__1.0__1647___2133,S-1,aitod,channel,gemma-3-12b-it,cannot_judge,1,"```json
{""response"": ""cannot_judge""}
```",0.54,,R1
S-1|2518__0_0,S-1,aitod,channel,gemma-3-12b-it,cannot_judge,1,"```json
{""response"": ""cannot_judge""}
```",0.54,,R1
S-1|8163d467f,S-1,aitod,channel,gemma-3-12b-it,no_people,1,"```json
{""response"": ""no_people""}
```",0.54,,R1
S-1|3f910e25f,S-1,aitod,channel,gemma-3-12b-it,no_people,1,"```json
{""response"": ""no_people""}
```",0.54,,R1
S-1|53d435ef6,S-1,aitod,channel,gemma-3-12b-it,no_people,1,"```json
{""response"": ""no_people""}
```",0.54,,R1
S-1|9ff44c0b9,S-1,aitod,channel,gemma-3-12b-it,cannot_judge,1,"```json
{""response"": ""cannot_judge""}
```",0.54,,R1
S-1|118__0_1926,S-1,aitod,channel,gemma-3-12b-it,cannot_judge,1,"```json
{""response"": ""cannot_judge""}
```",0.54,,R1
S-1|58366a369,S-1,aitod,channel,gemma-3-12b-it,no_people,1,"```json
{""response"": ""no_people""}
```",0.54,,R1
S-1|9c0f79ae0,S-1,aitod,channel,gemma-3-12b-it,no_people,1,"```json
{""response"": ""no_people""}
```",0.54,,R1
S-1|548__1200_2343,S-1,aitod,channel,gemma-3-12b-it,cannot_judge,1,"```json
{""response"": ""cannot_judge""}
```",0.54,,R1
S-1|765__1200_0,S-1,aitod,channel,gemma-3-12b-it,cannot_judge,1,"```json
{""response"": ""cannot_judge""}
```",0.54,,R1
S-1|70f16e8b4,S-1,aitod,channel,gemma-3-12b-it,cannot_judge,1,"```json
{""response"": ""cannot_judge""}
```",0.54,,R1
S-1|3833d3359,S-1,aitod,channel,gemma-3-12b-it,cannot_judge,1,"```json
{""response"": ""cannot_judge""}
```",0.54,,R1
S-1|2567__1800_1200,S-1,aitod,channel,gemma-3-12b-it,cannot_judge,1,"```json
{""response"": ""cannot_judge""}
```",0.54,,R1
S-1|16442,S-1,aitod,channel,gemma-3-12b-it,cannot_judge,1,"```json
{""response"": ""cannot_judge""}
```",0.54,,R1
S-1|21721,S-1,aitod,channel,gemma-3-12b-it,cannot_judge,1,"```json
{""response"": ""cannot_judge""}
```",0.56,,R1
S-1|1253__0_1927,S-1,aitod,channel,gemma-3-12b-it,cannot_judge,1,"```json
{""response"": ""cannot_judge""}
```",0.55,,R1
S-1|P2173__1.0__1200___0,S-1,aitod,channel,gemma-3-12b-it,cannot_judge,1,"```json
{""response"": ""cannot_judge""}
```",0.55,,R1
S-1|P2696__1.0__2129___1200,S-1,aitod,channel,gemma-3-12b-it,cannot_judge,1,"```json
{""response"": ""cannot_judge""}
```",0.55,,R1
S-1|P0169__1.0__5400___1800,S-1,aitod,channel,gemma-3-12b-it,cannot_judge,1,"```json
{""response"": ""cannot_judge""}
```",0.55,,R1
S-1|2353__1800_2397,S-1,aitod,channel,gemma-3-12b-it,cannot_judge,1,"```json
{""response"": ""cannot_judge""}
```",0.55,,R1
S-1|00844,S-1,aitod,channel,gemma-3-12b-it,cannot_judge,1,"```json
{""response"": ""cannot_judge""}
```",0.55,,R1
S-1|9dcbe59ad,S-1,aitod,channel,gemma-3-12b-it,no_people,1,"```json
{""response"": ""no_people""}
```",0.54,,R1
S-1|P2190__1.0__178___554,S-1,aitod,channel,gemma-3-12b-it,cannot_judge,1,"```json
{""response"": ""cannot_judge""}
```",0.55,,R1
S-1|1216__2093_0,S-1,aitod,channel,gemma-3-12b-it,cannot_judge,1,"```json
{""response"": ""cannot_judge""}
```",0.54,,R1
S-1|1bbde0436,S-1,aitod,channel,gemma-3-12b-it,cannot_judge,1,"```json
{""response"": ""cannot_judge""}
```",0.54,,R1
S-1|1092__3000_1200,S-1,aitod,channel,gemma-3-12b-it,cannot_judge,1,"```json
{""response"": ""cannot_judge""}
```",0.54,,R1
S-1|4aa57e13c,S-1,aitod,channel,gemma-3-12b-it,no_people,1,"```json
{""response"": ""no_people""}
```",0.54,,R1
S-1|17530,S-1,aitod,channel,gemma-3-12b-it,cannot_judge,1,"```json
{""response"": ""cannot_judge""}
```",0.54,,R1
S-1|05ef7a103,S-1,aitod,channel,gemma-3-12b-it,cannot_judge,1,"```json
{""response"": ""cannot_judge""}
```",0.54,,R1
S-1|fd56e5a5c,S-1,aitod,channel,gemma-3-12b-it,no_people,1,"```json
{""response"": ""no_people""}
```",0.54,,R1
S-1|3d8aa8e48,S-1,aitod,channel,gemma-3-12b-it,no_people,1,"```json
{""response"": ""no_people""}
```",0.54,,R1
S-1|91ffb2d89,S-1,aitod,channel,gemma-3-12b-it,no_people,1,"```json
{""response"": ""no_people""}
```",0.54,,R1
S-1|16071,S-1,aitod,channel,gemma-3-12b-it,cannot_judge,1,"```json
{""response"": ""cannot_judge""}
```",0.54,,R1
S-1|23139,S-1,aitod,channel,gemma-3-12b-it,cannot_judge,1,"```json
{""response"": ""cannot_judge""}
```",0.54,,R1
S-1|02155,S-1,aitod,channel,gemma-3-12b-it,cannot_judge,1,"```json
{""response"": ""cannot_judge""}
```",0.54,,R1
S-1|fdbb8858d,S-1,aitod,channel,gemma-3-12b-it,no_people,1,"```json
{""response"": ""no_people""}
```",0.54,,R1
S-1|2305__1800_600,S-1,aitod,channel,gemma-3-12b-it,cannot_judge,1,"```json
{""response"": ""cannot_judge""}
```",0.54,,R1
S-1|22247,S-1,aitod,channel,gemma-3-12b-it,cannot_judge,1,"```json
{""response"": ""cannot_judge""}
```",0.54,,R1
S-1|1675__1800_0,S-1,aitod,channel,gemma-3-12b-it,cannot_judge,1,"```json
{""response"": ""cannot_judge""}
```",0.54,,R1
S-1|P2482__1.0__0___600,S-1,aitod,channel,gemma-3-12b-it,no_people,1,"```json
{""response"": ""no_people""}
```",0.54,,R1
S-1|f6ed2c8a7,S-1,aitod,channel,gemma-3-12b-it,cannot_judge,1,"```json
{""response"": ""cannot_judge""}
```",0.54,,R1
S-1|13276,S-1,aitod,channel,gemma-3-12b-it,cannot_judge,1,"```json
{""response"": ""cannot_judge""}
```",0.54,,R1
S-1|700e20404,S-1,aitod,channel,gemma-3-12b-it,cannot_judge,1,"```json
{""response"": ""cannot_judge""}
```",0.54,,R1
S-1|307__1200_0,S-1,aitod,channel,gemma-3-12b-it,no_people,1,"```json
{""response"": ""no_people""}
```",0.54,,R1
S-1|17679,S-1,aitod,channel,gemma-3-12b-it,cannot_judge,1,"```json
{""response"": ""cannot_judge""}
```",0.54,,R1
S-1|P2331__1.0__2474___600,S-1,aitod,channel,gemma-3-12b-it,cannot_judge,1,"```json
{""response"": ""cannot_judge""}
```",0.54,,R1
S-1|744__1800_1800,S-1,aitod,channel,gemma-3-12b-it,cannot_judge,1,"```json
{""response"": ""cannot_judge""}
```",0.54,,R1
S-1|f561966cd,S-1,aitod,channel,gemma-3-12b-it,no_people,1,"```json
{""response"": ""no_people""}
```",0.54,,R1
S-1|66b4c0646,S-1,aitod,channel,gemma-3-12b-it,cannot_judge,1,"```json
{""response"": ""cannot_judge""}
```",0.54,,R1
S-1|9afb57e90,S-1,aitod,channel,gemma-3-12b-it,no_people,1,"```json
{""response"": ""no_people""}
```",0.54,,R1
S-1|1454__600_600,S-1,aitod,channel,gemma-3-12b-it,cannot_judge,1,"```json
{""response"": ""cannot_judge""}
```",0.54,,R1
S-1|acd9a6662,S-1,aitod,channel,gemma-3-12b-it,cannot_judge,1,"```json
{""response"": ""cannot_judge""}
```",0.54,,R1
S-1|f033a03f6,S-1,aitod,channel,gemma-3-12b-it,no_people,1,"```json
{""response"": ""no_people""}
```",0.54,,R1
S-2|000000509260.jpg,S-2,coco,channel,gemma-3-12b-it,no_people,1,"```json
{""response"": ""no_people""}
```",0.54,,R1
S-2|000000005600.jpg,S-2,coco,channel,gemma-3-12b-it,no_people,1,"```json
{""response"": ""no_people""}
```",0.54,,R1
S-2|000000118515.jpg,S-2,coco,channel,gemma-3-12b-it,no_people,1,"```json
{""response"": ""no_people""}
```",0.53,,R1
S-2|000000567825.jpg,S-2,coco,channel,gemma-3-12b-it,no_people,1,"```json
{""response"": ""no_people""}
```",0.53,,R1
S-2|000000375430.jpg,S-2,coco,channel,gemma-3-12b-it,no_people,1,"```json
{""response"": ""no_people""}
```",0.53,,R1
S-2|000000546556.jpg,S-2,coco,channel,gemma-3-12b-it,cannot_judge,1,"```json
{""response"": ""cannot_judge""}
```",0.54,,R1
S-2|000000579091.jpg,S-2,coco,channel,gemma-3-12b-it,no_people,1,"```json
{""response"": ""no_people""}
```",0.53,,R1
S-2|000000140929.jpg,S-2,coco,channel,gemma-3-12b-it,no_people,1,"```json
{""response"": ""no_people""}
```",0.53,,R1
S-2|000000290592.jpg,S-2,coco,channel,gemma-3-12b-it,no_people,1,"```json
{""response"": ""no_people""}
```",0.53,,R1
S-2|000000104612.jpg,S-2,coco,channel,gemma-3-12b-it,no_people,1,"```json
{""response"": ""no_people""}
```",0.54,,R1
S-2|000000024610.jpg,S-2,coco,channel,gemma-3-12b-it,cannot_judge,1,"{""response"": ""cannot_judge""}",0.44,,R1
S-2|000000014888.jpg,S-2,coco,channel,gemma-3-12b-it,no_people,1,"```json
{""response"": ""no_people""}
```",0.6,,R1
S-2|000000404479.jpg,S-2,coco,channel,gemma-3-12b-it,no_people,1,"```json
{""response"": ""no_people""}
```",0.6,,R1
S-2|000000447200.jpg,S-2,coco,channel,gemma-3-12b-it,cannot_judge,1,"```json
{""response"": ""cannot_judge""}
```",0.6,,R1
S-2|000000069106.jpg,S-2,coco,channel,gemma-3-12b-it,no_people,1,"```json
{""response"": ""no_people""}
```",0.54,,R1
S-2|000000376442.jpg,S-2,coco,channel,gemma-3-12b-it,no_people,1,"```json
{""response"": ""no_people""}
```",0.54,,R1
S-2|000000255165.jpg,S-2,coco,channel,gemma-3-12b-it,no_people,1,"```json
{""response"": ""no_people""}
```",0.54,,R1
S-2|000000068833.jpg,S-2,coco,channel,gemma-3-12b-it,no_people,1,"```json
{""response"": ""no_people""}
```",0.54,,R1
S-2|000000458663.jpg,S-2,coco,channel,gemma-3-12b-it,cannot_judge,1,"```json
{""response"": ""cannot_judge""}
```",0.54,,R1
S-2|000000189828.jpg,S-2,coco,channel,gemma-3-12b-it,no_people,1,"```json
{""response"": ""no_people""}
```",0.54,,R1
S-2|000000000285.jpg,S-2,coco,channel,gemma-3-12b-it,no_people,1,"```json
{""response"": ""no_people""}
```",0.54,,R1
S-2|000000083113.jpg,S-2,coco,channel,gemma-3-12b-it,no_people,1,"```json
{""response"": ""no_people""}
```",0.54,,R1
S-2|000000285788.jpg,S-2,coco,channel,gemma-3-12b-it,no_people,1,"{""response"": ""no_people""}",0.45,,R1
S-2|000000248111.jpg,S-2,coco,channel,gemma-3-12b-it,no_people,1,"{""response"": ""no_people""}",0.45,,R1
S-2|000000284279.jpg,S-2,coco,channel,gemma-3-12b-it,no_people,1,"```json
{""response"": ""no_people""}
```",0.6,,R1
S-2|000000464251.jpg,S-2,coco,channel,gemma-3-12b-it,no_people,1,"```json
{""response"": ""no_people""}
```",0.6,,R1
S-2|000000239627.jpg,S-2,coco,channel,gemma-3-12b-it,no_people,1,"{""response"": ""no_people""}",0.32,,R1
S-2|000000315257.jpg,S-2,coco,channel,gemma-3-12b-it,no_people,1,"```json
{""response"": ""no_people""}
```",0.53,,R1
S-2|000000236412.jpg,S-2,coco,channel,gemma-3-12b-it,no_people,1,"{""response"": ""no_people""}",0.42,,R1
S-2|000000577735.jpg,S-2,coco,channel,gemma-3-12b-it,no_people,1,"```json
{""response"": ""no_people""}
```",0.6,,R1
S-2|000000124975.jpg,S-2,coco,channel,gemma-3-12b-it,no_people,1,"```json
{""response"": ""no_people""}
```",0.61,,R1
S-2|000000165257.jpg,S-2,coco,channel,gemma-3-12b-it,no_people,1,"{""response"": ""no_people""}",0.43,,R1
S-2|000000186422.jpg,S-2,coco,channel,gemma-3-12b-it,no_people,1,"```json
{""response"": ""no_people""}
```",0.6,,R1
S-2|000000386277.jpg,S-2,coco,channel,gemma-3-12b-it,no_people,1,"```json
{""response"": ""no_people""}
```",0.55,,R1
S-2|000000540280.jpg,S-2,coco,channel,gemma-3-12b-it,no_people,1,"```json
{""response"": ""no_people""}
```",0.55,,R1
S-2|000000221693.jpg,S-2,coco,channel,gemma-3-12b-it,no_people,1,"{""response"": ""no_people""}",0.32,,R1
S-2|000000269314.jpg,S-2,coco,channel,gemma-3-12b-it,1,1,"```json
{""response"": ""1""}
```",0.5,1,R1
S-2|000000037777.jpg,S-2,coco,channel,gemma-3-12b-it,cannot_judge,1,"```json
{""response"": ""cannot_judge""}
```",0.54,,R1
S-2|000000489046.jpg,S-2,coco,channel,gemma-3-12b-it,no_people,1,"```json
{""response"": ""no_people""}
```",0.54,,R1
S-2|000000385205.jpg,S-2,coco,channel,gemma-3-12b-it,no_people,1,"```json
{""response"": ""no_people""}
```",0.55,,R1
S-2|000000525322.jpg,S-2,coco,channel,gemma-3-12b-it,cannot_judge,1,"```json
{""response"": ""cannot_judge""}
```",0.53,,R1
S-2|000000139883.jpg,S-2,coco,channel,gemma-3-12b-it,no_people,1,"```json
{""response"": ""no_people""}
```",0.55,,R1
S-2|000000519611.jpg,S-2,coco,channel,gemma-3-12b-it,no_people,1,"```json
{""response"": ""no_people""}
```",0.55,,R1
S-2|000000100582.jpg,S-2,coco,channel,gemma-3-12b-it,no_people,1,"```json
{""response"": ""no_people""}
```",0.54,,R1
S-2|000000162130.jpg,S-2,coco,channel,gemma-3-12b-it,no_people,1,"```json
{""response"": ""no_people""}
```",0.53,,R1
S-2|000000110638.jpg,S-2,coco,channel,gemma-3-12b-it,no_people,1,"{""response"": ""no_people""}",0.46,,R1
S-2|000000377497.jpg,S-2,coco,channel,gemma-3-12b-it,no_people,1,"```json
{""response"": ""no_people""}
```",0.61,,R1
S-2|000000140658.jpg,S-2,coco,channel,gemma-3-12b-it,no_people,1,"```json
{""response"": ""no_people""}
```",0.61,,R1
S-2|000000325306.jpg,S-2,coco,channel,gemma-3-12b-it,no_people,1,"```json
{""response"": ""no_people""}
```",0.54,,R1
S-2|000000386134.jpg,S-2,coco,channel,gemma-3-12b-it,no_people,1,"```json
{""response"": ""no_people""}
```",0.54,,R1
S-2|000000156278.jpg,S-2,coco,channel,gemma-3-12b-it,cannot_judge,1,"{""response"": ""cannot_judge""}",0.4,,R1
S-2|000000335427.jpg,S-2,coco,channel,gemma-3-12b-it,no_people,1,"```json
{""response"": ""no_people""}
```",0.62,,R1
S-2|000000352584.jpg,S-2,coco,channel,gemma-3-12b-it,no_people,1,"```json
{""response"": ""no_people""}
```",0.53,,R1
S-2|000000163951.jpg,S-2,coco,channel,gemma-3-12b-it,no_people,1,"```json
{""response"": ""no_people""}
```",0.53,,R1
S-2|000000057232.jpg,S-2,coco,channel,gemma-3-12b-it,no_people,1,"```json
{""response"": ""no_people""}
```",0.53,,R1
S-2|000000113403.jpg,S-2,coco,channel,gemma-3-12b-it,no_people,1,"```json
{""response"": ""no_people""}
```",0.53,,R1
S-2|000000491725.jpg,S-2,coco,channel,gemma-3-12b-it,cannot_judge,1,"```json
{""response"": ""cannot_judge""}
```",0.53,,R1
S-2|000000455981.jpg,S-2,coco,channel,gemma-3-12b-it,no_people,1,"```json
{""response"": ""no_people""}
```",0.53,,R1
S-2|000000437392.jpg,S-2,coco,channel,gemma-3-12b-it,no_people,1,"```json
{""response"": ""no_people""}
```",0.53,,R1
S-2|000000320632.jpg,S-2,coco,channel,gemma-3-12b-it,no_people,1,"```json
{""response"": ""no_people""}
```",0.53,,R1
S-2|000000182202.jpg,S-2,coco,channel,gemma-3-12b-it,no_people,1,"```json
{""response"": ""no_people""}
```",0.53,,R1
S-2|000000054123.jpg,S-2,coco,channel,gemma-3-12b-it,no_people,1,"```json
{""response"": ""no_people""}
```",0.53,,R1
S-2|000000565469.jpg,S-2,coco,channel,gemma-3-12b-it,no_people,1,"```json
{""response"": ""no_people""}
```",0.53,,R1
S-2|000000436315.jpg,S-2,coco,channel,gemma-3-12b-it,no_people,1,"```json
{""response"": ""no_people""}
```",0.53,,R1
S-2|000000160666.jpg,S-2,coco,channel,gemma-3-12b-it,no_people,1,"```json
{""response"": ""no_people""}
```",0.53,,R1
S-2|000000395701.jpg,S-2,coco,channel,gemma-3-12b-it,cannot_judge,1,"```json
{""response"": ""cannot_judge""}
```",0.53,,R1
S-2|000000197022.jpg,S-2,coco,channel,gemma-3-12b-it,no_people,1,"```json
{""response"": ""no_people""}
```",0.53,,R1
S-2|000000415194.jpg,S-2,coco,channel,gemma-3-12b-it,no_people,1,"```json
{""response"": ""no_people""}
```",0.53,,R1
S-2|000000117914.jpg,S-2,coco,channel,gemma-3-12b-it,no_people,1,"```json
{""response"": ""no_people""}
```",0.53,,R1
S-2|000000292005.jpg,S-2,coco,channel,gemma-3-12b-it,no_people,1,"```json
{""response"": ""no_people""}
```",0.53,,R1
S-2|000000479596.jpg,S-2,coco,channel,gemma-3-12b-it,cannot_judge,1,"```json
{""response"": ""cannot_judge""}
```",0.53,,R1
S-2|000000451150.jpg,S-2,coco,channel,gemma-3-12b-it,no_people,1,"```json
{""response"": ""no_people""}
```",0.53,,R1
S-2|000000498286.jpg,S-2,coco,channel,gemma-3-12b-it,no_people,1,"```json
{""response"": ""no_people""}
```",0.53,,R1
S-2|000000571893.jpg,S-2,coco,channel,gemma-3-12b-it,no_people,1,"```json
{""response"": ""no_people""}
```",0.53,,R1
S-2|000000255824.jpg,S-2,coco,channel,gemma-3-12b-it,no_people,1,"```json
{""response"": ""no_people""}
```",0.53,,R1
S-2|000000553339.jpg,S-2,coco,channel,gemma-3-12b-it,cannot_judge,1,"```json
{""response"": ""cannot_judge""}
```",0.53,,R1
S-2|000000322429.jpg,S-2,coco,channel,gemma-3-12b-it,no_people,1,"```json
{""response"": ""no_people""}
```",0.53,,R1
S-2|000000578500.jpg,S-2,coco,channel,gemma-3-12b-it,cannot_judge,1,"```json
{""response"": ""cannot_judge""}
```",0.53,,R1
S-2|000000133778.jpg,S-2,coco,channel,gemma-3-12b-it,no_people,1,"```json
{""response"": ""no_people""}
```",0.53,,R1
S-2|000000061471.jpg,S-2,coco,channel,gemma-3-12b-it,no_people,1,"```json
{""response"": ""no_people""}
```",0.53,,R1
S-2|000000300155.jpg,S-2,coco,channel,gemma-3-12b-it,no_people,1,"```json
{""response"": ""no_people""}
```",0.53,,R1
S-2|000000365766.jpg,S-2,coco,channel,gemma-3-12b-it,no_people,1,"{""response"": ""no_people""}",0.45,,R1
S-2|000000207585.jpg,S-2,coco,channel,gemma-3-12b-it,no_people,1,"```json
{""response"": ""no_people""}
```",0.6,,R1
S-2|000000022396.jpg,S-2,coco,channel,gemma-3-12b-it,no_people,1,"```json
{""response"": ""no_people""}
```",0.53,,R1
S-2|000000313783.jpg,S-2,coco,channel,gemma-3-12b-it,no_people,1,"```json
{""response"": ""no_people""}
```",0.53,,R1
S-2|000000459396.jpg,S-2,coco,channel,gemma-3-12b-it,no_people,1,"```json
{""response"": ""no_people""}
```",0.53,,R1
S-2|000000382743.jpg,S-2,coco,channel,gemma-3-12b-it,cannot_judge,1,"```json
{""response"": ""cannot_judge""}
```",0.53,,R1
S-2|000000248980.jpg,S-2,coco,channel,gemma-3-12b-it,no_people,1,"```json
{""response"": ""no_people""}
```",0.53,,R1
S-2|000000484760.jpg,S-2,coco,channel,gemma-3-12b-it,no_people,1,"```json
{""response"": ""no_people""}
```",0.48,,R1
S-2|000000138819.jpg,S-2,coco,channel,gemma-3-12b-it,no_people,1,"{""response"": ""no_people""}",0.33,,R1
S-2|000000282296.jpg,S-2,coco,channel,gemma-3-12b-it,cannot_judge,1,"```json
{""response"": ""cannot_judge""}
```",0.53,,R1
S-2|000000529105.jpg,S-2,coco,channel,gemma-3-12b-it,no_people,1,"{""response"": ""no_people""}",0.46,,R1
S-2|000000032811.jpg,S-2,coco,channel,gemma-3-12b-it,no_people,1,"```json
{""response"": ""no_people""}
```",0.58,,R1
S-2|000000449406.jpg,S-2,coco,channel,gemma-3-12b-it,no_people,1,"```json
{""response"": ""no_people""}
```",0.54,,R1
S-2|000000349678.jpg,S-2,coco,channel,gemma-3-12b-it,no_people,1,"```json
{""response"": ""no_people""}
```",0.53,,R1
S-2|000000548506.jpg,S-2,coco,channel,gemma-3-12b-it,no_people,1,"```json
{""response"": ""no_people""}
```",0.53,,R1
S-2|000000104455.jpg,S-2,coco,channel,gemma-3-12b-it,no_people,1,"{""response"": ""no_people""}",0.4,,R1
S-2|000000018575.jpg,S-2,coco,channel,gemma-3-12b-it,no_people,1,"```json
{""response"": ""no_people""}
```",0.58,,R1
S-2|000000222235.jpg,S-2,coco,channel,gemma-3-12b-it,no_people,1,"```json
{""response"": ""no_people""}
```",0.53,,R1
S-2|000000023023.jpg,S-2,coco,channel,gemma-3-12b-it,no_people,1,"```json
{""response"": ""no_people""}
```",0.53,,R1
S-2|000000033707.jpg,S-2,coco,channel,gemma-3-12b-it,no_people,1,"```json
{""response"": ""no_people""}
```",0.53,,R1
S-2|000000472046.jpg,S-2,coco,channel,gemma-3-12b-it,cannot_judge,1,"```json
{""response"": ""cannot_judge""}
```",0.53,,R1
S-2|000000486046.jpg,S-2,coco,channel,gemma-3-12b-it,cannot_judge,1,"```json
{""response"": ""cannot_judge""}
```",0.53,,R1
S-2|000000187271.jpg,S-2,coco,channel,gemma-3-12b-it,no_people,1,"```json
{""response"": ""no_people""}
```",0.53,,R1
S-2|000000289516.jpg,S-2,coco,channel,gemma-3-12b-it,no_people,1,"```json
{""response"": ""no_people""}
```",0.53,,R1
S-2|000000557172.jpg,S-2,coco,channel,gemma-3-12b-it,no_people,1,"```json
{""response"": ""no_people""}
```",0.53,,R1
S-2|000000172396.jpg,S-2,coco,channel,gemma-3-12b-it,no_people,1,"```json
{""response"": ""no_people""}
```",0.53,,R1
S-2|000000079144.jpg,S-2,coco,channel,gemma-3-12b-it,no_people,1,"```json
{""response"": ""no_people""}
```",0.53,,R1
S-2|000000148783.jpg,S-2,coco,channel,gemma-3-12b-it,no_people,1,"```json
{""response"": ""no_people""}
```",0.52,,R1
S-2|000000070158.jpg,S-2,coco,channel,gemma-3-12b-it,no_people,1,"```json
{""response"": ""no_people""}
```",0.53,,R1
S-2|000000237928.jpg,S-2,coco,channel,gemma-3-12b-it,no_people,1,"```json
{""response"": ""no_people""}
```",0.53,,R1
S-2|000000106563.jpg,S-2,coco,channel,gemma-3-12b-it,cannot_judge,1,"```json
{""response"": ""cannot_judge""}
```",0.55,,R1
S-2|000000298738.jpg,S-2,coco,channel,gemma-3-12b-it,no_people,1,"```json
{""response"": ""no_people""}
```",0.53,,R1
S-2|000000030494.jpg,S-2,coco,channel,gemma-3-12b-it,no_people,1,"```json
{""response"": ""no_people""}
```",0.53,,R1
S-2|000000125072.jpg,S-2,coco,channel,gemma-3-12b-it,cannot_judge,1,"```json
{""response"": ""cannot_judge""}
```",0.53,,R1
S-2|000000006614.jpg,S-2,coco,channel,gemma-3-12b-it,no_people,1,"```json
{""response"": ""no_people""}
```",0.53,,R1
S-2|000000051598.jpg,S-2,coco,channel,gemma-3-12b-it,no_people,1,"```json
{""response"": ""no_people""}
```",0.53,,R1
S-2|000000000802.jpg,S-2,coco,channel,gemma-3-12b-it,no_people,1,"{""response"": ""no_people""}",0.45,,R1
S-2|000000119828.jpg,S-2,coco,channel,gemma-3-12b-it,no_people,1,"```json
{""response"": ""no_people""}
```",0.6,,R1
S-2|000000278353.jpg,S-2,coco,channel,gemma-3-12b-it,no_people,1,"{""response"": ""no_people""}",0.47,,R1
S-2|000000057027.jpg,S-2,coco,channel,gemma-3-12b-it,no_people,1,"```json
{""response"": ""no_people""}
```",0.6,,R1
S-2|000000051309.jpg,S-2,coco,channel,gemma-3-12b-it,no_people,1,"```json
{""response"": ""no_people""}
```",0.53,,R1
S-2|000000000632.jpg,S-2,coco,channel,gemma-3-12b-it,no_people,1,"```json
{""response"": ""no_people""}
```",0.53,,R1
S-2|000000356261.jpg,S-2,coco,channel,gemma-3-12b-it,cannot_judge,1,"```json
{""response"": ""cannot_judge""}
```",0.53,,R1
S-2|000000414261.jpg,S-2,coco,channel,gemma-3-12b-it,no_people,1,"```json
{""response"": ""no_people""}
```",0.53,,R1
S-2|000000357081.jpg,S-2,coco,channel,gemma-3-12b-it,no_people,1,"```json
{""response"": ""no_people""}
```",0.53,,R1
S-2|000000344100.jpg,S-2,coco,channel,gemma-3-12b-it,no_people,1,"```json
{""response"": ""no_people""}
```",0.53,,R1
S-2|000000141328.jpg,S-2,coco,channel,gemma-3-12b-it,no_people,1,"{""response"": ""no_people""}",0.38,,R1
S-2|000000030213.jpg,S-2,coco,channel,gemma-3-12b-it,no_people,1,"```json
{""response"": ""no_people""}
```",0.53,,R1
S-2|000000530836.jpg,S-2,coco,channel,gemma-3-12b-it,no_people,1,"```json
{""response"": ""no_people""}
```",0.54,,R1
S-2|000000319696.jpg,S-2,coco,channel,gemma-3-12b-it,no_people,1,"```json
{""response"": ""no_people""}
```",0.54,,R1
S-2|000000453981.jpg,S-2,coco,channel,gemma-3-12b-it,no_people,1,"```json
{""response"": ""no_people""}
```",0.54,,R1
S-2|000000267351.jpg,S-2,coco,channel,gemma-3-12b-it,no_people,1,"```json
{""response"": ""no_people""}
```",0.54,,R1
S-2|000000332455.jpg,S-2,coco,channel,gemma-3-12b-it,no_people,1,"```json
{""response"": ""no_people""}
```",0.53,,R1
S-2|000000129322.jpg,S-2,coco,channel,gemma-3-12b-it,cannot_judge,1,"```json
{""response"": ""cannot_judge""}
```",0.53,,R1
S-2|000000035770.jpg,S-2,coco,channel,gemma-3-12b-it,cannot_judge,1,"```json
{""response"": ""cannot_judge""}
```",0.53,,R1
S-2|000000031269.jpg,S-2,coco,channel,gemma-3-12b-it,no_people,1,"```json
{""response"": ""no_people""}
```",0.55,,R1
S-2|000000560279.jpg,S-2,coco,channel,gemma-3-12b-it,no_people,1,"```json
{""response"": ""no_people""}
```",0.53,,R1
S-2|000000207538.jpg,S-2,coco,channel,gemma-3-12b-it,no_people,1,"```json
{""response"": ""no_people""}
```",0.53,,R1
S-2|000000191761.jpg,S-2,coco,channel,gemma-3-12b-it,no_people,1,"```json
{""response"": ""no_people""}
```",0.53,,R1
S-2|000000298396.jpg,S-2,coco,channel,gemma-3-12b-it,cannot_judge,1,"```json
{""response"": ""cannot_judge""}
```",0.53,,R1
S-2|000000114871.jpg,S-2,coco,channel,gemma-3-12b-it,no_people,1,"```json
{""response"": ""no_people""}
```",0.53,,R1
S-2|000000351362.jpg,S-2,coco,channel,gemma-3-12b-it,no_people,1,"```json
{""response"": ""no_people""}
```",0.53,,R1
S-2|000000153217.jpg,S-2,coco,channel,gemma-3-12b-it,no_people,1,"```json
{""response"": ""no_people""}
```",0.53,,R1
S-2|000000179285.jpg,S-2,coco,channel,gemma-3-12b-it,no_people,1,"```json
{""response"": ""no_people""}
```",0.53,,R1
S-2|000000008629.jpg,S-2,coco,channel,gemma-3-12b-it,cannot_judge,1,"```json
{""response"": ""cannot_judge""}
```",0.53,,R1
S-2|000000305343.jpg,S-2,coco,channel,gemma-3-12b-it,no_people,1,"```json
{""response"": ""no_people""}
```",0.53,,R1
S-2|000000450439.jpg,S-2,coco,channel,gemma-3-12b-it,no_people,1,"```json
{""response"": ""no_people""}
```",0.47,,R1
S-2|000000430048.jpg,S-2,coco,channel,gemma-3-12b-it,cannot_judge,1,"```json
{""response"": ""cannot_judge""}
```",0.47,,R1
S-2|000000217425.jpg,S-2,coco,channel,gemma-3-12b-it,no_people,1,"```json
{""response"": ""no_people""}
```",0.34,,R1
