item,n,r,layout,sigma,overlap,pred,parse_ok,abstain,refuse,raw
n300_r4_scattered_s2_1,300,4,scattered,2,0.000,144,1,0,0,"{""count"": 144}"
n300_r4_scattered_s0_1,300,4,scattered,0,0.000,198,1,0,0,"{""count"": 198}"
n300_r4_scattered_s0_4,300,4,scattered,0,0.000,198,1,0,0,"{""count"": 198}"
n300_r4_scattered_s0_3,300,4,scattered,0,0.000,198,1,0,0,"{""count"": 198}"
n300_r4_scattered_s0_8,300,4,scattered,0,0.000,199,1,0,0,"{""count"": 199}"
n300_r4_scattered_s0_2,300,4,scattered,0,0.000,198,1,0,0,"{""count"": 198}"
n300_r4_scattered_s2_3,300,4,scattered,2,0.000,144,1,0,0,"{""count"": 144}"
n300_r4_scattered_s2_5,300,4,scattered,2,0.000,144,1,0,0,"{""count"": 144}"
n300_r4_scattered_s2_7,300,4,scattered,2,0.000,144,1,0,0,"{""count"": 144}"
n300_r4_scattered_s4_0,300,4,scattered,4,0.000,144,1,0,0,"{""count"": 144}"
n300_r4_scattered_s0_9,300,4,scattered,0,0.000,198,1,0,0,"{""count"": 198}"
n300_r4_scattered_s0_7,300,4,scattered,0,0.000,198,1,0,0,"{""count"": 198}"
n300_r4_scattered_s2_6,300,4,scattered,2,0.000,100,1,0,0,"{""count"": 100}"
n300_r4_scattered_s0_6,300,4,scattered,0,0.000,198,1,0,0,"{""count"": 198}"
n300_r4_scattered_s2_2,300,4,scattered,2,0.000,144,1,0,0,"{""count"": 144}"
n300_r4_scattered_s0_0,300,4,scattered,0,0.000,198,1,0,0,"{""count"": 198}"
n300_r4_scattered_s2_9,300,4,scattered,2,0.000,100,1,0,0,"{""count"": 100}"
n300_r4_scattered_s2_8,300,4,scattered,2,0.000,100,1,0,0,"{""count"": 100}"
n300_r4_scattered_s2_4,300,4,scattered,2,0.000,144,1,0,0,"{""count"": 144}"
n300_r4_scattered_s0_5,300,4,scattered,0,0.000,198,1,0,0,"{""count"": 198}"
n300_r4_scattered_s4_1,300,4,scattered,4,0.000,100,1,0,0,"{""count"": 100}"
n300_r4_scattered_s2_0,300,4,scattered,2,0.000,100,1,0,0,"{""count"": 100}"
n300_r4_scattered_s4_2,300,4,scattered,4,0.000,144,1,0,0,"{""count"": 144}"
n300_r4_scattered_s4_3,300,4,scattered,4,0.000,144,1,0,0,"{""count"": 144}"
n300_r4_scattered_s4_4,300,4,scattered,4,0.000,144,1,0,0,"{""count"": 144}"
n300_r4_scattered_s4_5,300,4,scattered,4,0.000,144,1,0,0,"{""count"": 144}"
n300_r4_scattered_s4_6,300,4,scattered,4,0.000,144,1,0,0,"{""count"": 144}"
n300_r4_scattered_s4_7,300,4,scattered,4,0.000,144,1,0,0,"{""count"": 144}"
n300_r4_scattered_s4_8,300,4,scattered,4,0.000,100,1,0,0,"{""count"": 100}"
n300_r4_scattered_s8_0,300,4,scattered,8,0.000,0,1,1,0,"{""count"": 0}"
n300_r4_scattered_s4_9,300,4,scattered,4,0.000,100,1,0,0,"{""count"": 100}"
n300_r4_scattered_s8_1,300,4,scattered,8,0.000,0,1,1,0,"{""count"": 0}"
n300_r4_scattered_s8_2,300,4,scattered,8,0.000,0,1,1,0,"{""count"": 0}"
n300_r4_scattered_s8_3,300,4,scattered,8,0.000,0,1,1,0,"{""count"": 0}"
n300_r4_scattered_s8_4,300,4,scattered,8,0.000,0,1,1,0,"{""count"": 0}"
n300_r4_scattered_s8_5,300,4,scattered,8,0.000,0,1,1,0,"{""count"": 0}"
n300_r4_scattered_s8_6,300,4,scattered,8,0.000,0,1,1,0,"{""count"": 0}"
n300_r4_scattered_s8_7,300,4,scattered,8,0.000,0,1,1,0,"{""count"": 0}"
n300_r4_scattered_s8_8,300,4,scattered,8,0.000,0,1,1,0,"{""count"": 0}"
n300_r4_scattered_s8_9,300,4,scattered,8,0.000,100,1,0,0,"{""count"": 100}"
n300_r4_clustered_s0_0,300,4,clustered,0,2.427,87,1,0,0,"{""count"": 87}"
n300_r4_clustered_s0_1,300,4,clustered,0,2.247,80,1,0,0,"{""count"": 80}"
n300_r4_clustered_s0_2,300,4,clustered,0,2.573,98,1,0,0,"{""count"": 98}"
n300_r4_clustered_s0_3,300,4,clustered,0,2.193,87,1,0,0,"{""count"": 87}"
n300_r4_clustered_s0_4,300,4,clustered,0,2.200,78,1,0,0,"{""count"": 78}"
n300_r4_clustered_s0_5,300,4,clustered,0,2.613,100,1,0,0,"{""count"": 100}"
n300_r4_clustered_s0_6,300,4,clustered,0,1.973,100,1,0,0,"{""count"": 100}"
n300_r4_clustered_s0_7,300,4,clustered,0,2.533,87,1,0,0,"{""count"": 87}"
n300_r4_clustered_s0_8,300,4,clustered,0,2.053,100,1,0,0,"{""count"": 100}"
n300_r4_clustered_s2_0,300,4,clustered,2,2.280,0,1,1,0,"{""count"": 0}"
n300_r4_clustered_s0_9,300,4,clustered,0,2.380,98,1,0,0,"{""count"": 98}"
n300_r4_clustered_s2_1,300,4,clustered,2,1.887,0,1,1,0,"{""count"": 0}"
n300_r4_clustered_s2_2,300,4,clustered,2,2.073,0,1,1,0,"{""count"": 0}"
n300_r4_clustered_s2_3,300,4,clustered,2,2.253,0,1,1,0,"{""count"": 0}"
n300_r4_clustered_s2_4,300,4,clustered,2,1.960,0,1,1,0,"{""count"": 0}"
n300_r4_clustered_s2_5,300,4,clustered,2,2.373,3,1,0,0,"{""count"": 3}"
n300_r4_clustered_s2_6,300,4,clustered,2,1.673,0,1,1,0,"{""count"": 0}"
n300_r4_clustered_s2_7,300,4,clustered,2,2.293,0,1,1,0,"{""count"": 0}"
n300_r4_clustered_s2_8,300,4,clustered,2,1.807,0,1,1,0,"{""count"": 0}"
n300_r4_clustered_s2_9,300,4,clustered,2,3.000,0,1,1,0,"{""count"": 0}"
n300_r4_clustered_s4_0,300,4,clustered,4,2.240,0,1,1,0,"{""count"": 0}"
n300_r4_clustered_s4_1,300,4,clustered,4,1.787,0,1,1,0,"{""count"": 0}"
n300_r4_clustered_s4_2,300,4,clustered,4,1.980,3,1,0,0,"{""count"": 3}"
n300_r4_clustered_s4_3,300,4,clustered,4,2.207,0,1,1,0,"{""count"": 0}"
n300_r4_clustered_s4_4,300,4,clustered,4,2.567,0,1,1,0,"{""count"": 0}"
n300_r4_clustered_s4_5,300,4,clustered,4,2.227,3,1,0,0,"{""count"": 3}"
n300_r4_clustered_s4_6,300,4,clustered,4,2.580,3,1,0,0,"{""count"": 3}"
n300_r4_clustered_s4_7,300,4,clustered,4,2.347,0,1,1,0,"{""count"": 0}"
n300_r4_clustered_s4_8,300,4,clustered,4,2.487,0,1,1,0,"{""count"": 0}"
n300_r4_clustered_s4_9,300,4,clustered,4,1.933,0,1,1,0,"{""count"": 0}"
n300_r4_clustered_s8_1,300,4,clustered,8,2.633,0,1,1,0,"{""count"": 0}"
n300_r4_clustered_s8_0,300,4,clustered,8,2.007,0,1,1,0,"{""count"": 0}"
n300_r4_clustered_s8_3,300,4,clustered,8,2.667,3,1,0,0,"{""count"": 3}"
n300_r4_clustered_s8_2,300,4,clustered,8,2.147,3,1,0,0,"{""count"": 3}"
n300_r4_clustered_s8_4,300,4,clustered,8,2.560,0,1,1,0,"{""count"": 0}"
n300_r4_clustered_s8_5,300,4,clustered,8,2.593,0,1,1,0,"{""count"": 0}"
n300_r4_clustered_s8_6,300,4,clustered,8,2.393,0,1,1,0,"{""count"": 0}"
n300_r4_clustered_s8_7,300,4,clustered,8,2.073,0,1,1,0,"{""count"": 0}"
n300_r4_clustered_s8_8,300,4,clustered,8,2.213,0,1,1,0,"{""count"": 0}"
n300_r4_clustered_s8_9,300,4,clustered,8,2.147,0,1,1,0,"{""count"": 0}"
n300_r16_scattered_s0_0,300,16,scattered,0,0.000,200,1,0,0,"{""count"": 200}"
n300_r16_scattered_s0_1,300,16,scattered,0,0.000,200,1,0,0,"{""count"": 200}"
n300_r16_scattered_s0_2,300,16,scattered,0,0.000,198,1,0,0,"{""count"": 198}"
n300_r16_scattered_s0_3,300,16,scattered,0,0.000,150,1,0,0,"{""count"": 150}"
n300_r16_scattered_s0_4,300,16,scattered,0,0.000,200,1,0,0,"{""count"": 200}"
n300_r16_scattered_s0_5,300,16,scattered,0,0.000,200,1,0,0,"{""count"": 200}"
n300_r16_scattered_s0_6,300,16,scattered,0,0.000,200,1,0,0,"{""count"": 200}"
n300_r16_scattered_s0_7,300,16,scattered,0,0.000,200,1,0,0,"{""count"": 200}"
n300_r16_scattered_s0_8,300,16,scattered,0,0.000,200,1,0,0,"{""count"": 200}"
n300_r16_scattered_s0_9,300,16,scattered,0,0.000,200,1,0,0,"{""count"": 200}"
n300_r16_scattered_s2_0,300,16,scattered,2,0.000,144,1,0,0,"{""count"": 144}"
n300_r16_scattered_s2_1,300,16,scattered,2,0.000,196,1,0,0,"{""count"": 196}"
n300_r16_scattered_s2_2,300,16,scattered,2,0.000,144,1,0,0,"{""count"": 144}"
n300_r16_scattered_s2_3,300,16,scattered,2,0.000,144,1,0,0,"{""count"": 144}"
n300_r16_scattered_s2_4,300,16,scattered,2,0.000,196,1,0,0,"{""count"": 196}"
n300_r16_scattered_s2_5,300,16,scattered,2,0.000,198,1,0,0,"{""count"": 198}"
n300_r16_scattered_s2_6,300,16,scattered,2,0.000,196,1,0,0,"{""count"": 196}"
n300_r16_scattered_s2_7,300,16,scattered,2,0.000,144,1,0,0,"{""count"": 144}"
n300_r16_scattered_s2_8,300,16,scattered,2,0.000,196,1,0,0,"{""count"": 196}"
n300_r16_scattered_s2_9,300,16,scattered,2,0.000,196,1,0,0,"{""count"": 196}"
n300_r16_scattered_s4_0,300,16,scattered,4,0.000,196,1,0,0,"{""count"": 196}"
n300_r16_scattered_s4_1,300,16,scattered,4,0.000,100,1,0,0,"{""count"": 100}"
n300_r16_scattered_s4_2,300,16,scattered,4,0.000,100,1,0,0,"{""count"": 100}"
n300_r16_scattered_s4_3,300,16,scattered,4,0.000,100,1,0,0,"{""count"": 100}"
n300_r16_scattered_s4_4,300,16,scattered,4,0.000,144,1,0,0,"{""count"": 144}"
n300_r16_scattered_s4_5,300,16,scattered,4,0.000,100,1,0,0,"{""count"": 100}"
n300_r16_scattered_s4_6,300,16,scattered,4,0.000,100,1,0,0,"{""count"": 100}"
n300_r16_scattered_s4_7,300,16,scattered,4,0.000,100,1,0,0,"{""count"": 100}"
n300_r16_scattered_s4_8,300,16,scattered,4,0.000,198,1,0,0,"{""count"": 198}"
n300_r16_scattered_s4_9,300,16,scattered,4,0.000,196,1,0,0,"{""count"": 196}"
n300_r16_scattered_s8_0,300,16,scattered,8,0.000,100,1,0,0,"{""count"": 100}"
n300_r16_scattered_s8_1,300,16,scattered,8,0.000,198,1,0,0,"{""count"": 198}"
n300_r16_scattered_s8_2,300,16,scattered,8,0.000,100,1,0,0,"{""count"": 100}"
n300_r16_scattered_s8_3,300,16,scattered,8,0.000,100,1,0,0,"{""count"": 100}"
n300_r16_scattered_s8_4,300,16,scattered,8,0.000,100,1,0,0,"{""count"": 100}"
n300_r16_scattered_s8_5,300,16,scattered,8,0.000,198,1,0,0,"{""count"": 198}"
n300_r16_scattered_s8_6,300,16,scattered,8,0.000,198,1,0,0,"{""count"": 198}"
n300_r16_scattered_s8_7,300,16,scattered,8,0.000,100,1,0,0,"{""count"": 100}"
n300_r16_scattered_s8_8,300,16,scattered,8,0.000,100,1,0,0,"{""count"": 100}"
n300_r16_scattered_s8_9,300,16,scattered,8,0.000,100,1,0,0,"{""count"": 100}"
n300_r16_clustered_s0_0,300,16,clustered,0,21.520,40,1,0,0,"{""count"": 40}"
n300_r16_clustered_s0_1,300,16,clustered,0,18.720,30,1,0,0,"{""count"": 30}"
n300_r16_clustered_s0_2,300,16,clustered,0,23.307,30,1,0,0,"{""count"": 30}"
n300_r16_clustered_s0_3,300,16,clustered,0,20.167,30,1,0,0,"{""count"": 30}"
n300_r16_clustered_s0_4,300,16,clustered,0,24.440,30,1,0,0,"{""count"": 30}"
n300_r16_clustered_s0_5,300,16,clustered,0,20.053,30,1,0,0,"{""count"": 30}"
n300_r16_clustered_s0_6,300,16,clustered,0,19.393,31,1,0,0,"{""count"": 31}"
n300_r16_clustered_s0_7,300,16,clustered,0,22.653,37,1,0,0,"{""count"": 37}"
n300_r16_clustered_s0_8,300,16,clustered,0,22.593,30,1,0,0,"{""count"": 30}"
n300_r16_clustered_s0_9,300,16,clustered,0,20.293,31,1,0,0,"{""count"": 31}"
n300_r16_clustered_s2_0,300,16,clustered,2,19.833,30,1,0,0,"{""count"": 30}"
n300_r16_clustered_s2_1,300,16,clustered,2,21.693,30,1,0,0,"{""count"": 30}"
n300_r16_clustered_s2_2,300,16,clustered,2,22.307,24,1,0,0,"{""count"": 24}"
n300_r16_clustered_s2_3,300,16,clustered,2,21.287,30,1,0,0,"{""count"": 30}"
n300_r16_clustered_s2_4,300,16,clustered,2,20.893,30,1,0,0,"{""count"": 30}"
n300_r16_clustered_s2_5,300,16,clustered,2,19.660,30,1,0,0,"{""count"": 30}"
n300_r16_clustered_s2_6,300,16,clustered,2,20.427,30,1,0,0,"{""count"": 30}"
n300_r16_clustered_s2_7,300,16,clustered,2,24.293,30,1,0,0,"{""count"": 30}"
n300_r16_clustered_s2_8,300,16,clustered,2,21.167,30,1,0,0,"{""count"": 30}"
n300_r16_clustered_s2_9,300,16,clustered,2,18.567,30,1,0,0,"{""count"": 30}"
n300_r16_clustered_s4_0,300,16,clustered,4,22.473,30,1,0,0,"{""count"": 30}"
n300_r16_clustered_s4_1,300,16,clustered,4,20.233,30,1,0,0,"{""count"": 30}"
n300_r16_clustered_s4_2,300,16,clustered,4,22.240,30,1,0,0,"{""count"": 30}"
n300_r16_clustered_s4_3,300,16,clustered,4,21.673,30,1,0,0,"{""count"": 30}"
n300_r16_clustered_s4_4,300,16,clustered,4,20.653,25,1,0,0,"{""count"": 25}"
n300_r16_clustered_s4_5,300,16,clustered,4,18.880,28,1,0,0,"{""count"": 28}"
n300_r16_clustered_s4_6,300,16,clustered,4,18.853,19,1,0,0,"{""count"": 19}"
n300_r16_clustered_s4_7,300,16,clustered,4,19.987,20,1,0,0,"{""count"": 20}"
n300_r16_clustered_s4_8,300,16,clustered,4,20.720,24,1,0,0,"{""count"": 24}"
n300_r16_clustered_s4_9,300,16,clustered,4,21.433,24,1,0,0,"{""count"": 24}"
n300_r16_clustered_s8_1,300,16,clustered,8,22.513,6,1,0,0,"{""count"": 6}"
n300_r16_clustered_s8_0,300,16,clustered,8,19.140,10,1,0,0,"{""count"": 10}"
n300_r16_clustered_s8_2,300,16,clustered,8,23.973,10,1,0,0,"{""count"": 10}"
n300_r16_clustered_s8_4,300,16,clustered,8,20.433,0,1,1,0,"{""count"": 0}"
n300_r16_clustered_s8_3,300,16,clustered,8,22.013,10,1,0,0,"{""count"": 10}"
n300_r16_clustered_s8_5,300,16,clustered,8,20.787,10,1,0,0,"{""count"": 10}"
n300_r16_clustered_s8_6,300,16,clustered,8,22.353,0,1,1,0,"{""count"": 0}"
n300_r16_clustered_s8_7,300,16,clustered,8,19.827,0,1,1,0,"{""count"": 0}"
n300_r16_clustered_s8_9,300,16,clustered,8,22.307,0,1,1,0,"{""count"": 0}"
n300_r16_clustered_s8_8,300,16,clustered,8,18.807,10,1,0,0,"{""count"": 10}"
