file,count,part,split
images/part_A_test/IMG_1.jpg,172,part_A,test
images/part_A_test/IMG_10.jpg,502,part_A,test
images/part_A_test/IMG_100.jpg,389,part_A,test
images/part_A_test/IMG_101.jpg,211,part_A,test
images/part_A_test/IMG_102.jpg,223,part_A,test
images/part_A_test/IMG_103.jpg,431,part_A,test
images/part_A_test/IMG_104.jpg,1175,part_A,test
images/part_A_test/IMG_105.jpg,265,part_A,test
images/part_A_test/IMG_106.jpg,1232,part_A,test
images/part_A_test/IMG_107.jpg,289,part_A,test
images/part_A_test/IMG_108.jpg,182,part_A,test
images/part_A_test/IMG_109.jpg,379,part_A,test
images/part_A_test/IMG_11.jpg,1068,part_A,test
images/part_A_test/IMG_110.jpg,1021,part_A,test
images/part_A_test/IMG_111.jpg,452,part_A,test
images/part_A_test/IMG_112.jpg,256,part_A,test
images/part_A_test/IMG_113.jpg,66,part_A,test
images/part_A_test/IMG_114.jpg,141,part_A,test
images/part_A_test/IMG_115.jpg,1191,part_A,test
images/part_A_test/IMG_116.jpg,288,part_A,test
images/part_A_test/IMG_117.jpg,1603,part_A,test
images/part_A_test/IMG_118.jpg,241,part_A,test
images/part_A_test/IMG_119.jpg,250,part_A,test
images/part_A_test/IMG_12.jpg,321,part_A,test
images/part_A_test/IMG_120.jpg,133,part_A,test
images/part_A_test/IMG_121.jpg,1210,part_A,test
images/part_A_test/IMG_122.jpg,1153,part_A,test
images/part_A_test/IMG_123.jpg,115,part_A,test
images/part_A_test/IMG_124.jpg,226,part_A,test
images/part_A_test/IMG_125.jpg,269,part_A,test
images/part_A_test/IMG_126.jpg,440,part_A,test
images/part_A_test/IMG_127.jpg,986,part_A,test
images/part_A_test/IMG_128.jpg,419,part_A,test
images/part_A_test/IMG_129.jpg,298,part_A,test
images/part_A_test/IMG_13.jpg,584,part_A,test
images/part_A_test/IMG_130.jpg,921,part_A,test
images/part_A_test/IMG_131.jpg,604,part_A,test
images/part_A_test/IMG_132.jpg,375,part_A,test
images/part_A_test/IMG_133.jpg,135,part_A,test
images/part_A_test/IMG_134.jpg,165,part_A,test
images/part_A_test/IMG_135.jpg,72,part_A,test
images/part_A_test/IMG_136.jpg,102,part_A,test
images/part_A_test/IMG_137.jpg,489,part_A,test
images/part_A_test/IMG_138.jpg,292,part_A,test
images/part_A_test/IMG_139.jpg,355,part_A,test
images/part_A_test/IMG_14.jpg,762,part_A,test
images/part_A_test/IMG_140.jpg,93,part_A,test
images/part_A_test/IMG_141.jpg,475,part_A,test
images/part_A_test/IMG_142.jpg,211,part_A,test
images/part_A_test/IMG_143.jpg,357,part_A,test
images/part_A_test/IMG_144.jpg,262,part_A,test
images/part_A_test/IMG_145.jpg,261,part_A,test
images/part_A_test/IMG_146.jpg,479,part_A,test
images/part_A_test/IMG_147.jpg,587,part_A,test
images/part_A_test/IMG_148.jpg,208,part_A,test
images/part_A_test/IMG_149.jpg,230,part_A,test
images/part_A_test/IMG_15.jpg,341,part_A,test
images/part_A_test/IMG_150.jpg,1303,part_A,test
images/part_A_test/IMG_151.jpg,253,part_A,test
images/part_A_test/IMG_152.jpg,277,part_A,test
images/part_A_test/IMG_153.jpg,395,part_A,test
images/part_A_test/IMG_154.jpg,495,part_A,test
images/part_A_test/IMG_155.jpg,165,part_A,test
images/part_A_test/IMG_156.jpg,199,part_A,test
images/part_A_test/IMG_157.jpg,390,part_A,test
images/part_A_test/IMG_158.jpg,308,part_A,test
images/part_A_test/IMG_159.jpg,199,part_A,test
images/part_A_test/IMG_16.jpg,416,part_A,test
images/part_A_test/IMG_160.jpg,121,part_A,test
images/part_A_test/IMG_161.jpg,266,part_A,test
images/part_A_test/IMG_162.jpg,219,part_A,test
images/part_A_test/IMG_163.jpg,162,part_A,test
images/part_A_test/IMG_164.jpg,302,part_A,test
images/part_A_test/IMG_165.jpg,1581,part_A,test
images/part_A_test/IMG_166.jpg,126,part_A,test
images/part_A_test/IMG_167.jpg,112,part_A,test
images/part_A_test/IMG_168.jpg,240,part_A,test
images/part_A_test/IMG_169.jpg,218,part_A,test
images/part_A_test/IMG_17.jpg,1156,part_A,test
images/part_A_test/IMG_170.jpg,670,part_A,test
images/part_A_test/IMG_171.jpg,239,part_A,test
images/part_A_test/IMG_172.jpg,1171,part_A,test
images/part_A_test/IMG_173.jpg,481,part_A,test
images/part_A_test/IMG_174.jpg,129,part_A,test
images/part_A_test/IMG_175.jpg,442,part_A,test
images/part_A_test/IMG_176.jpg,213,part_A,test
images/part_A_test/IMG_177.jpg,363,part_A,test
images/part_A_test/IMG_178.jpg,549,part_A,test
images/part_A_test/IMG_179.jpg,400,part_A,test
images/part_A_test/IMG_18.jpg,227,part_A,test
images/part_A_test/IMG_180.jpg,398,part_A,test
images/part_A_test/IMG_181.jpg,216,part_A,test
images/part_A_test/IMG_182.jpg,199,part_A,test
images/part_A_test/IMG_19.jpg,230,part_A,test
images/part_A_test/IMG_2.jpg,1111,part_A,test
images/part_A_test/IMG_20.jpg,460,part_A,test
images/part_A_test/IMG_21.jpg,717,part_A,test
images/part_A_test/IMG_22.jpg,212,part_A,test
images/part_A_test/IMG_23.jpg,429,part_A,test
images/part_A_test/IMG_24.jpg,553,part_A,test
images/part_A_test/IMG_25.jpg,243,part_A,test
images/part_A_test/IMG_26.jpg,497,part_A,test
images/part_A_test/IMG_27.jpg,760,part_A,test
images/part_A_test/IMG_28.jpg,423,part_A,test
images/part_A_test/IMG_29.jpg,309,part_A,test
images/part_A_test/IMG_3.jpg,297,part_A,test
images/part_A_test/IMG_30.jpg,307,part_A,test
images/part_A_test/IMG_31.jpg,250,part_A,test
images/part_A_test/IMG_32.jpg,961,part_A,test
images/part_A_test/IMG_33.jpg,475,part_A,test
images/part_A_test/IMG_34.jpg,89,part_A,test
images/part_A_test/IMG_35.jpg,567,part_A,test
images/part_A_test/IMG_36.jpg,1266,part_A,test
images/part_A_test/IMG_37.jpg,195,part_A,test
images/part_A_test/IMG_38.jpg,717,part_A,test
images/part_A_test/IMG_39.jpg,196,part_A,test
images/part_A_test/IMG_4.jpg,170,part_A,test
images/part_A_test/IMG_40.jpg,236,part_A,test
images/part_A_test/IMG_41.jpg,249,part_A,test
images/part_A_test/IMG_42.jpg,797,part_A,test
images/part_A_test/IMG_43.jpg,116,part_A,test
images/part_A_test/IMG_44.jpg,366,part_A,test
images/part_A_test/IMG_45.jpg,138,part_A,test
images/part_A_test/IMG_46.jpg,373,part_A,test
images/part_A_test/IMG_47.jpg,316,part_A,test
images/part_A_test/IMG_48.jpg,384,part_A,test
images/part_A_test/IMG_49.jpg,511,part_A,test
images/part_A_test/IMG_5.jpg,817,part_A,test
images/part_A_test/IMG_50.jpg,997,part_A,test
images/part_A_test/IMG_51.jpg,297,part_A,test
images/part_A_test/IMG_52.jpg,134,part_A,test
images/part_A_test/IMG_53.jpg,175,part_A,test
images/part_A_test/IMG_54.jpg,529,part_A,test
images/part_A_test/IMG_55.jpg,149,part_A,test
images/part_A_test/IMG_56.jpg,349,part_A,test
images/part_A_test/IMG_57.jpg,356,part_A,test
images/part_A_test/IMG_58.jpg,198,part_A,test
images/part_A_test/IMG_59.jpg,466,part_A,test
images/part_A_test/IMG_6.jpg,361,part_A,test
images/part_A_test/IMG_60.jpg,291,part_A,test
images/part_A_test/IMG_61.jpg,193,part_A,test
images/part_A_test/IMG_62.jpg,337,part_A,test
images/part_A_test/IMG_63.jpg,1121,part_A,test
images/part_A_test/IMG_64.jpg,287,part_A,test
images/part_A_test/IMG_65.jpg,214,part_A,test
images/part_A_test/IMG_66.jpg,823,part_A,test
images/part_A_test/IMG_67.jpg,192,part_A,test
images/part_A_test/IMG_68.jpg,212,part_A,test
images/part_A_test/IMG_69.jpg,166,part_A,test
images/part_A_test/IMG_7.jpg,568,part_A,test
images/part_A_test/IMG_70.jpg,412,part_A,test
images/part_A_test/IMG_71.jpg,602,part_A,test
images/part_A_test/IMG_72.jpg,589,part_A,test
images/part_A_test/IMG_73.jpg,153,part_A,test
images/part_A_test/IMG_74.jpg,855,part_A,test
images/part_A_test/IMG_75.jpg,665,part_A,test
images/part_A_test/IMG_76.jpg,485,part_A,test
images/part_A_test/IMG_77.jpg,207,part_A,test
images/part_A_test/IMG_78.jpg,271,part_A,test
images/part_A_test/IMG_79.jpg,186,part_A,test
images/part_A_test/IMG_8.jpg,1326,part_A,test
images/part_A_test/IMG_80.jpg,157,part_A,test
images/part_A_test/IMG_81.jpg,356,part_A,test
images/part_A_test/IMG_82.jpg,217,part_A,test
images/part_A_test/IMG_83.jpg,218,part_A,test
images/part_A_test/IMG_84.jpg,122,part_A,test
images/part_A_test/IMG_85.jpg,97,part_A,test
images/part_A_test/IMG_86.jpg,579,part_A,test
images/part_A_test/IMG_87.jpg,417,part_A,test
images/part_A_test/IMG_88.jpg,86,part_A,test
images/part_A_test/IMG_89.jpg,383,part_A,test
images/part_A_test/IMG_9.jpg,371,part_A,test
images/part_A_test/IMG_90.jpg,2256,part_A,test
images/part_A_test/IMG_91.jpg,101,part_A,test
images/part_A_test/IMG_92.jpg,1366,part_A,test
images/part_A_test/IMG_93.jpg,255,part_A,test
images/part_A_test/IMG_94.jpg,69,part_A,test
images/part_A_test/IMG_95.jpg,190,part_A,test
images/part_A_test/IMG_96.jpg,246,part_A,test
images/part_A_test/IMG_97.jpg,521,part_A,test
images/part_A_test/IMG_98.jpg,153,part_A,test
images/part_A_test/IMG_99.jpg,242,part_A,test
images/part_A_train/IMG_1.jpg,1546,part_A,train
images/part_A_train/IMG_10.jpg,920,part_A,train
images/part_A_train/IMG_100.jpg,371,part_A,train
images/part_A_train/IMG_101.jpg,298,part_A,train
images/part_A_train/IMG_102.jpg,184,part_A,train
images/part_A_train/IMG_103.jpg,43,part_A,train
images/part_A_train/IMG_104.jpg,360,part_A,train
images/part_A_train/IMG_105.jpg,147,part_A,train
images/part_A_train/IMG_106.jpg,584,part_A,train
images/part_A_train/IMG_107.jpg,121,part_A,train
images/part_A_train/IMG_108.jpg,733,part_A,train
images/part_A_train/IMG_109.jpg,862,part_A,train
images/part_A_train/IMG_11.jpg,248,part_A,train
images/part_A_train/IMG_110.jpg,228,part_A,train
images/part_A_train/IMG_111.jpg,723,part_A,train
images/part_A_train/IMG_112.jpg,2672,part_A,train
images/part_A_train/IMG_113.jpg,544,part_A,train
images/part_A_train/IMG_114.jpg,259,part_A,train
images/part_A_train/IMG_115.jpg,288,part_A,train
images/part_A_train/IMG_116.jpg,614,part_A,train
images/part_A_train/IMG_117.jpg,358,part_A,train
images/part_A_train/IMG_118.jpg,1620,part_A,train
images/part_A_train/IMG_119.jpg,216,part_A,train
images/part_A_train/IMG_12.jpg,554,part_A,train
images/part_A_train/IMG_120.jpg,2261,part_A,train
images/part_A_train/IMG_121.jpg,156,part_A,train
images/part_A_train/IMG_122.jpg,466,part_A,train
images/part_A_train/IMG_123.jpg,252,part_A,train
images/part_A_train/IMG_124.jpg,752,part_A,train
images/part_A_train/IMG_125.jpg,66,part_A,train
images/part_A_train/IMG_126.jpg,279,part_A,train
images/part_A_train/IMG_127.jpg,142,part_A,train
images/part_A_train/IMG_128.jpg,1456,part_A,train
images/part_A_train/IMG_129.jpg,256,part_A,train
images/part_A_train/IMG_13.jpg,388,part_A,train
images/part_A_train/IMG_130.jpg,1177,part_A,train
images/part_A_train/IMG_131.jpg,603,part_A,train
images/part_A_train/IMG_132.jpg,200,part_A,train
images/part_A_train/IMG_133.jpg,827,part_A,train
images/part_A_train/IMG_134.jpg,960,part_A,train
images/part_A_train/IMG_135.jpg,354,part_A,train
images/part_A_train/IMG_136.jpg,701,part_A,train
images/part_A_train/IMG_137.jpg,1357,part_A,train
images/part_A_train/IMG_138.jpg,423,part_A,train
images/part_A_train/IMG_139.jpg,212,part_A,train
images/part_A_train/IMG_14.jpg,378,part_A,train
images/part_A_train/IMG_140.jpg,357,part_A,train
images/part_A_train/IMG_141.jpg,406,part_A,train
images/part_A_train/IMG_142.jpg,320,part_A,train
images/part_A_train/IMG_143.jpg,1296,part_A,train
images/part_A_train/IMG_144.jpg,777,part_A,train
images/part_A_train/IMG_145.jpg,350,part_A,train
images/part_A_train/IMG_146.jpg,284,part_A,train
images/part_A_train/IMG_147.jpg,369,part_A,train
images/part_A_train/IMG_148.jpg,102,part_A,train
images/part_A_train/IMG_149.jpg,2072,part_A,train
images/part_A_train/IMG_15.jpg,165,part_A,train
images/part_A_train/IMG_150.jpg,989,part_A,train
images/part_A_train/IMG_151.jpg,987,part_A,train
images/part_A_train/IMG_152.jpg,442,part_A,train
images/part_A_train/IMG_153.jpg,705,part_A,train
images/part_A_train/IMG_154.jpg,211,part_A,train
images/part_A_train/IMG_155.jpg,411,part_A,train
images/part_A_train/IMG_156.jpg,728,part_A,train
images/part_A_train/IMG_157.jpg,33,part_A,train
images/part_A_train/IMG_158.jpg,321,part_A,train
images/part_A_train/IMG_159.jpg,238,part_A,train
images/part_A_train/IMG_16.jpg,161,part_A,train
images/part_A_train/IMG_160.jpg,225,part_A,train
images/part_A_train/IMG_161.jpg,81,part_A,train
images/part_A_train/IMG_162.jpg,232,part_A,train
images/part_A_train/IMG_163.jpg,456,part_A,train
images/part_A_train/IMG_164.jpg,652,part_A,train
images/part_A_train/IMG_165.jpg,468,part_A,train
images/part_A_train/IMG_166.jpg,899,part_A,train
images/part_A_train/IMG_167.jpg,271,part_A,train
images/part_A_train/IMG_168.jpg,915,part_A,train
images/part_A_train/IMG_169.jpg,269,part_A,train
images/part_A_train/IMG_17.jpg,285,part_A,train
images/part_A_train/IMG_170.jpg,754,part_A,train
images/part_A_train/IMG_171.jpg,1407,part_A,train
images/part_A_train/IMG_172.jpg,321,part_A,train
images/part_A_train/IMG_173.jpg,402,part_A,train
images/part_A_train/IMG_174.jpg,167,part_A,train
images/part_A_train/IMG_175.jpg,175,part_A,train
images/part_A_train/IMG_176.jpg,422,part_A,train
images/part_A_train/IMG_177.jpg,578,part_A,train
images/part_A_train/IMG_178.jpg,1156,part_A,train
images/part_A_train/IMG_179.jpg,341,part_A,train
images/part_A_train/IMG_18.jpg,280,part_A,train
images/part_A_train/IMG_180.jpg,468,part_A,train
images/part_A_train/IMG_181.jpg,689,part_A,train
images/part_A_train/IMG_182.jpg,402,part_A,train
images/part_A_train/IMG_183.jpg,600,part_A,train
images/part_A_train/IMG_184.jpg,1573,part_A,train
images/part_A_train/IMG_185.jpg,978,part_A,train
images/part_A_train/IMG_186.jpg,1655,part_A,train
images/part_A_train/IMG_187.jpg,407,part_A,train
images/part_A_train/IMG_188.jpg,111,part_A,train
images/part_A_train/IMG_189.jpg,498,part_A,train
images/part_A_train/IMG_19.jpg,707,part_A,train
images/part_A_train/IMG_190.jpg,270,part_A,train
images/part_A_train/IMG_191.jpg,393,part_A,train
images/part_A_train/IMG_192.jpg,77,part_A,train
images/part_A_train/IMG_193.jpg,123,part_A,train
images/part_A_train/IMG_194.jpg,296,part_A,train
images/part_A_train/IMG_195.jpg,243,part_A,train
images/part_A_train/IMG_196.jpg,580,part_A,train
images/part_A_train/IMG_197.jpg,460,part_A,train
images/part_A_train/IMG_198.jpg,351,part_A,train
images/part_A_train/IMG_199.jpg,654,part_A,train
images/part_A_train/IMG_2.jpg,707,part_A,train
images/part_A_train/IMG_20.jpg,408,part_A,train
images/part_A_train/IMG_200.jpg,99,part_A,train
images/part_A_train/IMG_201.jpg,445,part_A,train
images/part_A_train/IMG_202.jpg,216,part_A,train
images/part_A_train/IMG_203.jpg,1956,part_A,train
images/part_A_train/IMG_204.jpg,549,part_A,train
images/part_A_train/IMG_205.jpg,136,part_A,train
images/part_A_train/IMG_206.jpg,311,part_A,train
images/part_A_train/IMG_207.jpg,131,part_A,train
images/part_A_train/IMG_208.jpg,536,part_A,train
images/part_A_train/IMG_209.jpg,545,part_A,train
images/part_A_train/IMG_21.jpg,257,part_A,train
images/part_A_train/IMG_210.jpg,750,part_A,train
images/part_A_train/IMG_211.jpg,188,part_A,train
images/part_A_train/IMG_212.jpg,338,part_A,train
images/part_A_train/IMG_213.jpg,248,part_A,train
images/part_A_train/IMG_214.jpg,378,part_A,train
images/part_A_train/IMG_215.jpg,302,part_A,train
images/part_A_train/IMG_216.jpg,85,part_A,train
images/part_A_train/IMG_217.jpg,211,part_A,train
images/part_A_train/IMG_218.jpg,606,part_A,train
images/part_A_train/IMG_219.jpg,426,part_A,train
images/part_A_train/IMG_22.jpg,509,part_A,train
images/part_A_train/IMG_220.jpg,305,part_A,train
images/part_A_train/IMG_221.jpg,585,part_A,train
images/part_A_train/IMG_222.jpg,764,part_A,train
images/part_A_train/IMG_223.jpg,274,part_A,train
images/part_A_train/IMG_224.jpg,246,part_A,train
images/part_A_train/IMG_225.jpg,476,part_A,train
images/part_A_train/IMG_226.jpg,932,part_A,train
images/part_A_train/IMG_227.jpg,111,part_A,train
images/part_A_train/IMG_228.jpg,183,part_A,train
images/part_A_train/IMG_229.jpg,1321,part_A,train
images/part_A_train/IMG_23.jpg,172,part_A,train
images/part_A_train/IMG_230.jpg,336,part_A,train
images/part_A_train/IMG_231.jpg,443,part_A,train
images/part_A_train/IMG_232.jpg,38,part_A,train
images/part_A_train/IMG_233.jpg,312,part_A,train
images/part_A_train/IMG_234.jpg,462,part_A,train
images/part_A_train/IMG_235.jpg,190,part_A,train
images/part_A_train/IMG_236.jpg,741,part_A,train
images/part_A_train/IMG_237.jpg,985,part_A,train
images/part_A_train/IMG_238.jpg,301,part_A,train
images/part_A_train/IMG_239.jpg,89,part_A,train
images/part_A_train/IMG_24.jpg,160,part_A,train
images/part_A_train/IMG_240.jpg,243,part_A,train
images/part_A_train/IMG_241.jpg,104,part_A,train
images/part_A_train/IMG_242.jpg,1535,part_A,train
images/part_A_train/IMG_243.jpg,123,part_A,train
images/part_A_train/IMG_244.jpg,200,part_A,train
images/part_A_train/IMG_245.jpg,486,part_A,train
images/part_A_train/IMG_246.jpg,373,part_A,train
images/part_A_train/IMG_247.jpg,588,part_A,train
images/part_A_train/IMG_248.jpg,400,part_A,train
images/part_A_train/IMG_249.jpg,365,part_A,train
images/part_A_train/IMG_25.jpg,220,part_A,train
images/part_A_train/IMG_250.jpg,472,part_A,train
images/part_A_train/IMG_251.jpg,1205,part_A,train
images/part_A_train/IMG_252.jpg,255,part_A,train
images/part_A_train/IMG_253.jpg,975,part_A,train
images/part_A_train/IMG_254.jpg,581,part_A,train
images/part_A_train/IMG_255.jpg,405,part_A,train
images/part_A_train/IMG_256.jpg,39,part_A,train
images/part_A_train/IMG_257.jpg,274,part_A,train
images/part_A_train/IMG_258.jpg,820,part_A,train
images/part_A_train/IMG_259.jpg,159,part_A,train
images/part_A_train/IMG_26.jpg,1082,part_A,train
images/part_A_train/IMG_260.jpg,562,part_A,train
images/part_A_train/IMG_261.jpg,129,part_A,train
images/part_A_train/IMG_262.jpg,2197,part_A,train
images/part_A_train/IMG_263.jpg,658,part_A,train
images/part_A_train/IMG_264.jpg,109,part_A,train
images/part_A_train/IMG_265.jpg,74,part_A,train
images/part_A_train/IMG_266.jpg,341,part_A,train
images/part_A_train/IMG_267.jpg,1162,part_A,train
images/part_A_train/IMG_268.jpg,3138,part_A,train
images/part_A_train/IMG_269.jpg,190,part_A,train
images/part_A_train/IMG_27.jpg,775,part_A,train
images/part_A_train/IMG_270.jpg,262,part_A,train
images/part_A_train/IMG_271.jpg,271,part_A,train
images/part_A_train/IMG_272.jpg,49,part_A,train
images/part_A_train/IMG_273.jpg,363,part_A,train
images/part_A_train/IMG_274.jpg,106,part_A,train
images/part_A_train/IMG_275.jpg,141,part_A,train
images/part_A_train/IMG_276.jpg,380,part_A,train
images/part_A_train/IMG_277.jpg,204,part_A,train
images/part_A_train/IMG_278.jpg,141,part_A,train
images/part_A_train/IMG_279.jpg,166,part_A,train
images/part_A_train/IMG_28.jpg,814,part_A,train
images/part_A_train/IMG_280.jpg,248,part_A,train
images/part_A_train/IMG_281.jpg,143,part_A,train
images/part_A_train/IMG_282.jpg,454,part_A,train
images/part_A_train/IMG_283.jpg,1427,part_A,train
images/part_A_train/IMG_284.jpg,727,part_A,train
images/part_A_train/IMG_285.jpg,216,part_A,train
images/part_A_train/IMG_286.jpg,195,part_A,train
images/part_A_train/IMG_287.jpg,878,part_A,train
images/part_A_train/IMG_288.jpg,317,part_A,train
images/part_A_train/IMG_289.jpg,360,part_A,train
images/part_A_train/IMG_29.jpg,623,part_A,train
images/part_A_train/IMG_290.jpg,209,part_A,train
images/part_A_train/IMG_291.jpg,432,part_A,train
images/part_A_train/IMG_292.jpg,821,part_A,train
images/part_A_train/IMG_293.jpg,385,part_A,train
images/part_A_train/IMG_294.jpg,2007,part_A,train
images/part_A_train/IMG_295.jpg,687,part_A,train
images/part_A_train/IMG_296.jpg,501,part_A,train
images/part_A_train/IMG_297.jpg,619,part_A,train
images/part_A_train/IMG_298.jpg,1045,part_A,train
images/part_A_train/IMG_299.jpg,2164,part_A,train
images/part_A_train/IMG_3.jpg,262,part_A,train
images/part_A_train/IMG_30.jpg,622,part_A,train
images/part_A_train/IMG_300.jpg,388,part_A,train
images/part_A_train/IMG_31.jpg,975,part_A,train
images/part_A_train/IMG_32.jpg,237,part_A,train
images/part_A_train/IMG_33.jpg,263,part_A,train
images/part_A_train/IMG_34.jpg,962,part_A,train
images/part_A_train/IMG_35.jpg,652,part_A,train
images/part_A_train/IMG_36.jpg,135,part_A,train
images/part_A_train/IMG_37.jpg,417,part_A,train
images/part_A_train/IMG_38.jpg,362,part_A,train
images/part_A_train/IMG_39.jpg,411,part_A,train
images/part_A_train/IMG_4.jpg,413,part_A,train
images/part_A_train/IMG_40.jpg,129,part_A,train
images/part_A_train/IMG_41.jpg,402,part_A,train
images/part_A_train/IMG_42.jpg,143,part_A,train
images/part_A_train/IMG_43.jpg,240,part_A,train
images/part_A_train/IMG_44.jpg,280,part_A,train
images/part_A_train/IMG_45.jpg,760,part_A,train
images/part_A_train/IMG_46.jpg,799,part_A,train
images/part_A_train/IMG_47.jpg,371,part_A,train
images/part_A_train/IMG_48.jpg,753,part_A,train
images/part_A_train/IMG_49.jpg,493,part_A,train
images/part_A_train/IMG_5.jpg,585,part_A,train
images/part_A_train/IMG_50.jpg,2348,part_A,train
images/part_A_train/IMG_51.jpg,569,part_A,train
images/part_A_train/IMG_52.jpg,1140,part_A,train
images/part_A_train/IMG_53.jpg,257,part_A,train
images/part_A_train/IMG_54.jpg,507,part_A,train
images/part_A_train/IMG_55.jpg,206,part_A,train
images/part_A_train/IMG_56.jpg,629,part_A,train
images/part_A_train/IMG_57.jpg,302,part_A,train
images/part_A_train/IMG_58.jpg,1591,part_A,train
images/part_A_train/IMG_59.jpg,261,part_A,train
images/part_A_train/IMG_6.jpg,554,part_A,train
images/part_A_train/IMG_60.jpg,280,part_A,train
images/part_A_train/IMG_61.jpg,88,part_A,train
images/part_A_train/IMG_62.jpg,643,part_A,train
images/part_A_train/IMG_63.jpg,241,part_A,train
images/part_A_train/IMG_64.jpg,212,part_A,train
images/part_A_train/IMG_65.jpg,427,part_A,train
images/part_A_train/IMG_66.jpg,850,part_A,train
images/part_A_train/IMG_67.jpg,163,part_A,train
images/part_A_train/IMG_68.jpg,199,part_A,train
images/part_A_train/IMG_69.jpg,367,part_A,train
images/part_A_train/IMG_7.jpg,1652,part_A,train
images/part_A_train/IMG_70.jpg,418,part_A,train
images/part_A_train/IMG_71.jpg,554,part_A,train
images/part_A_train/IMG_72.jpg,268,part_A,train
images/part_A_train/IMG_73.jpg,318,part_A,train
images/part_A_train/IMG_74.jpg,424,part_A,train
images/part_A_train/IMG_75.jpg,296,part_A,train
images/part_A_train/IMG_76.jpg,686,part_A,train
images/part_A_train/IMG_77.jpg,139,part_A,train
images/part_A_train/IMG_78.jpg,115,part_A,train
images/part_A_train/IMG_79.jpg,2020,part_A,train
images/part_A_train/IMG_8.jpg,145,part_A,train
images/part_A_train/IMG_80.jpg,203,part_A,train
images/part_A_train/IMG_81.jpg,297,part_A,train
images/part_A_train/IMG_82.jpg,239,part_A,train
images/part_A_train/IMG_83.jpg,588,part_A,train
images/part_A_train/IMG_84.jpg,2143,part_A,train
images/part_A_train/IMG_85.jpg,271,part_A,train
images/part_A_train/IMG_86.jpg,254,part_A,train
images/part_A_train/IMG_87.jpg,631,part_A,train
images/part_A_train/IMG_88.jpg,300,part_A,train
images/part_A_train/IMG_89.jpg,245,part_A,train
images/part_A_train/IMG_9.jpg,189,part_A,train
images/part_A_train/IMG_90.jpg,103,part_A,train
images/part_A_train/IMG_91.jpg,320,part_A,train
images/part_A_train/IMG_92.jpg,2650,part_A,train
images/part_A_train/IMG_93.jpg,273,part_A,train
images/part_A_train/IMG_94.jpg,2230,part_A,train
images/part_A_train/IMG_95.jpg,556,part_A,train
images/part_A_train/IMG_96.jpg,500,part_A,train
images/part_A_train/IMG_97.jpg,222,part_A,train
images/part_A_train/IMG_98.jpg,314,part_A,train
images/part_A_train/IMG_99.jpg,431,part_A,train
images/part_B_test/IMG_1.jpg,23,part_B,test
images/part_B_test/IMG_10.jpg,181,part_B,test
images/part_B_test/IMG_100.jpg,157,part_B,test
images/part_B_test/IMG_101.jpg,37,part_B,test
images/part_B_test/IMG_102.jpg,70,part_B,test
images/part_B_test/IMG_103.jpg,57,part_B,test
images/part_B_test/IMG_104.jpg,44,part_B,test
images/part_B_test/IMG_105.jpg,227,part_B,test
images/part_B_test/IMG_106.jpg,165,part_B,test
images/part_B_test/IMG_107.jpg,476,part_B,test
images/part_B_test/IMG_108.jpg,139,part_B,test
images/part_B_test/IMG_109.jpg,316,part_B,test
images/part_B_test/IMG_11.jpg,164,part_B,test
images/part_B_test/IMG_110.jpg,110,part_B,test
images/part_B_test/IMG_111.jpg,20,part_B,test
images/part_B_test/IMG_112.jpg,131,part_B,test
images/part_B_test/IMG_113.jpg,48,part_B,test
images/part_B_test/IMG_114.jpg,183,part_B,test
images/part_B_test/IMG_115.jpg,101,part_B,test
images/part_B_test/IMG_116.jpg,204,part_B,test
images/part_B_test/IMG_117.jpg,40,part_B,test
images/part_B_test/IMG_118.jpg,143,part_B,test
images/part_B_test/IMG_119.jpg,146,part_B,test
images/part_B_test/IMG_12.jpg,513,part_B,test
images/part_B_test/IMG_120.jpg,70,part_B,test
images/part_B_test/IMG_121.jpg,175,part_B,test
images/part_B_test/IMG_122.jpg,51,part_B,test
images/part_B_test/IMG_123.jpg,55,part_B,test
images/part_B_test/IMG_124.jpg,67,part_B,test
images/part_B_test/IMG_125.jpg,72,part_B,test
images/part_B_test/IMG_126.jpg,56,part_B,test
images/part_B_test/IMG_127.jpg,165,part_B,test
images/part_B_test/IMG_128.jpg,32,part_B,test
images/part_B_test/IMG_129.jpg,149,part_B,test
images/part_B_test/IMG_13.jpg,48,part_B,test
images/part_B_test/IMG_130.jpg,80,part_B,test
images/part_B_test/IMG_131.jpg,117,part_B,test
images/part_B_test/IMG_132.jpg,162,part_B,test
images/part_B_test/IMG_133.jpg,137,part_B,test
images/part_B_test/IMG_134.jpg,120,part_B,test
images/part_B_test/IMG_135.jpg,72,part_B,test
images/part_B_test/IMG_136.jpg,122,part_B,test
images/part_B_test/IMG_137.jpg,198,part_B,test
images/part_B_test/IMG_138.jpg,133,part_B,test
images/part_B_test/IMG_139.jpg,147,part_B,test
images/part_B_test/IMG_14.jpg,29,part_B,test
images/part_B_test/IMG_140.jpg,70,part_B,test
images/part_B_test/IMG_141.jpg,35,part_B,test
images/part_B_test/IMG_142.jpg,24,part_B,test
images/part_B_test/IMG_143.jpg,251,part_B,test
images/part_B_test/IMG_144.jpg,59,part_B,test
images/part_B_test/IMG_145.jpg,67,part_B,test
images/part_B_test/IMG_146.jpg,61,part_B,test
images/part_B_test/IMG_147.jpg,248,part_B,test
images/part_B_test/IMG_148.jpg,252,part_B,test
images/part_B_test/IMG_149.jpg,147,part_B,test
images/part_B_test/IMG_15.jpg,57,part_B,test
images/part_B_test/IMG_150.jpg,121,part_B,test
images/part_B_test/IMG_151.jpg,47,part_B,test
images/part_B_test/IMG_152.jpg,505,part_B,test
images/part_B_test/IMG_153.jpg,297,part_B,test
images/part_B_test/IMG_154.jpg,465,part_B,test
images/part_B_test/IMG_155.jpg,167,part_B,test
images/part_B_test/IMG_156.jpg,43,part_B,test
images/part_B_test/IMG_157.jpg,46,part_B,test
images/part_B_test/IMG_158.jpg,91,part_B,test
images/part_B_test/IMG_159.jpg,263,part_B,test
images/part_B_test/IMG_16.jpg,92,part_B,test
images/part_B_test/IMG_160.jpg,117,part_B,test
images/part_B_test/IMG_161.jpg,48,part_B,test
images/part_B_test/IMG_162.jpg,54,part_B,test
images/part_B_test/IMG_163.jpg,73,part_B,test
images/part_B_test/IMG_164.jpg,122,part_B,test
images/part_B_test/IMG_165.jpg,60,part_B,test
images/part_B_test/IMG_166.jpg,170,part_B,test
images/part_B_test/IMG_167.jpg,167,part_B,test
images/part_B_test/IMG_168.jpg,57,part_B,test
images/part_B_test/IMG_169.jpg,127,part_B,test
images/part_B_test/IMG_17.jpg,71,part_B,test
images/part_B_test/IMG_170.jpg,298,part_B,test
images/part_B_test/IMG_171.jpg,14,part_B,test
images/part_B_test/IMG_172.jpg,11,part_B,test
images/part_B_test/IMG_173.jpg,104,part_B,test
images/part_B_test/IMG_174.jpg,143,part_B,test
images/part_B_test/IMG_175.jpg,45,part_B,test
images/part_B_test/IMG_176.jpg,229,part_B,test
images/part_B_test/IMG_177.jpg,20,part_B,test
images/part_B_test/IMG_178.jpg,41,part_B,test
images/part_B_test/IMG_179.jpg,79,part_B,test
images/part_B_test/IMG_18.jpg,235,part_B,test
images/part_B_test/IMG_180.jpg,101,part_B,test
images/part_B_test/IMG_181.jpg,60,part_B,test
images/part_B_test/IMG_182.jpg,253,part_B,test
images/part_B_test/IMG_183.jpg,187,part_B,test
images/part_B_test/IMG_184.jpg,184,part_B,test
images/part_B_test/IMG_185.jpg,106,part_B,test
images/part_B_test/IMG_186.jpg,104,part_B,test
images/part_B_test/IMG_187.jpg,159,part_B,test
images/part_B_test/IMG_188.jpg,56,part_B,test
images/part_B_test/IMG_189.jpg,40,part_B,test
images/part_B_test/IMG_19.jpg,277,part_B,test
images/part_B_test/IMG_190.jpg,90,part_B,test
images/part_B_test/IMG_191.jpg,301,part_B,test
images/part_B_test/IMG_192.jpg,58,part_B,test
images/part_B_test/IMG_193.jpg,172,part_B,test
images/part_B_test/IMG_194.jpg,213,part_B,test
images/part_B_test/IMG_195.jpg,61,part_B,test
images/part_B_test/IMG_196.jpg,107,part_B,test
images/part_B_test/IMG_197.jpg,93,part_B,test
images/part_B_test/IMG_198.jpg,9,part_B,test
images/part_B_test/IMG_199.jpg,88,part_B,test
images/part_B_test/IMG_2.jpg,52,part_B,test
images/part_B_test/IMG_20.jpg,15,part_B,test
images/part_B_test/IMG_200.jpg,48,part_B,test
images/part_B_test/IMG_201.jpg,131,part_B,test
images/part_B_test/IMG_202.jpg,180,part_B,test
images/part_B_test/IMG_203.jpg,187,part_B,test
images/part_B_test/IMG_204.jpg,148,part_B,test
images/part_B_test/IMG_205.jpg,57,part_B,test
images/part_B_test/IMG_206.jpg,86,part_B,test
images/part_B_test/IMG_207.jpg,106,part_B,test
images/part_B_test/IMG_208.jpg,72,part_B,test
images/part_B_test/IMG_209.jpg,149,part_B,test
images/part_B_test/IMG_21.jpg,89,part_B,test
images/part_B_test/IMG_210.jpg,33,part_B,test
images/part_B_test/IMG_211.jpg,51,part_B,test
images/part_B_test/IMG_212.jpg,139,part_B,test
images/part_B_test/IMG_213.jpg,284,part_B,test
images/part_B_test/IMG_214.jpg,138,part_B,test
images/part_B_test/IMG_215.jpg,52,part_B,test
images/part_B_test/IMG_216.jpg,161,part_B,test
images/part_B_test/IMG_217.jpg,109,part_B,test
images/part_B_test/IMG_218.jpg,73,part_B,test
images/part_B_test/IMG_219.jpg,450,part_B,test
images/part_B_test/IMG_22.jpg,300,part_B,test
images/part_B_test/IMG_220.jpg,70,part_B,test
images/part_B_test/IMG_221.jpg,74,part_B,test
images/part_B_test/IMG_222.jpg,154,part_B,test
images/part_B_test/IMG_223.jpg,144,part_B,test
images/part_B_test/IMG_224.jpg,142,part_B,test
images/part_B_test/IMG_225.jpg,265,part_B,test
images/part_B_test/IMG_226.jpg,94,part_B,test
images/part_B_test/IMG_227.jpg,96,part_B,test
images/part_B_test/IMG_228.jpg,159,part_B,test
images/part_B_test/IMG_229.jpg,64,part_B,test
images/part_B_test/IMG_23.jpg,240,part_B,test
images/part_B_test/IMG_230.jpg,93,part_B,test
images/part_B_test/IMG_231.jpg,79,part_B,test
images/part_B_test/IMG_232.jpg,133,part_B,test
images/part_B_test/IMG_233.jpg,29,part_B,test
images/part_B_test/IMG_234.jpg,212,part_B,test
images/part_B_test/IMG_235.jpg,180,part_B,test
images/part_B_test/IMG_236.jpg,196,part_B,test
images/part_B_test/IMG_237.jpg,323,part_B,test
images/part_B_test/IMG_238.jpg,51,part_B,test
images/part_B_test/IMG_239.jpg,166,part_B,test
images/part_B_test/IMG_24.jpg,79,part_B,test
images/part_B_test/IMG_240.jpg,94,part_B,test
images/part_B_test/IMG_241.jpg,89,part_B,test
images/part_B_test/IMG_242.jpg,177,part_B,test
images/part_B_test/IMG_243.jpg,143,part_B,test
images/part_B_test/IMG_244.jpg,105,part_B,test
images/part_B_test/IMG_245.jpg,85,part_B,test
images/part_B_test/IMG_246.jpg,376,part_B,test
images/part_B_test/IMG_247.jpg,104,part_B,test
images/part_B_test/IMG_248.jpg,62,part_B,test
images/part_B_test/IMG_249.jpg,107,part_B,test
images/part_B_test/IMG_25.jpg,216,part_B,test
images/part_B_test/IMG_250.jpg,24,part_B,test
images/part_B_test/IMG_251.jpg,274,part_B,test
images/part_B_test/IMG_252.jpg,31,part_B,test
images/part_B_test/IMG_253.jpg,132,part_B,test
images/part_B_test/IMG_254.jpg,91,part_B,test
images/part_B_test/IMG_255.jpg,49,part_B,test
images/part_B_test/IMG_256.jpg,194,part_B,test
images/part_B_test/IMG_257.jpg,131,part_B,test
images/part_B_test/IMG_258.jpg,55,part_B,test
images/part_B_test/IMG_259.jpg,87,part_B,test
images/part_B_test/IMG_26.jpg,38,part_B,test
images/part_B_test/IMG_260.jpg,53,part_B,test
images/part_B_test/IMG_261.jpg,184,part_B,test
images/part_B_test/IMG_262.jpg,137,part_B,test
images/part_B_test/IMG_263.jpg,95,part_B,test
images/part_B_test/IMG_264.jpg,36,part_B,test
images/part_B_test/IMG_265.jpg,28,part_B,test
images/part_B_test/IMG_266.jpg,59,part_B,test
images/part_B_test/IMG_267.jpg,62,part_B,test
images/part_B_test/IMG_268.jpg,79,part_B,test
images/part_B_test/IMG_269.jpg,304,part_B,test
images/part_B_test/IMG_27.jpg,207,part_B,test
images/part_B_test/IMG_270.jpg,142,part_B,test
images/part_B_test/IMG_271.jpg,54,part_B,test
images/part_B_test/IMG_272.jpg,164,part_B,test
images/part_B_test/IMG_273.jpg,61,part_B,test
images/part_B_test/IMG_274.jpg,200,part_B,test
images/part_B_test/IMG_275.jpg,88,part_B,test
images/part_B_test/IMG_276.jpg,38,part_B,test
images/part_B_test/IMG_277.jpg,67,part_B,test
images/part_B_test/IMG_278.jpg,57,part_B,test
images/part_B_test/IMG_279.jpg,196,part_B,test
images/part_B_test/IMG_28.jpg,61,part_B,test
images/part_B_test/IMG_280.jpg,87,part_B,test
images/part_B_test/IMG_281.jpg,146,part_B,test
images/part_B_test/IMG_282.jpg,24,part_B,test
images/part_B_test/IMG_283.jpg,226,part_B,test
images/part_B_test/IMG_284.jpg,38,part_B,test
images/part_B_test/IMG_285.jpg,54,part_B,test
images/part_B_test/IMG_286.jpg,66,part_B,test
images/part_B_test/IMG_287.jpg,89,part_B,test
images/part_B_test/IMG_288.jpg,19,part_B,test
images/part_B_test/IMG_289.jpg,45,part_B,test
images/part_B_test/IMG_29.jpg,92,part_B,test
images/part_B_test/IMG_290.jpg,119,part_B,test
images/part_B_test/IMG_291.jpg,177,part_B,test
images/part_B_test/IMG_292.jpg,93,part_B,test
images/part_B_test/IMG_293.jpg,327,part_B,test
images/part_B_test/IMG_294.jpg,46,part_B,test
images/part_B_test/IMG_295.jpg,153,part_B,test
images/part_B_test/IMG_296.jpg,28,part_B,test
images/part_B_test/IMG_297.jpg,66,part_B,test
images/part_B_test/IMG_298.jpg,206,part_B,test
images/part_B_test/IMG_299.jpg,98,part_B,test
images/part_B_test/IMG_3.jpg,61,part_B,test
images/part_B_test/IMG_30.jpg,51,part_B,test
images/part_B_test/IMG_300.jpg,196,part_B,test
images/part_B_test/IMG_301.jpg,33,part_B,test
images/part_B_test/IMG_302.jpg,79,part_B,test
images/part_B_test/IMG_303.jpg,68,part_B,test
images/part_B_test/IMG_304.jpg,176,part_B,test
images/part_B_test/IMG_305.jpg,110,part_B,test
images/part_B_test/IMG_306.jpg,230,part_B,test
images/part_B_test/IMG_307.jpg,200,part_B,test
images/part_B_test/IMG_308.jpg,47,part_B,test
images/part_B_test/IMG_309.jpg,63,part_B,test
images/part_B_test/IMG_31.jpg,176,part_B,test
images/part_B_test/IMG_310.jpg,93,part_B,test
images/part_B_test/IMG_311.jpg,60,part_B,test
images/part_B_test/IMG_312.jpg,51,part_B,test
images/part_B_test/IMG_313.jpg,29,part_B,test
images/part_B_test/IMG_314.jpg,51,part_B,test
images/part_B_test/IMG_315.jpg,54,part_B,test
images/part_B_test/IMG_316.jpg,429,part_B,test
images/part_B_test/IMG_32.jpg,44,part_B,test
images/part_B_test/IMG_33.jpg,198,part_B,test
images/part_B_test/IMG_34.jpg,41,part_B,test
images/part_B_test/IMG_35.jpg,166,part_B,test
images/part_B_test/IMG_36.jpg,156,part_B,test
images/part_B_test/IMG_37.jpg,42,part_B,test
images/part_B_test/IMG_38.jpg,89,part_B,test
images/part_B_test/IMG_39.jpg,48,part_B,test
images/part_B_test/IMG_4.jpg,95,part_B,test
images/part_B_test/IMG_40.jpg,331,part_B,test
images/part_B_test/IMG_41.jpg,31,part_B,test
images/part_B_test/IMG_42.jpg,41,part_B,test
images/part_B_test/IMG_43.jpg,106,part_B,test
images/part_B_test/IMG_44.jpg,28,part_B,test
images/part_B_test/IMG_45.jpg,158,part_B,test
images/part_B_test/IMG_46.jpg,90,part_B,test
images/part_B_test/IMG_47.jpg,72,part_B,test
images/part_B_test/IMG_48.jpg,84,part_B,test
images/part_B_test/IMG_49.jpg,35,part_B,test
images/part_B_test/IMG_5.jpg,82,part_B,test
images/part_B_test/IMG_50.jpg,265,part_B,test
images/part_B_test/IMG_51.jpg,190,part_B,test
images/part_B_test/IMG_52.jpg,26,part_B,test
images/part_B_test/IMG_53.jpg,48,part_B,test
images/part_B_test/IMG_54.jpg,60,part_B,test
images/part_B_test/IMG_55.jpg,195,part_B,test
images/part_B_test/IMG_56.jpg,79,part_B,test
images/part_B_test/IMG_57.jpg,79,part_B,test
images/part_B_test/IMG_58.jpg,96,part_B,test
images/part_B_test/IMG_59.jpg,48,part_B,test
images/part_B_test/IMG_6.jpg,195,part_B,test
images/part_B_test/IMG_60.jpg,34,part_B,test
images/part_B_test/IMG_61.jpg,412,part_B,test
images/part_B_test/IMG_62.jpg,174,part_B,test
images/part_B_test/IMG_63.jpg,60,part_B,test
images/part_B_test/IMG_64.jpg,50,part_B,test
images/part_B_test/IMG_65.jpg,236,part_B,test
images/part_B_test/IMG_66.jpg,176,part_B,test
images/part_B_test/IMG_67.jpg,108,part_B,test
images/part_B_test/IMG_68.jpg,59,part_B,test
images/part_B_test/IMG_69.jpg,94,part_B,test
images/part_B_test/IMG_7.jpg,47,part_B,test
images/part_B_test/IMG_70.jpg,48,part_B,test
images/part_B_test/IMG_71.jpg,191,part_B,test
images/part_B_test/IMG_72.jpg,54,part_B,test
images/part_B_test/IMG_73.jpg,91,part_B,test
images/part_B_test/IMG_74.jpg,261,part_B,test
images/part_B_test/IMG_75.jpg,539,part_B,test
images/part_B_test/IMG_76.jpg,123,part_B,test
images/part_B_test/IMG_77.jpg,213,part_B,test
images/part_B_test/IMG_78.jpg,282,part_B,test
images/part_B_test/IMG_79.jpg,90,part_B,test
images/part_B_test/IMG_8.jpg,62,part_B,test
images/part_B_test/IMG_80.jpg,470,part_B,test
images/part_B_test/IMG_81.jpg,129,part_B,test
images/part_B_test/IMG_82.jpg,44,part_B,test
images/part_B_test/IMG_83.jpg,57,part_B,test
images/part_B_test/IMG_84.jpg,54,part_B,test
images/part_B_test/IMG_85.jpg,59,part_B,test
images/part_B_test/IMG_86.jpg,54,part_B,test
images/part_B_test/IMG_87.jpg,54,part_B,test
images/part_B_test/IMG_88.jpg,163,part_B,test
images/part_B_test/IMG_89.jpg,23,part_B,test
images/part_B_test/IMG_9.jpg,36,part_B,test
images/part_B_test/IMG_90.jpg,195,part_B,test
images/part_B_test/IMG_91.jpg,92,part_B,test
images/part_B_test/IMG_92.jpg,63,part_B,test
images/part_B_test/IMG_93.jpg,217,part_B,test
images/part_B_test/IMG_94.jpg,52,part_B,test
images/part_B_test/IMG_95.jpg,48,part_B,test
images/part_B_test/IMG_96.jpg,211,part_B,test
images/part_B_test/IMG_97.jpg,107,part_B,test
images/part_B_test/IMG_98.jpg,249,part_B,test
images/part_B_test/IMG_99.jpg,113,part_B,test
images/part_B_train/IMG_1.jpg,233,part_B,train
images/part_B_train/IMG_10.jpg,229,part_B,train
images/part_B_train/IMG_100.jpg,206,part_B,train
images/part_B_train/IMG_101.jpg,83,part_B,train
images/part_B_train/IMG_102.jpg,27,part_B,train
images/part_B_train/IMG_103.jpg,151,part_B,train
images/part_B_train/IMG_104.jpg,31,part_B,train
images/part_B_train/IMG_105.jpg,129,part_B,train
images/part_B_train/IMG_106.jpg,132,part_B,train
images/part_B_train/IMG_107.jpg,117,part_B,train
images/part_B_train/IMG_108.jpg,209,part_B,train
images/part_B_train/IMG_109.jpg,89,part_B,train
images/part_B_train/IMG_11.jpg,139,part_B,train
images/part_B_train/IMG_110.jpg,31,part_B,train
images/part_B_train/IMG_111.jpg,146,part_B,train
images/part_B_train/IMG_112.jpg,90,part_B,train
images/part_B_train/IMG_113.jpg,106,part_B,train
images/part_B_train/IMG_114.jpg,87,part_B,train
images/part_B_train/IMG_115.jpg,70,part_B,train
images/part_B_train/IMG_116.jpg,168,part_B,train
images/part_B_train/IMG_117.jpg,281,part_B,train
images/part_B_train/IMG_118.jpg,59,part_B,train
images/part_B_train/IMG_119.jpg,302,part_B,train
images/part_B_train/IMG_12.jpg,100,part_B,train
images/part_B_train/IMG_120.jpg,28,part_B,train
images/part_B_train/IMG_121.jpg,42,part_B,train
images/part_B_train/IMG_122.jpg,43,part_B,train
images/part_B_train/IMG_123.jpg,155,part_B,train
images/part_B_train/IMG_124.jpg,267,part_B,train
images/part_B_train/IMG_125.jpg,28,part_B,train
images/part_B_train/IMG_126.jpg,107,part_B,train
images/part_B_train/IMG_127.jpg,53,part_B,train
images/part_B_train/IMG_128.jpg,41,part_B,train
images/part_B_train/IMG_129.jpg,146,part_B,train
images/part_B_train/IMG_13.jpg,117,part_B,train
images/part_B_train/IMG_130.jpg,50,part_B,train
images/part_B_train/IMG_131.jpg,221,part_B,train
images/part_B_train/IMG_132.jpg,118,part_B,train
images/part_B_train/IMG_133.jpg,253,part_B,train
images/part_B_train/IMG_134.jpg,151,part_B,train
images/part_B_train/IMG_135.jpg,42,part_B,train
images/part_B_train/IMG_136.jpg,174,part_B,train
images/part_B_train/IMG_137.jpg,229,part_B,train
images/part_B_train/IMG_138.jpg,104,part_B,train
images/part_B_train/IMG_139.jpg,58,part_B,train
images/part_B_train/IMG_14.jpg,50,part_B,train
images/part_B_train/IMG_140.jpg,165,part_B,train
images/part_B_train/IMG_141.jpg,151,part_B,train
images/part_B_train/IMG_142.jpg,146,part_B,train
images/part_B_train/IMG_143.jpg,30,part_B,train
images/part_B_train/IMG_144.jpg,26,part_B,train
images/part_B_train/IMG_145.jpg,188,part_B,train
images/part_B_train/IMG_146.jpg,96,part_B,train
images/part_B_train/IMG_147.jpg,318,part_B,train
images/part_B_train/IMG_148.jpg,282,part_B,train
images/part_B_train/IMG_149.jpg,111,part_B,train
images/part_B_train/IMG_15.jpg,238,part_B,train
images/part_B_train/IMG_150.jpg,99,part_B,train
images/part_B_train/IMG_151.jpg,161,part_B,train
images/part_B_train/IMG_152.jpg,40,part_B,train
images/part_B_train/IMG_153.jpg,27,part_B,train
images/part_B_train/IMG_154.jpg,414,part_B,train
images/part_B_train/IMG_155.jpg,148,part_B,train
images/part_B_train/IMG_156.jpg,87,part_B,train
images/part_B_train/IMG_157.jpg,261,part_B,train
images/part_B_train/IMG_158.jpg,12,part_B,train
images/part_B_train/IMG_159.jpg,136,part_B,train
images/part_B_train/IMG_16.jpg,42,part_B,train
images/part_B_train/IMG_160.jpg,153,part_B,train
images/part_B_train/IMG_161.jpg,49,part_B,train
images/part_B_train/IMG_162.jpg,301,part_B,train
images/part_B_train/IMG_163.jpg,166,part_B,train
images/part_B_train/IMG_164.jpg,122,part_B,train
images/part_B_train/IMG_165.jpg,27,part_B,train
images/part_B_train/IMG_166.jpg,103,part_B,train
images/part_B_train/IMG_167.jpg,205,part_B,train
images/part_B_train/IMG_168.jpg,243,part_B,train
images/part_B_train/IMG_169.jpg,109,part_B,train
images/part_B_train/IMG_17.jpg,49,part_B,train
images/part_B_train/IMG_170.jpg,150,part_B,train
images/part_B_train/IMG_171.jpg,15,part_B,train
images/part_B_train/IMG_172.jpg,142,part_B,train
images/part_B_train/IMG_173.jpg,42,part_B,train
images/part_B_train/IMG_174.jpg,173,part_B,train
images/part_B_train/IMG_175.jpg,378,part_B,train
images/part_B_train/IMG_176.jpg,281,part_B,train
images/part_B_train/IMG_177.jpg,96,part_B,train
images/part_B_train/IMG_178.jpg,61,part_B,train
images/part_B_train/IMG_179.jpg,45,part_B,train
images/part_B_train/IMG_18.jpg,178,part_B,train
images/part_B_train/IMG_180.jpg,65,part_B,train
images/part_B_train/IMG_181.jpg,108,part_B,train
images/part_B_train/IMG_182.jpg,105,part_B,train
images/part_B_train/IMG_183.jpg,116,part_B,train
images/part_B_train/IMG_184.jpg,81,part_B,train
images/part_B_train/IMG_185.jpg,136,part_B,train
images/part_B_train/IMG_186.jpg,208,part_B,train
images/part_B_train/IMG_187.jpg,125,part_B,train
images/part_B_train/IMG_188.jpg,344,part_B,train
images/part_B_train/IMG_189.jpg,90,part_B,train
images/part_B_train/IMG_19.jpg,43,part_B,train
images/part_B_train/IMG_190.jpg,147,part_B,train
images/part_B_train/IMG_191.jpg,575,part_B,train
images/part_B_train/IMG_192.jpg,64,part_B,train
images/part_B_train/IMG_193.jpg,219,part_B,train
images/part_B_train/IMG_194.jpg,412,part_B,train
images/part_B_train/IMG_195.jpg,29,part_B,train
images/part_B_train/IMG_196.jpg,33,part_B,train
images/part_B_train/IMG_197.jpg,290,part_B,train
images/part_B_train/IMG_198.jpg,120,part_B,train
images/part_B_train/IMG_199.jpg,120,part_B,train
images/part_B_train/IMG_2.jpg,152,part_B,train
images/part_B_train/IMG_20.jpg,90,part_B,train
images/part_B_train/IMG_200.jpg,299,part_B,train
images/part_B_train/IMG_201.jpg,30,part_B,train
images/part_B_train/IMG_202.jpg,167,part_B,train
images/part_B_train/IMG_203.jpg,344,part_B,train
images/part_B_train/IMG_204.jpg,95,part_B,train
images/part_B_train/IMG_205.jpg,103,part_B,train
images/part_B_train/IMG_206.jpg,46,part_B,train
images/part_B_train/IMG_207.jpg,188,part_B,train
images/part_B_train/IMG_208.jpg,168,part_B,train
images/part_B_train/IMG_209.jpg,74,part_B,train
images/part_B_train/IMG_21.jpg,151,part_B,train
images/part_B_train/IMG_210.jpg,165,part_B,train
images/part_B_train/IMG_211.jpg,33,part_B,train
images/part_B_train/IMG_212.jpg,108,part_B,train
images/part_B_train/IMG_213.jpg,36,part_B,train
images/part_B_train/IMG_214.jpg,205,part_B,train
images/part_B_train/IMG_215.jpg,85,part_B,train
images/part_B_train/IMG_216.jpg,169,part_B,train
images/part_B_train/IMG_217.jpg,78,part_B,train
images/part_B_train/IMG_218.jpg,118,part_B,train
images/part_B_train/IMG_219.jpg,50,part_B,train
images/part_B_train/IMG_22.jpg,50,part_B,train
images/part_B_train/IMG_220.jpg,38,part_B,train
images/part_B_train/IMG_221.jpg,112,part_B,train
images/part_B_train/IMG_222.jpg,576,part_B,train
images/part_B_train/IMG_223.jpg,347,part_B,train
images/part_B_train/IMG_224.jpg,167,part_B,train
images/part_B_train/IMG_225.jpg,80,part_B,train
images/part_B_train/IMG_226.jpg,94,part_B,train
images/part_B_train/IMG_227.jpg,267,part_B,train
images/part_B_train/IMG_228.jpg,118,part_B,train
images/part_B_train/IMG_229.jpg,77,part_B,train
images/part_B_train/IMG_23.jpg,154,part_B,train
images/part_B_train/IMG_230.jpg,141,part_B,train
images/part_B_train/IMG_231.jpg,414,part_B,train
images/part_B_train/IMG_232.jpg,33,part_B,train
images/part_B_train/IMG_233.jpg,23,part_B,train
images/part_B_train/IMG_234.jpg,54,part_B,train
images/part_B_train/IMG_235.jpg,28,part_B,train
images/part_B_train/IMG_236.jpg,37,part_B,train
images/part_B_train/IMG_237.jpg,105,part_B,train
images/part_B_train/IMG_238.jpg,20,part_B,train
images/part_B_train/IMG_239.jpg,310,part_B,train
images/part_B_train/IMG_24.jpg,104,part_B,train
images/part_B_train/IMG_240.jpg,68,part_B,train
images/part_B_train/IMG_241.jpg,234,part_B,train
images/part_B_train/IMG_242.jpg,49,part_B,train
images/part_B_train/IMG_243.jpg,227,part_B,train
images/part_B_train/IMG_244.jpg,25,part_B,train
images/part_B_train/IMG_245.jpg,65,part_B,train
images/part_B_train/IMG_246.jpg,195,part_B,train
images/part_B_train/IMG_247.jpg,142,part_B,train
images/part_B_train/IMG_248.jpg,53,part_B,train
images/part_B_train/IMG_249.jpg,60,part_B,train
images/part_B_train/IMG_25.jpg,166,part_B,train
images/part_B_train/IMG_250.jpg,136,part_B,train
images/part_B_train/IMG_251.jpg,68,part_B,train
images/part_B_train/IMG_252.jpg,83,part_B,train
images/part_B_train/IMG_253.jpg,45,part_B,train
images/part_B_train/IMG_254.jpg,252,part_B,train
images/part_B_train/IMG_255.jpg,12,part_B,train
images/part_B_train/IMG_256.jpg,53,part_B,train
images/part_B_train/IMG_257.jpg,203,part_B,train
images/part_B_train/IMG_258.jpg,102,part_B,train
images/part_B_train/IMG_259.jpg,234,part_B,train
images/part_B_train/IMG_26.jpg,81,part_B,train
images/part_B_train/IMG_260.jpg,161,part_B,train
images/part_B_train/IMG_261.jpg,35,part_B,train
images/part_B_train/IMG_262.jpg,47,part_B,train
images/part_B_train/IMG_263.jpg,105,part_B,train
images/part_B_train/IMG_264.jpg,29,part_B,train
images/part_B_train/IMG_265.jpg,32,part_B,train
images/part_B_train/IMG_266.jpg,80,part_B,train
images/part_B_train/IMG_267.jpg,137,part_B,train
images/part_B_train/IMG_268.jpg,34,part_B,train
images/part_B_train/IMG_269.jpg,146,part_B,train
images/part_B_train/IMG_27.jpg,195,part_B,train
images/part_B_train/IMG_270.jpg,55,part_B,train
images/part_B_train/IMG_271.jpg,175,part_B,train
images/part_B_train/IMG_272.jpg,198,part_B,train
images/part_B_train/IMG_273.jpg,74,part_B,train
images/part_B_train/IMG_274.jpg,78,part_B,train
images/part_B_train/IMG_275.jpg,134,part_B,train
images/part_B_train/IMG_276.jpg,26,part_B,train
images/part_B_train/IMG_277.jpg,26,part_B,train
images/part_B_train/IMG_278.jpg,30,part_B,train
images/part_B_train/IMG_279.jpg,63,part_B,train
images/part_B_train/IMG_28.jpg,96,part_B,train
images/part_B_train/IMG_280.jpg,359,part_B,train
images/part_B_train/IMG_281.jpg,80,part_B,train
images/part_B_train/IMG_282.jpg,261,part_B,train
images/part_B_train/IMG_283.jpg,117,part_B,train
images/part_B_train/IMG_284.jpg,247,part_B,train
images/part_B_train/IMG_285.jpg,26,part_B,train
images/part_B_train/IMG_286.jpg,130,part_B,train
images/part_B_train/IMG_287.jpg,121,part_B,train
images/part_B_train/IMG_288.jpg,16,part_B,train
images/part_B_train/IMG_289.jpg,123,part_B,train
images/part_B_train/IMG_29.jpg,90,part_B,train
images/part_B_train/IMG_290.jpg,78,part_B,train
images/part_B_train/IMG_291.jpg,109,part_B,train
images/part_B_train/IMG_292.jpg,33,part_B,train
images/part_B_train/IMG_293.jpg,23,part_B,train
images/part_B_train/IMG_294.jpg,47,part_B,train
images/part_B_train/IMG_295.jpg,268,part_B,train
images/part_B_train/IMG_296.jpg,123,part_B,train
images/part_B_train/IMG_297.jpg,273,part_B,train
images/part_B_train/IMG_298.jpg,47,part_B,train
images/part_B_train/IMG_299.jpg,59,part_B,train
images/part_B_train/IMG_3.jpg,29,part_B,train
images/part_B_train/IMG_30.jpg,287,part_B,train
images/part_B_train/IMG_300.jpg,190,part_B,train
images/part_B_train/IMG_301.jpg,87,part_B,train
images/part_B_train/IMG_302.jpg,82,part_B,train
images/part_B_train/IMG_303.jpg,296,part_B,train
images/part_B_train/IMG_304.jpg,171,part_B,train
images/part_B_train/IMG_305.jpg,152,part_B,train
images/part_B_train/IMG_306.jpg,141,part_B,train
images/part_B_train/IMG_307.jpg,106,part_B,train
images/part_B_train/IMG_308.jpg,161,part_B,train
images/part_B_train/IMG_309.jpg,54,part_B,train
images/part_B_train/IMG_31.jpg,172,part_B,train
images/part_B_train/IMG_310.jpg,58,part_B,train
images/part_B_train/IMG_311.jpg,143,part_B,train
images/part_B_train/IMG_312.jpg,114,part_B,train
images/part_B_train/IMG_313.jpg,41,part_B,train
images/part_B_train/IMG_314.jpg,26,part_B,train
images/part_B_train/IMG_315.jpg,344,part_B,train
images/part_B_train/IMG_316.jpg,35,part_B,train
images/part_B_train/IMG_317.jpg,108,part_B,train
images/part_B_train/IMG_318.jpg,86,part_B,train
images/part_B_train/IMG_319.jpg,55,part_B,train
images/part_B_train/IMG_32.jpg,56,part_B,train
images/part_B_train/IMG_320.jpg,148,part_B,train
images/part_B_train/IMG_321.jpg,166,part_B,train
images/part_B_train/IMG_322.jpg,55,part_B,train
images/part_B_train/IMG_323.jpg,54,part_B,train
images/part_B_train/IMG_324.jpg,178,part_B,train
images/part_B_train/IMG_325.jpg,55,part_B,train
images/part_B_train/IMG_326.jpg,35,part_B,train
images/part_B_train/IMG_327.jpg,130,part_B,train
images/part_B_train/IMG_328.jpg,27,part_B,train
images/part_B_train/IMG_329.jpg,136,part_B,train
images/part_B_train/IMG_33.jpg,276,part_B,train
images/part_B_train/IMG_330.jpg,153,part_B,train
images/part_B_train/IMG_331.jpg,340,part_B,train
images/part_B_train/IMG_332.jpg,15,part_B,train
images/part_B_train/IMG_333.jpg,33,part_B,train
images/part_B_train/IMG_334.jpg,61,part_B,train
images/part_B_train/IMG_335.jpg,23,part_B,train
images/part_B_train/IMG_336.jpg,109,part_B,train
images/part_B_train/IMG_337.jpg,89,part_B,train
images/part_B_train/IMG_338.jpg,96,part_B,train
images/part_B_train/IMG_339.jpg,35,part_B,train
images/part_B_train/IMG_34.jpg,97,part_B,train
images/part_B_train/IMG_340.jpg,156,part_B,train
images/part_B_train/IMG_341.jpg,68,part_B,train
images/part_B_train/IMG_342.jpg,157,part_B,train
images/part_B_train/IMG_343.jpg,264,part_B,train
images/part_B_train/IMG_344.jpg,71,part_B,train
images/part_B_train/IMG_345.jpg,77,part_B,train
images/part_B_train/IMG_346.jpg,87,part_B,train
images/part_B_train/IMG_347.jpg,32,part_B,train
images/part_B_train/IMG_348.jpg,346,part_B,train
images/part_B_train/IMG_349.jpg,110,part_B,train
images/part_B_train/IMG_35.jpg,21,part_B,train
images/part_B_train/IMG_350.jpg,28,part_B,train
images/part_B_train/IMG_351.jpg,98,part_B,train
images/part_B_train/IMG_352.jpg,350,part_B,train
images/part_B_train/IMG_353.jpg,88,part_B,train
images/part_B_train/IMG_354.jpg,159,part_B,train
images/part_B_train/IMG_355.jpg,19,part_B,train
images/part_B_train/IMG_356.jpg,200,part_B,train
images/part_B_train/IMG_357.jpg,63,part_B,train
images/part_B_train/IMG_358.jpg,86,part_B,train
images/part_B_train/IMG_359.jpg,49,part_B,train
images/part_B_train/IMG_36.jpg,32,part_B,train
images/part_B_train/IMG_360.jpg,111,part_B,train
images/part_B_train/IMG_361.jpg,161,part_B,train
images/part_B_train/IMG_362.jpg,79,part_B,train
images/part_B_train/IMG_363.jpg,80,part_B,train
images/part_B_train/IMG_364.jpg,257,part_B,train
images/part_B_train/IMG_365.jpg,75,part_B,train
images/part_B_train/IMG_366.jpg,45,part_B,train
images/part_B_train/IMG_367.jpg,84,part_B,train
images/part_B_train/IMG_368.jpg,130,part_B,train
images/part_B_train/IMG_369.jpg,145,part_B,train
images/part_B_train/IMG_37.jpg,115,part_B,train
images/part_B_train/IMG_370.jpg,106,part_B,train
images/part_B_train/IMG_371.jpg,108,part_B,train
images/part_B_train/IMG_372.jpg,125,part_B,train
images/part_B_train/IMG_373.jpg,23,part_B,train
images/part_B_train/IMG_374.jpg,131,part_B,train
images/part_B_train/IMG_375.jpg,73,part_B,train
images/part_B_train/IMG_376.jpg,50,part_B,train
images/part_B_train/IMG_377.jpg,95,part_B,train
images/part_B_train/IMG_378.jpg,80,part_B,train
images/part_B_train/IMG_379.jpg,168,part_B,train
images/part_B_train/IMG_38.jpg,65,part_B,train
images/part_B_train/IMG_380.jpg,132,part_B,train
images/part_B_train/IMG_381.jpg,132,part_B,train
images/part_B_train/IMG_382.jpg,85,part_B,train
images/part_B_train/IMG_383.jpg,51,part_B,train
images/part_B_train/IMG_384.jpg,85,part_B,train
images/part_B_train/IMG_385.jpg,56,part_B,train
images/part_B_train/IMG_386.jpg,159,part_B,train
images/part_B_train/IMG_387.jpg,88,part_B,train
images/part_B_train/IMG_388.jpg,137,part_B,train
images/part_B_train/IMG_389.jpg,54,part_B,train
images/part_B_train/IMG_39.jpg,335,part_B,train
images/part_B_train/IMG_390.jpg,45,part_B,train
images/part_B_train/IMG_391.jpg,89,part_B,train
images/part_B_train/IMG_392.jpg,94,part_B,train
images/part_B_train/IMG_393.jpg,191,part_B,train
images/part_B_train/IMG_394.jpg,107,part_B,train
images/part_B_train/IMG_395.jpg,60,part_B,train
images/part_B_train/IMG_396.jpg,28,part_B,train
images/part_B_train/IMG_397.jpg,62,part_B,train
images/part_B_train/IMG_398.jpg,62,part_B,train
images/part_B_train/IMG_399.jpg,169,part_B,train
images/part_B_train/IMG_4.jpg,291,part_B,train
images/part_B_train/IMG_40.jpg,84,part_B,train
images/part_B_train/IMG_400.jpg,61,part_B,train
images/part_B_train/IMG_41.jpg,101,part_B,train
images/part_B_train/IMG_42.jpg,43,part_B,train
images/part_B_train/IMG_43.jpg,266,part_B,train
images/part_B_train/IMG_44.jpg,156,part_B,train
images/part_B_train/IMG_45.jpg,30,part_B,train
images/part_B_train/IMG_46.jpg,85,part_B,train
images/part_B_train/IMG_47.jpg,94,part_B,train
images/part_B_train/IMG_48.jpg,89,part_B,train
images/part_B_train/IMG_49.jpg,201,part_B,train
images/part_B_train/IMG_5.jpg,96,part_B,train
images/part_B_train/IMG_50.jpg,185,part_B,train
images/part_B_train/IMG_51.jpg,521,part_B,train
images/part_B_train/IMG_52.jpg,23,part_B,train
images/part_B_train/IMG_53.jpg,125,part_B,train
images/part_B_train/IMG_54.jpg,138,part_B,train
images/part_B_train/IMG_55.jpg,211,part_B,train
images/part_B_train/IMG_56.jpg,144,part_B,train
images/part_B_train/IMG_57.jpg,39,part_B,train
images/part_B_train/IMG_58.jpg,300,part_B,train
images/part_B_train/IMG_59.jpg,25,part_B,train
images/part_B_train/IMG_6.jpg,36,part_B,train
images/part_B_train/IMG_60.jpg,40,part_B,train
images/part_B_train/IMG_61.jpg,28,part_B,train
images/part_B_train/IMG_62.jpg,268,part_B,train
images/part_B_train/IMG_63.jpg,191,part_B,train
images/part_B_train/IMG_64.jpg,157,part_B,train
images/part_B_train/IMG_65.jpg,114,part_B,train
images/part_B_train/IMG_66.jpg,61,part_B,train
images/part_B_train/IMG_67.jpg,175,part_B,train
images/part_B_train/IMG_68.jpg,114,part_B,train
images/part_B_train/IMG_69.jpg,53,part_B,train
images/part_B_train/IMG_7.jpg,118,part_B,train
images/part_B_train/IMG_70.jpg,70,part_B,train
images/part_B_train/IMG_71.jpg,35,part_B,train
images/part_B_train/IMG_72.jpg,234,part_B,train
images/part_B_train/IMG_73.jpg,41,part_B,train
images/part_B_train/IMG_74.jpg,46,part_B,train
images/part_B_train/IMG_75.jpg,70,part_B,train
images/part_B_train/IMG_76.jpg,32,part_B,train
images/part_B_train/IMG_77.jpg,217,part_B,train
images/part_B_train/IMG_78.jpg,42,part_B,train
images/part_B_train/IMG_79.jpg,60,part_B,train
images/part_B_train/IMG_8.jpg,99,part_B,train
images/part_B_train/IMG_80.jpg,87,part_B,train
images/part_B_train/IMG_81.jpg,153,part_B,train
images/part_B_train/IMG_82.jpg,30,part_B,train
images/part_B_train/IMG_83.jpg,54,part_B,train
images/part_B_train/IMG_84.jpg,34,part_B,train
images/part_B_train/IMG_85.jpg,47,part_B,train
images/part_B_train/IMG_86.jpg,22,part_B,train
images/part_B_train/IMG_87.jpg,38,part_B,train
images/part_B_train/IMG_88.jpg,14,part_B,train
images/part_B_train/IMG_89.jpg,211,part_B,train
images/part_B_train/IMG_9.jpg,167,part_B,train
images/part_B_train/IMG_90.jpg,84,part_B,train
images/part_B_train/IMG_91.jpg,36,part_B,train
images/part_B_train/IMG_92.jpg,36,part_B,train
images/part_B_train/IMG_93.jpg,20,part_B,train
images/part_B_train/IMG_94.jpg,27,part_B,train
images/part_B_train/IMG_95.jpg,67,part_B,train
images/part_B_train/IMG_96.jpg,304,part_B,train
images/part_B_train/IMG_97.jpg,283,part_B,train
images/part_B_train/IMG_98.jpg,250,part_B,train
images/part_B_train/IMG_99.jpg,355,part_B,train
