item,exp,cond,n,r,sigma,px_per_obj,pred,parse_ok,abstain,refuse,raw,latency_s
ok|lattice_clear_n100_4,occlkind,lattice_clear,100,6,0.0,144,100,1,0,0,"{""count"": 100}",1.21
ok|lattice_clear_n400_5,occlkind,lattice_clear,400,6,0.0,144,200,1,0,0,"{""count"": 200}",1.26
ok|lattice_clear_n100_3,occlkind,lattice_clear,100,6,0.0,144,100,1,0,0,"{""count"": 100}",1.25
ok|lattice_clear_n400_8,occlkind,lattice_clear,400,6,0.0,144,200,1,0,0,"{""count"": 200}",1.26
ok|lattice_clear_n100_0,occlkind,lattice_clear,100,6,0.0,144,100,1,0,0,"{""count"": 100}",1.26
ok|lattice_clear_n400_6,occlkind,lattice_clear,400,6,0.0,144,200,1,0,0,"{""count"": 200}",1.25
ok|lattice_clear_n100_9,occlkind,lattice_clear,100,6,0.0,144,100,1,0,0,"{""count"": 100}",1.24
ok|lattice_clear_n400_7,occlkind,lattice_clear,400,6,0.0,144,200,1,0,0,"{""count"": 200}",1.25
ok|lattice_clear_n400_0,occlkind,lattice_clear,400,6,0.0,144,200,1,0,0,"{""count"": 200}",1.26
ok|lattice_clear_n100_5,occlkind,lattice_clear,100,6,0.0,144,100,1,0,0,"{""count"": 100}",1.25
ok|lattice_clear_n400_9,occlkind,lattice_clear,400,6,0.0,144,200,1,0,0,"{""count"": 200}",1.26
ok|lattice_clear_n100_8,occlkind,lattice_clear,100,6,0.0,144,100,1,0,0,"{""count"": 100}",1.25
ok|lattice_clear_n100_7,occlkind,lattice_clear,100,6,0.0,144,100,1,0,0,"{""count"": 100}",1.25
ok|lattice_clear_n100_6,occlkind,lattice_clear,100,6,0.0,144,100,1,0,0,"{""count"": 100}",1.26
ok|lattice_clear_n400_2,occlkind,lattice_clear,400,6,0.0,144,200,1,0,0,"{""count"": 200}",1.26
ok|lattice_clear_n100_2,occlkind,lattice_clear,100,6,0.0,144,100,1,0,0,"{""count"": 100}",1.26
ok|lattice_clear_n400_1,occlkind,lattice_clear,400,6,0.0,144,200,1,0,0,"{""count"": 200}",1.25
ok|lattice_clear_n400_4,occlkind,lattice_clear,400,6,0.0,144,200,1,0,0,"{""count"": 200}",1.27
ok|lattice_clear_n400_3,occlkind,lattice_clear,400,6,0.0,144,200,1,0,0,"{""count"": 200}",1.26
ok|lattice_clear_n100_1,occlkind,lattice_clear,100,6,0.0,144,100,1,0,0,"{""count"": 100}",1.26
ok|lattice_infer_n100_0,occlkind,lattice_infer,100,6,0.0,144,90,1,0,0,"{""count"": 90}",0.99
ok|lattice_infer_n100_1,occlkind,lattice_infer,100,6,0.0,144,90,1,0,0,"{""count"": 90}",0.97
ok|lattice_infer_n100_8,occlkind,lattice_infer,100,6,0.0,144,90,1,0,0,"{""count"": 90}",0.98
ok|lattice_infer_n100_9,occlkind,lattice_infer,100,6,0.0,144,90,1,0,0,"{""count"": 90}",0.96
ok|lattice_infer_n100_3,occlkind,lattice_infer,100,6,0.0,144,90,1,0,0,"{""count"": 90}",0.98
ok|lattice_infer_n100_6,occlkind,lattice_infer,100,6,0.0,144,90,1,0,0,"{""count"": 90}",0.94
ok|lattice_infer_n100_4,occlkind,lattice_infer,100,6,0.0,144,90,1,0,0,"{""count"": 90}",0.95
ok|lattice_infer_n100_7,occlkind,lattice_infer,100,6,0.0,144,90,1,0,0,"{""count"": 90}",0.97
ok|lattice_infer_n100_2,occlkind,lattice_infer,100,6,0.0,144,90,1,0,0,"{""count"": 90}",0.96
ok|lattice_infer_n100_5,occlkind,lattice_infer,100,6,0.0,144,90,1,0,0,"{""count"": 90}",0.95
ok|lattice_infer_n400_1,occlkind,lattice_infer,400,6,0.0,144,200,1,0,0,"{""count"": 200}",0.95
ok|lattice_infer_n400_4,occlkind,lattice_infer,400,6,0.0,144,200,1,0,0,"{""count"": 200}",0.94
ok|lattice_infer_n400_5,occlkind,lattice_infer,400,6,0.0,144,200,1,0,0,"{""count"": 200}",0.93
ok|lattice_infer_n400_2,occlkind,lattice_infer,400,6,0.0,144,200,1,0,0,"{""count"": 200}",0.97
ok|lattice_infer_n400_6,occlkind,lattice_infer,400,6,0.0,144,200,1,0,0,"{""count"": 200}",0.93
ok|lattice_infer_n400_7,occlkind,lattice_infer,400,6,0.0,144,200,1,0,0,"{""count"": 200}",0.93
ok|lattice_infer_n400_9,occlkind,lattice_infer,400,6,0.0,144,200,1,0,0,"{""count"": 200}",0.93
ok|lattice_infer_n400_3,occlkind,lattice_infer,400,6,0.0,144,200,1,0,0,"{""count"": 200}",1.00
ok|lattice_infer_n400_8,occlkind,lattice_infer,400,6,0.0,144,200,1,0,0,"{""count"": 200}",0.92
ok|lattice_infer_n400_0,occlkind,lattice_infer,400,6,0.0,144,200,1,0,0,"{""count"": 200}",1.04
ok|jitter_hide_n100_0,occlkind,jitter_hide,100,6,0.0,144,80,1,0,0,"{""count"": 80}",3.11
ok|jitter_hide_n100_1,occlkind,jitter_hide,100,6,0.0,144,100,1,0,0,"{""count"": 100}",3.84
ok|jitter_hide_n100_2,occlkind,jitter_hide,100,6,0.0,144,100,1,0,0,"{""count"": 100}",4.45
ok|jitter_hide_n100_3,occlkind,jitter_hide,100,6,0.0,144,80,1,0,0,"{""count"": 80}",4.45
ok|jitter_hide_n100_8,occlkind,jitter_hide,100,6,0.0,144,80,1,0,0,"{""count"": 80}",4.54
ok|jitter_hide_n100_6,occlkind,jitter_hide,100,6,0.0,144,80,1,0,0,"{""count"": 80}",5.19
ok|jitter_hide_n100_5,occlkind,jitter_hide,100,6,0.0,144,80,1,0,0,"{""count"": 80}",5.27
ok|jitter_hide_n100_7,occlkind,jitter_hide,100,6,0.0,144,80,1,0,0,"{""count"": 80}",5.93
ok|jitter_hide_n100_4,occlkind,jitter_hide,100,6,0.0,144,80,1,0,0,"{""count"": 80}",6.01
ok|jitter_hide_n400_1,occlkind,jitter_hide,400,6,0.0,144,300,1,0,0,"{""count"": 300}",6.74
ok|jitter_hide_n100_9,occlkind,jitter_hide,100,6,0.0,144,100,1,0,0,"{""count"": 100}",7.40
ok|jitter_hide_n400_0,occlkind,jitter_hide,400,6,0.0,144,256,1,0,0,"{""count"": 256}",7.43
ok|jitter_hide_n400_2,occlkind,jitter_hide,400,6,0.0,144,256,1,0,0,"{""count"": 256}",7.42
ok|jitter_hide_n400_7,occlkind,jitter_hide,400,6,0.0,144,256,1,0,0,"{""count"": 256}",7.40
ok|jitter_hide_n400_5,occlkind,jitter_hide,400,6,0.0,144,256,1,0,0,"{""count"": 256}",7.43
ok|jitter_hide_n400_3,occlkind,jitter_hide,400,6,0.0,144,300,1,0,0,"{""count"": 300}",7.46
ok|jitter_hide_n400_6,occlkind,jitter_hide,400,6,0.0,144,256,1,0,0,"{""count"": 256}",7.45
ok|jitter_hide_n400_4,occlkind,jitter_hide,400,6,0.0,144,256,1,0,0,"{""count"": 256}",7.49
ok|jitter_hide_n400_9,occlkind,jitter_hide,400,6,0.0,144,256,1,0,0,"{""count"": 256}",7.46
ok|jitter_hide_n400_8,occlkind,jitter_hide,400,6,0.0,144,256,1,0,0,"{""count"": 256}",7.48
