item,gt,pred,parse_ok,raw,latency_s,level_kind,level
T0001_XM_20130804080253_02,0,,0,"{""count"": ""abstain""}",3.84,contract,
T0002_YM_20100810160221_01,0,,0,"{""count"": ""abstain""}",3.73,contract,
T0001_XM_20130803160252_02,0,,0,"{""count"": ""abstain""}",3.91,contract,
T0002_YM_20100730140218_01,0,,0,"{""count"": ""abstain""}",3.84,contract,
T0006_XM_20120807100309_01,0,,0,"{""count"": ""abstain""}",3.74,contract,
T0002_YM_20100808140219_01,0,,0,"{""count"": ""abstain""}",3.77,contract,
T0001_XM_20130805130252_01,0,,0,"{""count"": ""abstain""}",3.9,contract,
T0002_YM_20100729100220_01,0,,0,"{""count"": ""abstain""}",3.88,contract,
XAM01_YM_20150725100254_01,0,,0,"{""count"": ""abstain""}",3.35,contract,
T0001_XM_20130805130253_02,2,2,1,"{""count"": 2}",3.32,contract,
T0006_XM_20120808100307_01,1,2,1,"{""count"": 2}",3.34,contract,
T0002_XM_20110727100223_01,1,1,1,"{""count"": 1}",3.39,contract,
T0002_XM_20110728090224_01,1,1,1,"{""count"": 1}",3.43,contract,
T0001_XM_20120801160256_01,1,,0,"{""count"": ""abstain""}",3.48,contract,
T0001_XM_20120801110252_01,1,,0,"{""count"": ""abstain""}",3.53,contract,
T0002_XM_20110728150223_01,1,,0,"{""count"": ""abstain""}",3.52,contract,
T0006_XM_20140809120051_01,2,3,1,"{""count"": 3}",3.16,contract,
XAM01_YM_20150726100258_01,2,2,1,"{""count"": 2}",3.17,contract,
T0006_XM_20140809180047_01,2,3,1,"{""count"": 3}",3.2,contract,
T0006_XM_20140809140048_01,2,3,1,"{""count"": 3}",3.22,contract,
T0006_XM_20140808140052_01,3,3,1,"{""count"": 3}",3.12,contract,
T0001_XM_20130806120253_02,3,3,1,"{""count"": 3}",3.13,contract,
XAM05_YM_20150723160224_01,2,,0,"{""count"": ""abstain""}",3.28,contract,
T0001_XM_20120802100252_01,3,,0,"{""count"": ""abstain""}",3.25,contract,
T0001_XM_20110807130247_01,4,3,1,"{""count"": 3}",3.14,contract,
T0001_XM_20110809160243_02,5,3,1,"{""count"": 3}",3.22,contract,
T0001_XM_20110809100243_02,5,3,1,"{""count"": 3}",3.3,contract,
T0006_XM_20140810120053_01,6,3,1,"{""count"": 3}",3.14,contract,
T0001_XM_20120802140257_02,4,,0,"{""count"": ""abstain""}",3.32,contract,
T0002_XM_20110729110232_01,5,2,1,"{""count"": 2}",3.17,contract,
T0001_XM_20120802160252_02,5,,0,"{""count"": ""abstain""}",3.26,contract,
T0001_XM_20130806120252_01,4,,0,"{""count"": ""abstain""}",3.4,contract,
T0006_XM_20140810180047_01,7,5,1,"{""count"": 5}",1.01,contract,
T0006_XM_20120809100305_01,9,7,1,"{""count"": 7}",3.62,contract,
XAM02_YM_20150725100005_01,10,,0,"{""count"": ""abstain""}",3.66,contract,
T0001_XM_20110808160246_01,11,7,1,"{""count"": 7}",3.64,contract,
T0001_XM_20130807100253_02,8,10,1,"{""count"": 10}",3.7,contract,
T0006_XM_20140811170049_01,12,10,1,"{""count"": 10}",3.65,contract,
T0002_XM_20110730110224_01,13,10,1,"{""count"": 10}",3.03,contract,
T0001_XM_20110810100243_02,12,12,1,"{""count"": 12}",3.72,contract,
T0002_XM_20110730090225_01,13,10,1,"{""count"": 10}",3.7,contract,
T0002_YM_20100814160219_01,13,14,1,"{""count"": 14}",3.28,contract,
T0002_XM_20110730130223_01,14,,0,"{""count"": ""abstain""}",3.32,contract,
T0001_YM_20100802100242_02,14,5,1,"{""count"": 5}",3.35,contract,
T0006_XM_20140812170051_01,15,12,1,"{""count"": 12}",3.3,contract,
T0001_XM_20110810130247_02,15,10,1,"{""count"": 10}",3.33,contract,
T0006_XM_20120813160304_01,16,18,1,"{""count"": 18}",3.31,contract,
T0006_XM_20140812080052_01,13,12,1,"{""count"": 12}",3.43,contract,
T0001_XM_20120803090253_01,14,10,1,"{""count"": 10}",3.43,contract,
T0001_XM_20110811090244_02,17,16,1,"{""count"": 16}",0.97,contract,
T0001_XM_20120803100257_02,18,20,1,"{""count"": 20}",3.58,contract,
T0002_YM_20100815100220_01,17,18,1,"{""count"": 18}",3.63,contract,
T0006_XM_20120815160306_01,17,20,1,"{""count"": 20}",3.67,contract,
T0006_XM_20120812130306_01,18,18,1,"{""count"": 18}",3.62,contract,
XAM02_YM_20150726100009_01,18,,0,"{""count"": ""abstain""}",3.59,contract,
T0001_XM_20120803100255_01,18,12,1,"{""count"": 12}",3.63,contract,
T0002_XM_20120801100222_01,19,14,1,"{""count"": 14}",2.89,contract,
XAM01_YM_20150729100258_01,18,,0,"{""count"": ""abstain""}",3.64,contract,
T0006_XM_20140813160048_01,19,16,1,"{""count"": 16}",3.6,contract,
T0001_XM_20120803120253_01,21,14,1,"{""count"": 14}",3.59,contract,
T0006_XM_20120815100308_01,19,16,1,"{""count"": 16}",3.66,contract,
T0002_XM_20120801160222_01,21,,0,"{""count"": ""abstain""}",3.61,contract,
T0006_XM_20140815180047_01,20,18,1,"{""count"": 18}",3.65,contract,
T0006_XM_20140813110051_01,20,18,1,"{""count"": 18}",3.66,contract,
T0006_YM_20140816140055_01,19,18,1,"{""count"": 18}",3.67,contract,
T0006_XM_20140815140051_01,21,20,1,"{""count"": 20}",3.66,contract,
T0006_YM_20140816160047_01,21,18,1,"{""count"": 18}",3.27,contract,
T0002_YM_20100815160218_01,24,20,1,"{""count"": 20}",3.36,contract,
T0006_YM_20140818090047_01,22,18,1,"{""count"": 18}",3.5,contract,
T0006_YM_20140818130051_01,22,20,1,"{""count"": 20}",3.48,contract,
T0006_XM_20140814090050_01,22,15,1,"{""count"": 15}",3.54,contract,
T0006_YM_20140818170051_01,22,18,1,"{""count"": 18}",3.51,contract,
T0002_XM_20110731100223_01,22,,0,"{""count"": ""abstain""}",3.6,contract,
T0001_XM_20110811160246_02,23,18,1,"{""count"": 18}",3.53,contract,
XAM01_YM_20150730100255_01,24,,0,"{""count"": ""abstain""}",3.25,contract,
T0001_YM_20100802160235_01,25,,0,"{""count"": ""abstain""}",3.11,contract,
T0001_XM_20120803160256_02,26,30,1,"{""count"": 30}",3.07,contract,
T0001_XM_20120803160255_01,26,14,1,"{""count"": 14}",3.07,contract,
XAM02_YM_20150728100006_01,30,,0,"{""count"": ""abstain""}",3.05,contract,
T0001_XM_20110810100242_01,31,24,1,"{""count"": 24}",3.01,contract,
T0001_XM_20120804140256_01,26,,0,"{""count"": ""abstain""}",3.11,contract,
XAM01_YM_20150731100257_01,28,,0,"{""count"": ""abstain""}",3.08,contract,
T0002_YM_20100816100220_01,31,,0,"{""count"": ""abstain""}",3.26,contract,
T0001_XM_20110812100244_02,32,24,1,"{""count"": 24}",3.21,contract,
T0001_XM_20120804160257_01,33,28,1,"{""count"": 28}",3.24,contract,
XAM01_YM_20150801100257_01,36,,0,"{""count"": ""abstain""}",3.26,contract,
XAM02_YM_20150730100009_01,35,,0,"{""count"": ""abstain""}",3.29,contract,
T0001_XM_20110812160246_02,32,28,1,"{""count"": 28}",3.32,contract,
T0002_YM_20100816140221_01,34,,0,"{""count"": ""abstain""}",3.31,contract,
T0001_XM_20120805130255_01,36,,0,"{""count"": ""abstain""}",3.3,contract,
T0001_XM_20120805160256_01,37,,0,"{""count"": ""abstain""}",3.32,contract,
T0002_XM_20120802100223_01,38,,0,"{""count"": ""abstain""}",3.26,contract,
T0001_XM_20120805140251_01,38,,0,"{""count"": ""abstain""}",3.38,contract,
T0001_XM_20130808110252_02,39,,0,"{""count"": ""abstain""}",3.26,contract,
T0001_XM_20110814100248_02,40,,0,"{""count"": ""abstain""}",3.27,contract,
T0001_XM_20120805120252_01,40,,0,"{""count"": ""abstain""}",3.26,contract,
XAM02_YM_20150801100008_01,39,,0,"{""count"": ""abstain""}",3.31,contract,
T0001_YM_20100803100239_02,40,,0,"{""count"": ""abstain""}",3.27,contract,
T0002_XM_20110802100228_01,40,,0,"{""count"": ""abstain""}",3.18,contract,
T0002_YM_20100817090218_01,42,24,1,"{""count"": 24}",3.25,contract,
T0001_XM_20120805100257_01,41,,0,"{""count"": ""abstain""}",3.34,contract,
T0001_XM_20120806130252_01,42,,0,"{""count"": ""abstain""}",3.34,contract,
T0001_XM_20110811140245_01,41,,0,"{""count"": ""abstain""}",3.42,contract,
T0002_XM_20110802120223_01,41,,0,"{""count"": ""abstain""}",3.39,contract,
XAM02_YM_20150802100007_01,42,,0,"{""count"": ""abstain""}",3.36,contract,
T0002_XM_20110802110223_01,42,,0,"{""count"": ""abstain""}",3.39,contract,
XAM05_YM_20150726160228_01,43,,0,"{""count"": ""abstain""}",3.19,contract,
T0002_YM_20100817110218_01,44,,0,"{""count"": ""abstain""}",3.15,contract,
T0002_XM_20110802160225_01,44,,0,"{""count"": ""abstain""}",3.15,contract,
T0001_XM_20110811100244_01,46,,0,"{""count"": ""abstain""}",3.1,contract,
T0001_XM_20110815120244_02,45,,0,"{""count"": ""abstain""}",3.18,contract,
XAM02_YM_20150804100010_01,44,,0,"{""count"": ""abstain""}",3.18,contract,
T0001_XM_20120806090255_01,45,,0,"{""count"": ""abstain""}",3.16,contract,
T0001_XM_20130809120253_02,45,,0,"{""count"": ""abstain""}",3.11,contract,
T0001_XM_20120806150255_01,46,,0,"{""count"": ""abstain""}",3.25,contract,
T0001_XM_20120805110255_02,47,,0,"{""count"": ""abstain""}",3.1,contract,
T0001_XM_20130809120252_01,47,,0,"{""count"": ""abstain""}",3.17,contract,
XAM01_YM_20150802100255_01,49,,0,"{""count"": ""abstain""}",3.11,contract,
T0001_XM_20120806150256_02,49,,0,"{""count"": ""abstain""}",3.14,contract,
T0002_YM_20100817150218_01,47,,0,"{""count"": ""abstain""}",3.16,contract,
XAM02_YM_20150805100009_01,48,,0,"{""count"": ""abstain""}",3.16,contract,
T0001_XM_20120805090254_02,49,,0,"{""count"": ""abstain""}",3.16,contract,
T0001_XM_20120806130253_02,50,,0,"{""count"": ""abstain""}",3.17,contract,
T0001_XM_20120805120252_02,51,,0,"{""count"": ""abstain""}",3.1,contract,
T0001_XM_20120807120256_01,50,,0,"{""count"": ""abstain""}",3.17,contract,
T0001_XM_20120807090254_02,51,,0,"{""count"": ""abstain""}",3.11,contract,
T0001_XM_20120808150253_01,51,,0,"{""count"": ""abstain""}",3.13,contract,
T0001_XM_20120809130255_01,51,,0,"{""count"": ""abstain""}",3.13,contract,
T0001_XM_20120808140252_01,51,,0,"{""count"": ""abstain""}",3.15,contract,
T0001_XM_20120805160256_02,52,,0,"{""count"": ""abstain""}",3.15,contract,
T0001_XM_20120807140256_01,52,,0,"{""count"": ""abstain""}",1.13,contract,
T0001_XM_20120807100255_01,53,,0,"{""count"": ""abstain""}",3.86,contract,
T0001_XM_20110813100247_01,54,,0,"{""count"": ""abstain""}",3.83,contract,
T0001_XM_20120808120253_01,52,,0,"{""count"": ""abstain""}",3.96,contract,
T0001_XM_20110812130242_01,54,,0,"{""count"": ""abstain""}",3.85,contract,
T0001_XM_20110812100243_01,54,,0,"{""count"": ""abstain""}",3.9,contract,
T0001_YM_20100804110241_02,54,,0,"{""count"": ""abstain""}",3.86,contract,
T0001_XM_20120809100255_01,52,,0,"{""count"": ""abstain""}",4.02,contract,
T0001_XM_20110813160244_01,56,,0,"{""count"": ""abstain""}",3.0,contract,
T0002_YM_20100818100222_01,56,,0,"{""count"": ""abstain""}",3.25,contract,
T0002_YM_20100818160221_01,57,,0,"{""count"": ""abstain""}",3.3,contract,
T0001_YM_20100805160240_01,58,,0,"{""count"": ""abstain""}",3.29,contract,
T0001_YM_20100804140239_01,58,,0,"{""count"": ""abstain""}",3.31,contract,
XAM01_YM_20150803110256_01,59,,0,"{""count"": ""abstain""}",3.36,contract,
T0001_YM_20100805130237_02,61,,0,"{""count"": ""abstain""}",3.36,contract,
T0001_YM_20100806100236_02,61,,0,"{""count"": ""abstain""}",3.36,contract,
T0001_YM_20100805100238_02,62,,0,"{""count"": ""abstain""}",3.36,contract,
T0001_YM_20100806150239_02,62,,0,"{""count"": ""abstain""}",2.64,contract,
T0001_YM_20100806120243_02,64,,0,"{""count"": ""abstain""}",3.62,contract,
T0001_YM_20100807110238_02,63,,0,"{""count"": ""abstain""}",3.69,contract,
T0001_YM_20100807100238_02,62,,0,"{""count"": ""abstain""}",3.81,contract,
T0001_YM_20100805140236_02,63,,0,"{""count"": ""abstain""}",3.82,contract,
T0001_YM_20100806130242_02,63,,0,"{""count"": ""abstain""}",3.79,contract,
T0001_YM_20100806160240_02,63,,0,"{""count"": ""abstain""}",3.76,contract,
T0001_YM_20100807160237_02,64,,0,"{""count"": ""abstain""}",3.74,contract,
T0002_YM_20100819160218_01,64,,0,"{""count"": ""abstain""}",1.42,contract,
T0001_YM_20100806140240_01,65,,0,"{""count"": ""abstain""}",1.06,contract,
T0002_YM_20100821100220_01,65,,0,"{""count"": ""abstain""}",3.86,contract,
T0002_YM_20100820160219_01,66,,0,"{""count"": ""abstain""}",3.95,contract,
T0001_YM_20100808110236_02,66,,0,"{""count"": ""abstain""}",3.96,contract,
T0001_YM_20100806160239_01,68,,0,"{""count"": ""abstain""}",2.99,contract,
T0001_YM_20100805130235_01,67,,0,"{""count"": ""abstain""}",3.94,contract,
T0001_YM_20100805140235_01,67,,0,"{""count"": ""abstain""}",3.97,contract,
T0001_YM_20100809140241_02,66,,0,"{""count"": ""abstain""}",4.03,contract,
T0001_YM_20100805120236_01,68,,0,"{""count"": ""abstain""}",3.86,contract,
T0002_XM_20120803160221_01,68,,0,"{""count"": ""abstain""}",1.09,contract,
T0002_YM_20100823160222_01,68,,0,"{""count"": ""abstain""}",3.84,contract,
T0002_YM_20100822090219_01,69,,0,"{""count"": ""abstain""}",3.81,contract,
T0002_YM_20100821160221_01,70,,0,"{""count"": ""abstain""}",3.8,contract,
T0001_YM_20100806150239_01,70,,0,"{""count"": ""abstain""}",3.84,contract,
T0002_YM_20100821120220_01,69,,0,"{""count"": ""abstain""}",3.93,contract,
T0001_YM_20100807090237_01,74,,0,"{""count"": ""abstain""}",2.95,contract,
T0001_YM_20100805100237_01,71,,0,"{""count"": ""abstain""}",3.85,contract,
T0001_YM_20100806090236_01,71,,0,"{""count"": ""abstain""}",3.82,contract,
T0001_YM_20100807100236_01,79,,0,"{""count"": ""abstain""}",3.43,contract,
T0001_YM_20100809160239_01,79,,0,"{""count"": ""abstain""}",3.44,contract,
T0002_XM_20120804100222_01,83,,0,"{""count"": ""abstain""}",3.41,contract,
T0002_XM_20120804160222_01,85,,0,"{""count"": ""abstain""}",3.41,contract,
T0002_XM_20120805090222_01,90,,0,"{""count"": ""abstain""}",3.43,contract,
T0001_YM_20100807160235_01,77,,0,"{""count"": ""abstain""}",3.53,contract,
T0001_YM_20100809130240_01,81,,0,"{""count"": ""abstain""}",3.44,contract,
T0001_YM_20100808100235_01,79,,0,"{""count"": ""abstain""}",3.49,contract,
T0002_XM_20120805100222_01,94,,0,"{""count"": ""abstain""}",3.19,contract,
T0002_XM_20120806090222_01,102,,0,"{""count"": ""abstain""}",3.2,contract,
T0002_XM_20120805120223_01,96,,0,"{""count"": ""abstain""}",3.25,contract,
T0002_XM_20120808150221_01,120,,0,"{""count"": ""abstain""}",3.27,contract,
XAM05_YM_20150731160225_01,97,,0,"{""count"": ""abstain""}",3.3,contract,
XAM05_YM_20150803160225_01,107,,0,"{""count"": ""abstain""}",3.32,contract,
T0002_XM_20120805160221_01,97,,0,"{""count"": ""abstain""}",3.39,contract,
XAM05_YM_20150801160224_01,103,,0,"{""count"": ""abstain""}",3.31,contract,
T0001_XM_20130803160251_01,0,,0,"{""count"": ""abstain""}",3.16,contract,
T0001_XM_20130804080252_01,0,,0,"{""count"": ""abstain""}",3.14,contract,
T0002_YM_20100728120218_01,0,,0,"{""count"": ""abstain""}",3.19,contract,
T0002_YM_20100731120218_01,0,,0,"{""count"": ""abstain""}",3.16,contract,
T0002_YM_20100808120218_01,0,,0,"{""count"": ""abstain""}",3.13,contract,
T0002_YM_20100809110218_01,0,,0,"{""count"": ""abstain""}",3.13,contract,
T0006_XM_20120807160304_01,0,,0,"{""count"": ""abstain""}",3.07,contract,
T0002_YM_20100811130220_01,0,,0,"{""count"": ""abstain""}",3.09,contract,
T0001_XM_20120801090255_01,1,,0,"{""count"": ""abstain""}",1.48,contract,
T0001_XM_20120801100256_02,1,,0,"{""count"": ""abstain""}",1.47,contract,
