item,gt,pred,parse_ok,raw,lang,arm
0000101_01189_d_0000017__0_0,,7,1,"{""count"": 7}",en,en-neutral0em
0000126_11844_d_0000130__1200_0,,0,1,"{""count"": 0}",en,en-neutral0em
0000059_01886_d_0000114__0_0,,0,1,"{""count"": 0}",en,en-neutral0em
0000024_01000_d_0000014__160_0,,5,1,"{""count"": 5}",en,en-neutral0em
0000225_03052_d_0000011__1120_280,,0,1,"{""count"": 0}",en,en-neutral0em
0000156_00154_d_0000077__0_0,,0,1,"{""count"": 0}",en,en-neutral0em
0000225_05003_d_0000016__600_0,,0,1,"{""count"": 0}",en,en-neutral0em
0000126_11844_d_0000130__1120_280,,10,1,"{""count"": 10}",en,en-neutral0em
0000228_00001_d_0000001__1120_0,,0,1,"{""count"": 0}",en,en-neutral0em
0000182_01220_d_0000039__0_0,,0,1,"{""count"": 0}",en,en-neutral0em
0000174_00801_d_0000001__160_0,,0,1,"{""count"": 0}",en,en-neutral0em
0000239_08430_d_0000022__0_0,,0,1,"{""count"": 0}",en,en-neutral0em
0000228_00001_d_0000001__1200_0,,0,1,"{""count"": 0}",en,en-neutral0em
0000239_07930_d_0000021__160_0,,0,1,"{""count"": 0}",en,en-neutral0em
0000193_02606_d_0000117__0_0,,0,1,"{""count"": 0}",en,en-neutral0em
0000181_00000_d_0000028__160_0,,0,1,"{""count"": 0}",en,en-neutral0em
0000133_00078_d_0000141__0_0,,0,1,"{""count"": 0}",en,en-neutral0em
0000242_02400_d_0000009__160_0,,0,1,"{""count"": 0}",en,en-neutral0em
0000197_02416_d_0000152__0_0,,0,1,"{""count"": 0}",en,en-neutral0em
0000199_00303_d_0000163__160_0,,0,1,"{""count"": 0}",en,en-neutral0em
0000193_02606_d_0000117__160_0,,0,1,"{""count"": 0}",en,en-neutral0em
0000194_00998_d_0000124__160_0,,0,1,"{""count"": 0}",en,en-neutral0em
0000244_01500_d_0000004__160_0,,0,1,"{""count"": 0}",en,en-neutral0em
0000197_03351_d_0000154__1120_0,,0,1,"{""count"": 0}",en,en-neutral0em
0000242_05059_d_0000015__0_0,,0,1,"{""count"": 0}",en,en-neutral0em
0000228_00500_d_0000002__1120_0,,0,1,"{""count"": 0}",en,en-neutral0em
0000200_00297_d_0000169__0_0,,0,1,"{""count"": 0}",en,en-neutral0em
0000249_00603_d_0000003__160_0,,1,1,"{""count"": 1}",en,en-neutral0em
0000201_00000_d_0000171__0_0,,0,1,"{""count"": 0}",en,en-neutral0em
0000213_02500_d_0000240__600_0,,2,1,"{""count"": 2}",en,en-neutral0em
0000257_04349_d_0000067__560_0,,0,1,"{""count"": 0}",en,en-neutral0em
0000244_05400_d_0000012__160_0,,10,1,"{""count"": 10}",en,en-neutral0em
0000264_01401_d_0000201__560_0,,0,1,"{""count"": 0}",en,en-neutral0em
0000264_01801_d_0000203__600_0,,0,1,"{""count"": 0}",en,en-neutral0em
0000303_03601_d_0000201__600_0,,0,1,"{""count"": 0}",en,en-neutral0em
0000315_00401_d_0000503__560_0,,0,1,"{""count"": 0}",en,en-neutral0em
0000270_03801_d_0000372__0_0,,10,1,"{""count"": 10}",en,en-neutral0em
0000271_07201_d_0000408__600_0,,5,1,"{""count"": 5}",en,en-neutral0em
0000303_03401_d_0000200__600_0,,0,1,"{""count"": 0}",en,en-neutral0em
0000344_02941_d_0000308__560_0,,0,1,"{""count"": 0}",en,en-neutral0em
9999937_00000_d_0000005__544_0,,0,1,"{""count"": 0}",en,en-neutral0em
0000339_02157_d_0000172__560_0,,0,1,"{""count"": 0}",en,en-neutral0em
0000366_08233_d_0000814__0_0,,0,1,"{""count"": 0}",en,en-neutral0em
9999937_00000_d_0000013__0_0,,0,1,"{""count"": 0}",en,en-neutral0em
9999937_00000_d_0000168__1116_278,,0,1,"{""count"": 0}",en,en-neutral0em
0000366_06273_d_0000808__560_0,,12,1,"{""count"": 12}",en,en-neutral0em
9999937_00000_d_0000161__1116_278,,5,1,"{""count"": 5}",en,en-neutral0em
9999937_00000_d_0000007__0_0,,6,1,"{""count"": 6}",en,en-neutral0em
9999940_00000_d_0000033__600_0,,0,1,"{""count"": 0}",en,en-neutral0em
9999940_00000_d_0000026__0_0,,0,1,"{""count"": 0}",en,en-neutral0em
9999937_00000_d_0000161__1200_278,,6,1,"{""count"": 6}",en,en-neutral0em
9999940_00000_d_0000064__600_0,,0,1,"{""count"": 0}",en,en-neutral0em
9999940_00000_d_0000076__600_0,,0,1,"{""count"": 0}",en,en-neutral0em
9999945_00000_d_0000004__600_0,,0,1,"{""count"": 0}",en,en-neutral0em
9999942_00000_d_0000254__600_250,,0,1,"{""count"": 0}",en,en-neutral0em
9999945_00000_d_0000004__0_0,,0,1,"{""count"": 0}",en,en-neutral0em
9999942_00000_d_0000254__0_0,,0,1,"{""count"": 0}",en,en-neutral0em
9999945_00000_d_0000004__600_250,,0,1,"{""count"": 0}",en,en-neutral0em
9999945_00000_d_0000052__0_0,,0,1,"{""count"": 0}",en,en-neutral0em
9999945_00000_d_0000042__600_0,,0,1,"{""count"": 0}",en,en-neutral0em
9999945_00000_d_0000099__600_0,,0,1,"{""count"": 0}",en,en-neutral0em
9999945_00000_d_0000133__600_0,,0,1,"{""count"": 0}",en,en-neutral0em
9999945_00000_d_0000078__0_250,,0,1,"{""count"": 0}",en,en-neutral0em
9999945_00000_d_0000158__600_0,,0,1,"{""count"": 0}",en,en-neutral0em
9999945_00000_d_0000171__600_0,,0,1,"{""count"": 0}",en,en-neutral0em
9999945_00000_d_0000179__0_0,,1,1,"{""count"": 1}",en,en-neutral0em
9999945_00000_d_0000119__600_0,,0,1,"{""count"": 0}",en,en-neutral0em
9999951_00000_d_0000282__600_0,,0,1,"{""count"": 0}",en,en-neutral0em
9999951_00000_d_0000283__600_0,,0,1,"{""count"": 0}",en,en-neutral0em
9999951_00000_d_0000001__600_0,,14,1,"{""count"": 14}",en,en-neutral0em
9999951_00000_d_0000272__0_0,,0,1,"{""count"": 0}",en,en-neutral0em
9999951_00000_d_0000010__600_0,,14,1,"{""count"": 14}",en,en-neutral0em
9999951_00000_d_0000313__0_0,,18,1,"{""count"": 18}",en,en-neutral0em
9999951_00000_d_0000314__0_0,,18,1,"{""count"": 18}",en,en-neutral0em
9999951_00000_d_0000332__0_0,,4,1,"{""count"": 4}",en,en-neutral0em
9999955_00000_d_0000006__600_0,,0,1,"{""count"": 0}",en,en-neutral0em
9999951_00000_d_0000327__0_0,,20,1,"{""count"": 20}",en,en-neutral0em
9999955_00000_d_0000001__600_0,,0,1,"{""count"": 0}",en,en-neutral0em
9999955_00000_d_0000046__600_0,,2,1,"{""count"": 2}",en,en-neutral0em
9999955_00000_d_0000018__0_0,,0,1,"{""count"": 0}",en,en-neutral0em
9999955_00000_d_0000021__0_0,,0,1,"{""count"": 0}",en,en-neutral0em
9999955_00000_d_0000084__600_0,,0,1,"{""count"": 0}",en,en-neutral0em
9999955_00000_d_0000224__600_0,,0,1,"{""count"": 0}",en,en-neutral0em
9999955_00000_d_0000184__600_0,,0,1,"{""count"": 0}",en,en-neutral0em
9999955_00000_d_0000101__0_0,,0,1,"{""count"": 0}",en,en-neutral0em
9999955_00000_d_0000227__600_0,,0,1,"{""count"": 0}",en,en-neutral0em
9999955_00000_d_0000225__600_0,,38,1,"{""count"": 38}",en,en-neutral0em
9999955_00000_d_0000156__600_0,,30,1,"{""count"": 30}",en,en-neutral0em
9999955_00000_d_0000346__600_0,,0,1,"{""count"": 0}",en,en-neutral0em
9999955_00000_d_0000284__0_0,,0,1,"{""count"": 0}",en,en-neutral0em
9999955_00000_d_0000431__0_0,,0,1,"{""count"": 0}",en,en-neutral0em
9999975_00000_d_0000005__600_0,,0,1,"{""count"": 0}",en,en-neutral0em
9999965_00000_d_0000033__0_0,,0,1,"{""count"": 0}",en,en-neutral0em
9999966_00000_d_0000015__600_250,,11,1,"{""count"": 11}",en,en-neutral0em
9999965_00000_d_0000033__600_0,,0,1,"{""count"": 0}",en,en-neutral0em
9999970_00000_d_0000010__0_0,,0,1,"{""count"": 0}",en,en-neutral0em
9999974_00000_d_0000019__1200_278,,1,1,"{""count"": 1}",en,en-neutral0em
9999975_00000_d_0000025__0_0,,0,1,"{""count"": 0}",en,en-neutral0em
9999972_00000_d_0000050__0_278,,0,1,"{""count"": 0}",en,en-neutral0em
9999977_00000_d_0000045__0_0,,0,1,"{""count"": 0}",en,en-neutral0em
9999977_00000_d_0000002__1116_278,,6,1,"{""count"": 6}",en,en-neutral0em
9999977_00000_d_0000043__600_0,,0,1,"{""count"": 0}",en,en-neutral0em
9999977_00000_d_0000051__1116_278,,8,1,"{""count"": 8}",en,en-neutral0em
9999977_00000_d_0000001__600_278,,5,1,"{""count"": 5}",en,en-neutral0em
9999977_00000_d_0000039__1116_0,,0,1,"{""count"": 0}",en,en-neutral0em
9999977_00000_d_0000049__0_0,,0,1,"{""count"": 0}",en,en-neutral0em
9999977_00000_d_0000047__0_278,,3,1,"{""count"": 3}",en,en-neutral0em
9999981_00000_d_0000012__600_250,,8,1,"{""count"": 8}",en,en-neutral0em
9999977_00000_d_0000055__0_0,,0,1,"{""count"": 0}",en,en-neutral0em
9999981_00000_d_0000153__0_0,,0,1,"{""count"": 0}",en,en-neutral0em
9999977_00000_d_0000054__600_0,,0,1,"{""count"": 0}",en,en-neutral0em
9999977_00000_d_0000052__1200_0,,0,1,"{""count"": 0}",en,en-neutral0em
9999977_00000_d_0000057__600_278,,0,1,"{""count"": 0}",en,en-neutral0em
9999982_00000_d_0000009__600_0,,0,1,"{""count"": 0}",en,en-neutral0em
9999981_00000_d_0000096__600_250,,0,1,"{""count"": 0}",en,en-neutral0em
9999982_00000_d_0000007__0_250,,0,1,"{""count"": 0}",en,en-neutral0em
9999981_00000_d_0000154__600_0,,0,1,"{""count"": 0}",en,en-neutral0em
9999982_00000_d_0000015__0_0,,0,1,"{""count"": 0}",en,en-neutral0em
9999982_00000_d_0000025__0_0,,0,1,"{""count"": 0}",en,en-neutral0em
9999982_00000_d_0000015__600_250,,0,1,"{""count"": 0}",en,en-neutral0em
9999982_00000_d_0000029__600_250,,0,1,"{""count"": 0}",en,en-neutral0em
9999982_00000_d_0000019__600_0,,0,1,"{""count"": 0}",en,en-neutral0em
9999982_00000_d_0000021__0_250,,0,1,"{""count"": 0}",en,en-neutral0em
9999982_00000_d_0000059__0_0,,0,1,"{""count"": 0}",en,en-neutral0em
9999982_00000_d_0000031__600_0,,0,1,"{""count"": 0}",en,en-neutral0em
9999982_00000_d_0000069__0_0,,0,1,"{""count"": 0}",en,en-neutral0em
9999982_00000_d_0000038__600_0,,0,1,"{""count"": 0}",en,en-neutral0em
9999982_00000_d_0000053__0_250,,0,1,"{""count"": 0}",en,en-neutral0em
9999982_00000_d_0000045__0_0,,0,1,"{""count"": 0}",en,en-neutral0em
9999982_00000_d_0000085__0_250,,0,1,"{""count"": 0}",en,en-neutral0em
9999982_00000_d_0000091__0_250,,0,1,"{""count"": 0}",en,en-neutral0em
9999982_00000_d_0000175__600_250,,0,1,"{""count"": 0}",en,en-neutral0em
9999982_00000_d_0000123__600_0,,0,1,"{""count"": 0}",en,en-neutral0em
9999982_00000_d_0000095__0_250,,0,1,"{""count"": 0}",en,en-neutral0em
9999982_00000_d_0000099__600_0,,0,1,"{""count"": 0}",en,en-neutral0em
9999982_00000_d_0000083__600_0,,0,1,"{""count"": 0}",en,en-neutral0em
9999982_00000_d_0000170__0_0,,0,1,"{""count"": 0}",en,en-neutral0em
9999982_00000_d_0000172__0_0,,0,1,"{""count"": 0}",en,en-neutral0em
9999982_00000_d_0000130__600_0,,0,1,"{""count"": 0}",en,en-neutral0em
9999982_00000_d_0000222__0_0,,0,1,"{""count"": 0}",en,en-neutral0em
9999982_00000_d_0000178__600_0,,0,1,"{""count"": 0}",en,en-neutral0em
9999982_00000_d_0000208__600_0,,0,1,"{""count"": 0}",en,en-neutral0em
9999982_00000_d_0000179__0_0,,0,1,"{""count"": 0}",en,en-neutral0em
9999982_00000_d_0000171__0_250,,0,1,"{""count"": 0}",en,en-neutral0em
9999982_00000_d_0000247__0_0,,0,1,"{""count"": 0}",en,en-neutral0em
9999982_00000_d_0000244__0_0,,0,1,"{""count"": 0}",en,en-neutral0em
9999982_00000_d_0000245__600_0,,0,1,"{""count"": 0}",en,en-neutral0em
9999984_00000_d_0000034__0_0,,0,1,"{""count"": 0}",en,en-neutral0em
9999984_00000_d_0000029__0_0,,0,1,"{""count"": 0}",en,en-neutral0em
9999984_00000_d_0000014__600_0,,0,1,"{""count"": 0}",en,en-neutral0em
9999984_00000_d_0000020__0_0,,0,1,"{""count"": 0}",en,en-neutral0em
9999982_00000_d_0000251__0_250,,0,1,"{""count"": 0}",en,en-neutral0em
9999984_00000_d_0000033__0_250,,14,1,"{""count"": 14}",en,en-neutral0em
9999984_00000_d_0000036__600_0,,0,1,"{""count"": 0}",en,en-neutral0em
9999984_00000_d_0000048__600_0,,0,1,"{""count"": 0}",en,en-neutral0em
9999984_00000_d_0000076__0_0,,0,1,"{""count"": 0}",en,en-neutral0em
9999984_00000_d_0000054__600_0,,0,1,"{""count"": 0}",en,en-neutral0em
9999984_00000_d_0000085__0_250,,0,1,"{""count"": 0}",en,en-neutral0em
9999984_00000_d_0000071__0_250,,0,1,"{""count"": 0}",en,en-neutral0em
9999984_00000_d_0000092__600_250,,8,1,"{""count"": 8}",en,en-neutral0em
9999984_00000_d_0000102__0_250,,0,1,"{""count"": 0}",en,en-neutral0em
9999984_00000_d_0000110__600_0,,0,1,"{""count"": 0}",en,en-neutral0em
9999984_00000_d_0000155__600_250,,2,1,"{""count"": 2}",en,en-neutral0em
9999984_00000_d_0000093__0_0,,10,1,"{""count"": 10}",en,en-neutral0em
9999984_00000_d_0000094__0_250,,7,1,"{""count"": 7}",en,en-neutral0em
9999984_00000_d_0000109__600_250,,0,1,"{""count"": 0}",en,en-neutral0em
9999984_00000_d_0000105__600_250,,10,1,"{""count"": 10}",en,en-neutral0em
9999984_00000_d_0000093__0_250,,10,1,"{""count"": 10}",en,en-neutral0em
9999984_00000_d_0000125__0_0,,0,1,"{""count"": 0}",en,en-neutral0em
9999984_00000_d_0000122__600_0,,0,1,"{""count"": 0}",en,en-neutral0em
9999984_00000_d_0000158__0_0,,0,1,"{""count"": 0}",en,en-neutral0em
9999984_00000_d_0000156__600_250,,0,1,"{""count"": 0}",en,en-neutral0em
9999984_00000_d_0000162__600_0,,0,1,"{""count"": 0}",en,en-neutral0em
9999984_00000_d_0000158__600_250,,0,1,"{""count"": 0}",en,en-neutral0em
9999984_00000_d_0000156__600_0,,0,1,"{""count"": 0}",en,en-neutral0em
9999984_00000_d_0000174__600_0,,0,1,"{""count"": 0}",en,en-neutral0em
9999985_00000_d_0000025__600_250,,0,1,"{""count"": 0}",en,en-neutral0em
9999985_00000_d_0000054__0_0,,0,1,"{""count"": 0}",en,en-neutral0em
9999985_00000_d_0000063__0_0,,0,1,"{""count"": 0}",en,en-neutral0em
9999987_00000_d_0000019__0_0,,8,1,"{""count"": 8}",en,en-neutral0em
9999987_00000_d_0000018__600_0,,5,1,"{""count"": 5}",en,en-neutral0em
9999987_00000_d_0000004__600_250,,15,1,"{""count"": 15}",en,en-neutral0em
9999987_00000_d_0000009__0_0,,20,1,"{""count"": 20}",en,en-neutral0em
9999987_00000_d_0000018__0_250,,24,1,"{""count"": 24}",en,en-neutral0em
9999989_00000_d_0000006__600_250,,25,1,"{""count"": 25}",en,en-neutral0em
9999987_00000_d_0000023__0_0,,0,1,"{""count"": 0}",en,en-neutral0em
9999990_00000_d_0000012__0_250,,5,1,"{""count"": 5}",en,en-neutral0em
9999994_00000_d_0000027__0_250,,0,1,"{""count"": 0}",en,en-neutral0em
9999990_00000_d_0000060__600_250,,0,1,"{""count"": 0}",en,en-neutral0em
9999994_00000_d_0000028__0_250,,0,1,"{""count"": 0}",en,en-neutral0em
9999987_00000_d_0000031__600_250,,10,1,"{""count"": 10}",en,en-neutral0em
9999994_00000_d_0000002__0_250,,0,1,"{""count"": 0}",en,en-neutral0em
9999994_00000_d_0000036__0_0,,0,1,"{""count"": 0}",en,en-neutral0em
9999994_00000_d_0000029__0_0,,0,1,"{""count"": 0}",en,en-neutral0em
9999994_00000_d_0000033__0_250,,0,1,"{""count"": 0}",en,en-neutral0em
9999994_00000_d_0000037__600_0,,0,1,"{""count"": 0}",en,en-neutral0em
9999994_00000_d_0000071__0_0,,0,1,"{""count"": 0}",en,en-neutral0em
9999994_00000_d_0000036__0_250,,0,1,"{""count"": 0}",en,en-neutral0em
9999994_00000_d_0000077__600_250,,0,1,"{""count"": 0}",en,en-neutral0em
9999994_00000_d_0000080__0_0,,0,1,"{""count"": 0}",en,en-neutral0em
9999994_00000_d_0000079__600_0,,0,1,"{""count"": 0}",en,en-neutral0em
9999994_00000_d_0000075__0_0,,0,1,"{""count"": 0}",en,en-neutral0em
9999994_00000_d_0000094__0_0,,1,1,"{""count"": 1}",en,en-neutral0em
9999994_00000_d_0000091__0_250,,0,1,"{""count"": 0}",en,en-neutral0em
9999994_00000_d_0000092__600_0,,0,1,"{""count"": 0}",en,en-neutral0em
9999994_00000_d_0000095__600_250,,0,1,"{""count"": 0}",en,en-neutral0em
9999997_00000_d_0000019__600_0,,2,1,"{""count"": 2}",en,en-neutral0em
9999994_00000_d_0000100__600_0,,0,1,"{""count"": 0}",en,en-neutral0em
9999994_00000_d_0000119__600_0,,0,1,"{""count"": 0}",en,en-neutral0em
9999997_00000_d_0000024__0_0,,0,1,"{""count"": 0}",en,en-neutral0em
9999997_00000_d_0000031__0_250,,0,1,"{""count"": 0}",en,en-neutral0em
9999997_00000_d_0000031__600_0,,0,1,"{""count"": 0}",en,en-neutral0em
9999997_00000_d_0000065__0_250,,0,1,"{""count"": 0}",en,en-neutral0em
9999997_00000_d_0000053__0_250,,0,1,"{""count"": 0}",en,en-neutral0em
9999997_00000_d_0000051__0_250,,0,1,"{""count"": 0}",en,en-neutral0em
9999997_00000_d_0000068__600_0,,0,1,"{""count"": 0}",en,en-neutral0em
9999998_00066_d_0000051__600_0,,0,1,"{""count"": 0}",en,en-neutral0em
9999998_00059_d_0000045__1200_0,,0,1,"{""count"": 0}",en,en-neutral0em
9999998_00208_d_0000165__1200_0,,0,1,"{""count"": 0}",en,en-neutral0em
9999998_00067_d_0000052__0_0,,0,1,"{""count"": 0}",en,en-neutral0em
9999998_00015_d_0000011__0_700,,0,1,"{""count"": 0}",en,en-neutral0em
9999999_00598_d_0000271__0_0,,0,1,"{""count"": 0}",en,en-neutral0em
9999998_00224_d_0000180__600_0,,0,1,"{""count"": 0}",en,en-neutral0em
9999998_00090_d_0000073__1200_700,,3,1,"{""count"": 3}",en,en-neutral0em
9999998_00221_d_0000177__1200_600,,1,1,"{""count"": 1}",en,en-neutral0em
9999999_00727_d_0000331__600_0,,0,1,"{""count"": 0}",en,en-neutral0em
