item,level,gt,pred,ntiles,parse_ok,zero,refuse,raw
IMG_100,L7_不确定就0,389,0,9,1,1,0,"{""count"": 0} | {""count"": 0} | {""count"": 0} | {""count"": 0} | {""count"": 0} | {""cou"
IMG_102,L7_不确定就0,223,0,9,1,1,0,"{""count"": 0} | {""count"": 0} | {""count"": 0} | {""count"": 0} | {""count"": 0} | {""cou"
IMG_1,L7_不确定就0,172,0,9,1,1,0,"{""count"": 0} | {""count"": 0} | {""count"": 0} | {""count"": 0} | {""count"": 0} | {""cou"
IMG_104,L7_不确定就0,1175,0,9,1,1,0,"{""count"": 0} | {""count"": 0} | {""count"": 0} | {""count"": 0} | {""count"": 0} | {""cou"
IMG_101,L7_不确定就0,211,0,9,1,1,0,"{""count"": 0} | {""count"": 0} | {""count"": 0} | {""count"": 0} | {""count"": 0} | {""cou"
IMG_103,L7_不确定就0,431,0,9,1,1,0,"{""count"": 0} | {""count"": 0} | {""count"": 0} | {""count"": 0} | {""count"": 0} | {""cou"
IMG_105,L7_不确定就0,265,9,9,1,0,0,"{""count"": 0} | {""count"": 0} | {""count"": 3} | {""count"": 0} | {""count"": 0} | {""cou"
IMG_10,L7_不确定就0,502,14,9,1,0,0,"{""count"": 0} | {""count"": 0} | {""count"": 0} | {""count"": 0} | {""count"": 0} | {""cou"
IMG_101,L4_中性,211,188,9,1,0,0,"{""count"": 10} | {""count"": 15} | {""count"": 0} | {""count"": 0} | {""count"": 100} | {"
IMG_105,L4_中性,265,241,9,1,0,0,"{""count"": 50} | {""count"": 20} | {""count"": 3} | {""count"": 50} | {""count"": 20} | {"
IMG_1,L4_中性,172,186,9,1,0,0,"{""count"": 1} | {""count"": 50} | {""count"": 8} | {""count"": 0} | {""count"": 100} | {"""
IMG_105,L3_可近似,265,425,9,1,0,0,"{""count"": 100} | {""count"": 25} | {""count"": 3} | {""count"": 100} | {""count"": 25} |"
IMG_105,L1_随便给,265,486,9,1,0,0,"{""count"": 100} | {""count"": 25} | {""count"": 3} | {""count"": 150} | {""count"": 30} |"
IMG_1,L3_可近似,172,575,9,1,0,0,"{""count"": 1} | {""count"": 100} | {""count"": 8} | {""count"": 50} | {""count"": 200} | "
IMG_101,L1_随便给,211,822,9,1,0,0,"{""count"": 20} | {""count"": 25} | {""count"": 0} | {""count"": 500} | {""count"": 200} |"
IMG_100,L4_中性,389,325,9,1,0,0,"{""count"": 0} | {""count"": 45} | {""count"": 25} | {""count"": 0} | {""count"": 50} | {"""
IMG_104,L4_中性,1175,372,9,1,0,0,"{""count"": 0} | {""count"": 0} | {""count"": 100} | {""count"": 0} | {""count"": 0} | {""c"
IMG_102,L4_中性,223,318,9,1,0,0,"{""count"": 60} | {""count"": 30} | {""count"": 16} | {""count"": 72} | {""count"": 30} | "
IMG_101,L3_可近似,211,807,9,1,0,0,"{""count"": 10} | {""count"": 25} | {""count"": 0} | {""count"": 500} | {""count"": 200} |"
IMG_1,L1_随便给,172,725,9,1,0,0,"{""count"": 1} | {""count"": 100} | {""count"": 8} | {""count"": 200} | {""count"": 200} |"
IMG_102,L3_可近似,223,380,9,1,0,0,"{""count"": 75} | {""count"": 30} | {""count"": 15} | {""count"": 100} | {""count"": 45} |"
IMG_102,L1_随便给,223,465,9,1,0,0,"{""count"": 100} | {""count"": 30} | {""count"": 15} | {""count"": 100} | {""count"": 50} "
IMG_10,L4_中性,502,556,9,1,0,0,"{""count"": 78} | {""count"": 100} | {""count"": 22} | {""count"": 100} | {""count"": 100}"
IMG_103,L4_中性,431,524,9,1,0,0,"{""count"": 100} | {""count"": 50} | {""count"": 20} | {""count"": 100} | {""count"": 50} "
IMG_10,L3_可近似,502,965,9,1,0,0,"{""count"": 150} | {""count"": 150} | {""count"": 25} | {""count"": 250} | {""count"": 150"
IMG_100,L1_随便给,389,1300,9,1,0,0,"{""count"": 200} | {""count"": 50} | {""count"": 30} | {""count"": 500} | {""count"": 100}"
IMG_10,L1_随便给,502,970,9,1,0,0,"{""count"": 150} | {""count"": 200} | {""count"": 25} | {""count"": 200} | {""count"": 150"
IMG_100,L3_可近似,389,1265,9,1,0,0,"{""count"": 200} | {""count"": 75} | {""count"": 30} | {""count"": 500} | {""count"": 100}"
IMG_103,L3_可近似,431,1253,9,1,0,0,"{""count"": 200} | {""count"": 100} | {""count"": 20} | {""count"": 500} | {""count"": 100"
IMG_103,L1_随便给,431,2010,9,1,0,0,"{""count"": 500} | {""count"": 150} | {""count"": 25} | {""count"": 500} | {""count"": 150"
IMG_104,L1_随便给,1175,16900,9,1,0,0,"{""count"": 5000} | {""count"": 500} | {""count"": 150} | {""count"": 5000} | {""count"": "
IMG_104,L3_可近似,1175,5400,9,1,0,0,"{""count"": 1000} | {""count"": 500} | {""count"": 150} | {""count"": 1500} | {""count"": "
IMG_106,L7_不确定就0,1232,0,9,1,1,0,"{""count"": 0} | {""count"": 0} | {""count"": 0} | {""count"": 0} | {""count"": 0} | {""cou"
IMG_107,L7_不确定就0,289,3,9,1,0,0,"{""count"": 0} | {""count"": 0} | {""count"": 0} | {""count"": 0} | {""count"": 3} | {""cou"
IMG_107,L4_中性,289,132,9,1,0,0,"{""count"": 0} | {""count"": 4} | {""count"": 0} | {""count"": 0} | {""count"": 10} | {""co"
IMG_110,L7_不确定就0,1021,0,9,1,1,0,"{""count"": 0} | {""count"": 0} | {""count"": 0} | {""count"": 0} | {""count"": 0} | {""cou"
IMG_109,L7_不确定就0,379,0,9,1,1,0,"{""count"": 0} | {""count"": 0} | {""count"": 0} | {""count"": 0} | {""count"": 0} | {""cou"
IMG_108,L7_不确定就0,182,0,9,1,1,0,"{""count"": 0} | {""count"": 0} | {""count"": 0} | {""count"": 0} | {""count"": 0} | {""cou"
IMG_11,L7_不确定就0,1068,0,9,1,1,0,"{""count"": 0} | {""count"": 0} | {""count"": 0} | {""count"": 0} | {""count"": 0} | {""cou"
IMG_107,L1_随便给,289,1190,9,1,0,0,"{""count"": 500} | {""count"": 5} | {""count"": 1} | {""count"": 500} | {""count"": 15} | "
IMG_106,L4_中性,1232,522,9,1,0,0,"{""count"": 150} | {""count"": 100} | {""count"": 50} | {""count"": 0} | {""count"": 100} "
IMG_111,L7_不确定就0,452,0,9,1,1,0,"{""count"": 0} | {""count"": 0} | {""count"": 0} | {""count"": 0} | {""count"": 0} | {""cou"
IMG_107,L3_可近似,289,1179,9,1,0,0,"{""count"": 500} | {""count"": 4} | {""count"": 1} | {""count"": 500} | {""count"": 10} | "
IMG_108,L3_可近似,182,264,9,1,0,0,"{""count"": 50} | {""count"": 30} | {""count"": 12} | {""count"": 50} | {""count"": 25} | "
IMG_108,L1_随便给,182,271,9,1,0,0,"{""count"": 50} | {""count"": 30} | {""count"": 12} | {""count"": 50} | {""count"": 30} | "
IMG_108,L4_中性,182,244,9,1,0,0,"{""count"": 48} | {""count"": 28} | {""count"": 13} | {""count"": 48} | {""count"": 25} | "
IMG_106,L1_随便给,1232,2200,9,1,0,0,"{""count"": 300} | {""count"": 150} | {""count"": 100} | {""count"": 500} | {""count"": 20"
IMG_112,L7_不确定就0,256,16,9,1,0,0,"{""count"": 0} | {""count"": 0} | {""count"": 0} | {""count"": 0} | {""count"": 0} | {""cou"
IMG_106,L3_可近似,1232,2150,9,1,0,0,"{""count"": 250} | {""count"": 150} | {""count"": 100} | {""count"": 500} | {""count"": 20"
IMG_111,L4_中性,452,198,9,1,0,0,"{""count"": 15} | {""count"": 24} | {""count"": 100} | {""count"": 15} | {""count"": 17} |"
IMG_11,L4_中性,1068,520,9,1,0,0,"{""count"": 100} | {""count"": 100} | {""count"": 35} | {""count"": 0} | {""count"": 100} "
IMG_110,L4_中性,1021,344,9,1,0,0,"{""count"": 0} | {""count"": 100} | {""count"": 15} | {""count"": 0} | {""count"": 100} | "
IMG_109,L3_可近似,379,618,9,1,0,0,"{""count"": 150} | {""count"": 80} | {""count"": 20} | {""count"": 150} | {""count"": 75} "
IMG_109,L4_中性,379,435,9,1,0,0,"{""count"": 100} | {""count"": 50} | {""count"": 19} | {""count"": 100} | {""count"": 50} "
IMG_109,L1_随便给,379,620,9,1,0,0,"{""count"": 150} | {""count"": 100} | {""count"": 20} | {""count"": 150} | {""count"": 75}"
IMG_111,L1_随便给,452,1317,9,1,0,0,"{""count"": 15} | {""count"": 30} | {""count"": 200} | {""count"": 20} | {""count"": 20} |"
IMG_111,L3_可近似,452,952,9,1,0,0,"{""count"": 15} | {""count"": 25} | {""count"": 250} | {""count"": 20} | {""count"": 15} |"
IMG_11,L3_可近似,1068,3930,9,1,0,0,"{""count"": 300} | {""count"": 150} | {""count"": 50} | {""count"": 1000} | {""count"": 50"
IMG_110,L1_随便给,1021,7500,9,1,0,0,"{""count"": 5000} | {""count"": 150} | {""count"": 15} | {""count"": 1500} | {""count"": 1"
IMG_110,L3_可近似,1021,4492,9,1,0,0,"{""count"": 2000} | {""count"": 150} | {""count"": 15} | {""count"": 1500} | {""count"": 1"
IMG_112,L1_随便给,256,1100,9,1,0,0,"{""count"": 200} | {""count"": 200} | {""count"": 15} | {""count"": 200} | {""count"": 150"
IMG_11,L1_随便给,1068,4650,9,1,0,0,"{""count"": 300} | {""count"": 150} | {""count"": 50} | {""count"": 1500} | {""count"": 50"
IMG_112,L3_可近似,256,892,9,1,0,0,"{""count"": 200} | {""count"": 150} | {""count"": 15} | {""count"": 150} | {""count"": 100"
IMG_112,L4_中性,256,571,9,1,0,0,"{""count"": 100} | {""count"": 100} | {""count"": 13} | {""count"": 100} | {""count"": 100"
IMG_113,L3_可近似,66,106,9,1,0,0,"{""count"": 4} | {""count"": 30} | {""count"": 10} | {""count"": 0} | {""count"": 30} | {"""
IMG_113,L1_随便给,66,114,9,1,0,0,"{""count"": 5} | {""count"": 30} | {""count"": 10} | {""count"": 5} | {""count"": 30} | {"""
IMG_113,L4_中性,66,108,9,1,0,0,"{""count"": 5} | {""count"": 30} | {""count"": 10} | {""count"": 0} | {""count"": 30} | {"""
IMG_113,L7_不确定就0,66,0,9,1,1,0,"{""count"": 0} | {""count"": 0} | {""count"": 0} | {""count"": 0} | {""count"": 0} | {""cou"
IMG_114,L7_不确定就0,141,6,9,1,0,0,"{""count"": 0} | {""count"": 0} | {""count"": 6} | {""count"": 0} | {""count"": 0} | {""cou"
IMG_115,L7_不确定就0,1191,0,9,1,1,0,"{""count"": 0} | {""count"": 0} | {""count"": 0} | {""count"": 0} | {""count"": 0} | {""cou"
IMG_115,L4_中性,1191,200,9,1,0,0,"{""count"": 0} | {""count"": 0} | {""count"": 100} | {""count"": 0} | {""count"": 0} | {""c"
IMG_114,L1_随便给,141,263,9,1,0,0,"{""count"": 30} | {""count"": 35} | {""count"": 8} | {""count"": 50} | {""count"": 50} | {"
IMG_114,L4_中性,141,202,9,1,0,0,"{""count"": 25} | {""count"": 30} | {""count"": 8} | {""count"": 30} | {""count"": 38} | {"
IMG_114,L3_可近似,141,248,9,1,0,0,"{""count"": 30} | {""count"": 35} | {""count"": 8} | {""count"": 40} | {""count"": 45} | {"
IMG_116,L7_不确定就0,288,0,9,1,1,0,"{""count"": 0} | {""count"": 0} | {""count"": 0} | {""count"": 0} | {""count"": 0} | {""cou"
IMG_117,L7_不确定就0,1603,0,9,1,1,0,"{""count"": 0} | {""count"": 0} | {""count"": 0} | {""count"": 0} | {""count"": 0} | {""cou"
IMG_116,L4_中性,288,184,9,1,0,0,"{""count"": 0} | {""count"": 0} | {""count"": 30} | {""count"": 0} | {""count"": 50} | {""c"
IMG_118,L7_不确定就0,241,0,9,1,1,0,"{""count"": 0} | {""count"": 0} | {""count"": 0} | {""count"": 0} | {""count"": 0} | {""cou"
IMG_119,L7_不确定就0,250,0,9,1,1,0,"{""count"": 0} | {""count"": 0} | {""count"": 0} | {""count"": 0} | {""count"": 0} | {""cou"
IMG_116,L3_可近似,288,1915,9,1,0,0,"{""count"": 500} | {""count"": 500} | {""count"": 50} | {""count"": 500} | {""count"": 150"
IMG_12,L4_中性,321,49,9,1,0,0,"{""count"": 0} | {""count"": 0} | {""count"": 7} | {""count"": 0} | {""count"": 30} | {""co"
IMG_118,L4_中性,241,324,9,1,0,0,"{""count"": 100} | {""count"": 20} | {""count"": 14} | {""count"": 100} | {""count"": 30} "
IMG_116,L1_随便给,288,6515,9,1,0,0,"{""count"": 5000} | {""count"": 500} | {""count"": 100} | {""count"": 500} | {""count"": 2"
IMG_118,L3_可近似,241,450,9,1,0,0,"{""count"": 150} | {""count"": 25} | {""count"": 15} | {""count"": 150} | {""count"": 45} "
IMG_115,L3_可近似,1191,5050,9,1,0,0,"{""count"": 1000} | {""count"": 500} | {""count"": 150} | {""count"": 1000} | {""count"": "
IMG_12,L7_不确定就0,321,0,9,1,1,0,"{""count"": 0} | {""count"": 0} | {""count"": 0} | {""count"": 0} | {""count"": 0} | {""cou"
IMG_115,L1_随便给,1191,13100,9,1,0,0,"{""count"": 5000} | {""count"": 500} | {""count"": 200} | {""count"": 1000} | {""count"": "
IMG_119,L1_随便给,250,390,9,1,0,0,"{""count"": 50} | {""count"": 50} | {""count"": 30} | {""count"": 50} | {""count"": 50} | "
IMG_118,L1_随便给,241,510,9,1,0,0,"{""count"": 200} | {""count"": 25} | {""count"": 15} | {""count"": 150} | {""count"": 40} "
IMG_117,L4_中性,1603,1450,9,1,0,0,"{""count"": 300} | {""count"": 250} | {""count"": 0} | {""count"": 300} | {""count"": 250}"
IMG_119,L3_可近似,250,380,9,1,0,0,"{""count"": 50} | {""count"": 50} | {""count"": 30} | {""count"": 50} | {""count"": 50} | "
IMG_119,L4_中性,250,341,9,1,0,0,"{""count"": 48} | {""count"": 38} | {""count"": 28} | {""count"": 48} | {""count"": 48} | "
IMG_12,L1_随便给,321,921,9,1,0,0,"{""count"": 0} | {""count"": 200} | {""count"": 8} | {""count"": 0} | {""count"": 200} | {"
IMG_12,L3_可近似,321,920,9,1,0,0,"{""count"": 0} | {""count"": 200} | {""count"": 7} | {""count"": 0} | {""count"": 200} | {"
IMG_117,L1_随便给,1603,8600,9,1,0,0,"{""count"": 500} | {""count"": 500} | {""count"": 500} | {""count"": 500} | {""count"": 50"
IMG_117,L3_可近似,1603,4800,9,1,0,0,"{""count"": 500} | {""count"": 300} | {""count"": 500} | {""count"": 500} | {""count"": 50"
IMG_120,L7_不确定就0,133,2,9,1,0,0,"{""count"": 0} | {""count"": 0} | {""count"": 0} | {""count"": 0} | {""count"": 0} | {""cou"
IMG_120,L1_随便给,133,200,9,1,0,0,"{""count"": 50} | {""count"": 30} | {""count"": 12} | {""count"": 50} | {""count"": 20} | "
IMG_120,L3_可近似,133,197,9,1,0,0,"{""count"": 50} | {""count"": 30} | {""count"": 12} | {""count"": 50} | {""count"": 20} | "
IMG_121,L7_不确定就0,1210,0,9,1,1,0,"{""count"": 0} | {""count"": 0} | {""count"": 0} | {""count"": 0} | {""count"": 0} | {""cou"
IMG_120,L4_中性,133,174,9,1,0,0,"{""count"": 30} | {""count"": 28} | {""count"": 12} | {""count"": 48} | {""count"": 19} | "
IMG_121,L4_中性,1210,78,9,1,0,0,"{""count"": 0} | {""count"": 0} | {""count"": 25} | {""count"": 0} | {""count"": 0} | {""co"
IMG_122,L7_不确定就0,1153,0,9,1,1,0,"{""count"": 0} | {""count"": 0} | {""count"": 0} | {""count"": 0} | {""count"": 0} | {""cou"
IMG_122,L4_中性,1153,201,9,1,0,0,"{""count"": 1} | {""count"": 0} | {""count"": 100} | {""count"": 0} | {""count"": 0} | {""c"
IMG_123,L7_不确定就0,115,0,9,1,1,0,"{""count"": 0} | {""count"": 0} | {""count"": 0} | {""count"": 0} | {""count"": 0} | {""cou"
IMG_124,L7_不确定就0,226,0,9,1,1,0,"{""count"": 0} | {""count"": 0} | {""count"": 0} | {""count"": 0} | {""count"": 0} | {""cou"
IMG_125,L7_不确定就0,269,0,9,1,1,0,"{""count"": 0} | {""count"": 0} | {""count"": 0} | {""count"": 0} | {""count"": 0} | {""cou"
IMG_122,L3_可近似,1153,12201,9,1,0,0,"{""count"": 1} | {""count"": 500} | {""count"": 200} | {""count"": 0} | {""count"": 5000} "
IMG_123,L3_可近似,115,198,9,1,0,0,"{""count"": 40} | {""count"": 20} | {""count"": 10} | {""count"": 40} | {""count"": 25} | "
IMG_123,L1_随便给,115,200,9,1,0,0,"{""count"": 40} | {""count"": 20} | {""count"": 10} | {""count"": 40} | {""count"": 25} | "
IMG_121,L1_随便给,1210,22090,9,1,0,0,"{""count"": 5000} | {""count"": 5000} | {""count"": 30} | {""count"": 5000} | {""count"": "
IMG_126,L7_不确定就0,440,10,9,1,0,0,"{""count"": 0} | {""count"": 0} | {""count"": 4} | {""count"": 0} | {""count"": 0} | {""cou"
IMG_121,L3_可近似,1210,16090,9,1,0,0,"{""count"": 2000} | {""count"": 5000} | {""count"": 30} | {""count"": 2000} | {""count"": "
IMG_122,L1_随便给,1153,61701,9,1,0,0,"{""count"": 1} | {""count"": 5000} | {""count"": 200} | {""count"": 0} | {""count"": 50000"
IMG_123,L4_中性,115,174,9,1,0,0,"{""count"": 30} | {""count"": 19} | {""count"": 10} | {""count"": 30} | {""count"": 25} | "
IMG_127,L7_不确定就0,986,0,9,1,1,0,"{""count"": 0} | {""count"": 0} | {""count"": 0} | {""count"": 0} | {""count"": 0} | {""cou"
IMG_124,L4_中性,226,198,9,1,0,0,"{""count"": 30} | {""count"": 25} | {""count"": 13} | {""count"": 30} | {""count"": 20} | "
IMG_126,L1_随便给,440,1389,9,1,0,0,"{""count"": 500} | {""count"": 20} | {""count"": 5} | {""count"": 500} | {""count"": 30} |"
IMG_124,L1_随便给,226,405,9,1,0,0,"{""count"": 50} | {""count"": 30} | {""count"": 15} | {""count"": 100} | {""count"": 30} |"
IMG_127,L4_中性,986,52,9,1,0,0,"{""count"": 1} | {""count"": 0} | {""count"": 18} | {""count"": 0} | {""count"": 0} | {""co"
IMG_126,L3_可近似,440,1284,9,1,0,0,"{""count"": 500} | {""count"": 20} | {""count"": 5} | {""count"": 500} | {""count"": 25} |"
IMG_124,L3_可近似,226,332,9,1,0,0,"{""count"": 50} | {""count"": 30} | {""count"": 15} | {""count"": 100} | {""count"": 30} |"
IMG_126,L4_中性,440,375,9,1,0,0,"{""count"": 100} | {""count"": 17} | {""count"": 5} | {""count"": 100} | {""count"": 25} |"
IMG_125,L3_可近似,269,445,9,1,0,0,"{""count"": 50} | {""count"": 45} | {""count"": 25} | {""count"": 75} | {""count"": 50} | "
IMG_125,L4_中性,269,367,9,1,0,0,"{""count"": 50} | {""count"": 35} | {""count"": 25} | {""count"": 50} | {""count"": 40} | "
IMG_125,L1_随便给,269,465,9,1,0,0,"{""count"": 50} | {""count"": 50} | {""count"": 30} | {""count"": 80} | {""count"": 50} | "
IMG_127,L3_可近似,986,12057,9,1,0,0,"{""count"": 2} | {""count"": 5000} | {""count"": 20} | {""count"": 0} | {""count"": 5000} "
IMG_127,L1_随便给,986,15057,9,1,0,0,"{""count"": 2} | {""count"": 5000} | {""count"": 20} | {""count"": 0} | {""count"": 5000} "
IMG_128,L7_不确定就0,419,0,9,1,1,0,"{""count"": 0} | {""count"": 0} | {""count"": 0} | {""count"": 0} | {""count"": 0} | {""cou"
IMG_128,L4_中性,419,325,9,1,0,0,"{""count"": 100} | {""count"": 50} | {""count"": 30} | {""count"": 0} | {""count"": 25} | "
IMG_128,L1_随便给,419,1310,9,1,0,0,"{""count"": 500} | {""count"": 200} | {""count"": 50} | {""count"": 200} | {""count"": 50}"
IMG_128,L3_可近似,419,1205,9,1,0,0,"{""count"": 500} | {""count"": 150} | {""count"": 50} | {""count"": 200} | {""count"": 50}"
IMG_129,L7_不确定就0,298,0,9,1,1,0,"{""count"": 0} | {""count"": 0} | {""count"": 0} | {""count"": 0} | {""count"": 0} | {""cou"
IMG_129,L4_中性,298,109,9,1,0,0,"{""count"": 0} | {""count"": 20} | {""count"": 10} | {""count"": 0} | {""count"": 30} | {"""
IMG_129,L3_可近似,298,685,9,1,0,0,"{""count"": 150} | {""count"": 50} | {""count"": 10} | {""count"": 200} | {""count"": 50} "
IMG_129,L1_随便给,298,685,9,1,0,0,"{""count"": 150} | {""count"": 50} | {""count"": 10} | {""count"": 200} | {""count"": 50} "
IMG_13,L7_不确定就0,584,0,9,1,1,0,"{""count"": 0} | {""count"": 0} | {""count"": 0} | {""count"": 0} | {""count"": 0} | {""cou"
IMG_130,L7_不确定就0,921,1,9,1,0,0,"{""count"": 0} | {""count"": 0} | {""count"": 0} | {""count"": 0} | {""count"": 0} | {""cou"
IMG_130,L4_中性,921,175,9,1,0,0,"{""count"": 0} | {""count"": 0} | {""count"": 28} | {""count"": 0} | {""count"": 100} | {"""
IMG_13,L4_中性,584,360,9,1,0,0,"{""count"": 0} | {""count"": 100} | {""count"": 20} | {""count"": 0} | {""count"": 100} | "
IMG_131,L1_随便给,604,865,9,1,0,0,"{""count"": 200} | {""count"": 100} | {""count"": 30} | {""count"": 200} | {""count"": 80}"
IMG_131,L3_可近似,604,890,9,1,0,0,"{""count"": 250} | {""count"": 80} | {""count"": 30} | {""count"": 200} | {""count"": 80} "
IMG_131,L4_中性,604,530,9,1,0,0,"{""count"": 100} | {""count"": 60} | {""count"": 25} | {""count"": 100} | {""count"": 50} "
IMG_130,L1_随便给,921,5589,9,1,0,0,"{""count"": 2000} | {""count"": 500} | {""count"": 30} | {""count"": 2000} | {""count"": 5"
IMG_130,L3_可近似,921,4889,9,1,0,0,"{""count"": 1500} | {""count"": 500} | {""count"": 30} | {""count"": 2000} | {""count"": 3"
IMG_13,L1_随便给,584,3375,9,1,0,0,"{""count"": 500} | {""count"": 200} | {""count"": 25} | {""count"": 2000} | {""count"": 20"
IMG_13,L3_可近似,584,2870,9,1,0,0,"{""count"": 500} | {""count"": 200} | {""count"": 20} | {""count"": 1500} | {""count"": 25"
IMG_132,L7_不确定就0,375,1,9,1,0,0,"{""count"": 0} | {""count"": 0} | {""count"": 0} | {""count"": 1} | {""count"": 0} | {""cou"
IMG_131,L7_不确定就0,604,0,9,1,1,0,"{""count"": 0} | {""count"": 0} | {""count"": 0} | {""count"": 0} | {""count"": 0} | {""cou"
IMG_133,L7_不确定就0,135,0,9,1,1,0,"{""count"": 0} | {""count"": 0} | {""count"": 0} | {""count"": 0} | {""count"": 0} | {""cou"
IMG_134,L7_不确定就0,165,0,9,1,1,0,"{""count"": 0} | {""count"": 0} | {""count"": 0} | {""count"": 0} | {""count"": 0} | {""cou"
IMG_132,L4_中性,375,277,9,1,0,0,"{""count"": 0} | {""count"": 50} | {""count"": 48} | {""count"": 1} | {""count"": 100} | {"
IMG_134,L3_可近似,165,250,9,1,0,0,"{""count"": 30} | {""count"": 25} | {""count"": 15} | {""count"": 35} | {""count"": 30} | "
IMG_133,L4_中性,135,177,9,1,0,0,"{""count"": 30} | {""count"": 20} | {""count"": 14} | {""count"": 30} | {""count"": 25} | "
IMG_133,L1_随便给,135,265,9,1,0,0,"{""count"": 50} | {""count"": 30} | {""count"": 15} | {""count"": 50} | {""count"": 50} | "
IMG_133,L3_可近似,135,210,9,1,0,0,"{""count"": 50} | {""count"": 25} | {""count"": 15} | {""count"": 30} | {""count"": 30} | "
IMG_134,L4_中性,165,241,9,1,0,0,"{""count"": 28} | {""count"": 25} | {""count"": 16} | {""count"": 35} | {""count"": 30} | "
IMG_134,L1_随便给,165,260,9,1,0,0,"{""count"": 30} | {""count"": 30} | {""count"": 15} | {""count"": 40} | {""count"": 30} | "
IMG_132,L3_可近似,375,704,9,1,0,0,"{""count"": 0} | {""count"": 150} | {""count"": 50} | {""count"": 1} | {""count"": 200} | "
IMG_132,L1_随便给,375,761,9,1,0,0,"{""count"": 0} | {""count"": 150} | {""count"": 100} | {""count"": 1} | {""count"": 200} |"
IMG_135,L7_不确定就0,72,0,9,1,1,0,"{""count"": 0} | {""count"": 0} | {""count"": 0} | {""count"": 0} | {""count"": 0} | {""cou"
IMG_135,L3_可近似,72,105,9,1,0,0,"{""count"": 12} | {""count"": 8} | {""count"": 5} | {""count"": 25} | {""count"": 12} | {"""
IMG_135,L4_中性,72,94,9,1,0,0,"{""count"": 12} | {""count"": 9} | {""count"": 5} | {""count"": 18} | {""count"": 12} | {"""
IMG_135,L1_随便给,72,116,9,1,0,0,"{""count"": 15} | {""count"": 10} | {""count"": 8} | {""count"": 25} | {""count"": 15} | {"
IMG_136,L7_不确定就0,102,0,9,1,1,0,"{""count"": 0} | {""count"": 0} | {""count"": 0} | {""count"": 0} | {""count"": 0} | {""cou"
IMG_136,L1_随便给,102,181,9,1,0,0,"{""count"": 20} | {""count"": 20} | {""count"": 20} | {""count"": 50} | {""count"": 25} | "
IMG_136,L3_可近似,102,161,9,1,0,0,"{""count"": 20} | {""count"": 15} | {""count"": 15} | {""count"": 50} | {""count"": 20} | "
IMG_136,L4_中性,102,118,9,1,0,0,"{""count"": 15} | {""count"": 14} | {""count"": 12} | {""count"": 25} | {""count"": 15} | "
IMG_137,L7_不确定就0,489,0,9,1,1,0,"{""count"": 0} | {""count"": 0} | {""count"": 0} | {""count"": 0} | {""count"": 0} | {""cou"
IMG_138,L7_不确定就0,292,0,9,1,1,0,"{""count"": 0} | {""count"": 0} | {""count"": 0} | {""count"": 0} | {""count"": 0} | {""cou"
IMG_137,L4_中性,489,240,9,1,0,0,"{""count"": 0} | {""count"": 50} | {""count"": 30} | {""count"": 0} | {""count"": 50} | {"""
IMG_139,L7_不确定就0,355,0,9,1,1,0,"{""count"": 0} | {""count"": 0} | {""count"": 0} | {""count"": 0} | {""count"": 0} | {""cou"
IMG_140,L7_不确定就0,93,7,9,1,0,0,"{""count"": 0} | {""count"": 0} | {""count"": 0} | {""count"": 0} | {""count"": 0} | {""cou"
IMG_14,L7_不确定就0,762,0,9,1,1,0,"{""count"": 0} | {""count"": 0} | {""count"": 0} | {""count"": 0} | {""count"": 0} | {""cou"
IMG_138,L4_中性,292,355,9,1,0,0,"{""count"": 50} | {""count"": 50} | {""count"": 25} | {""count"": 50} | {""count"": 40} | "
IMG_141,L7_不确定就0,475,0,9,1,1,0,"{""count"": 0} | {""count"": 0} | {""count"": 0} | {""count"": 0} | {""count"": 0} | {""cou"
IMG_137,L1_随便给,489,2050,9,1,0,0,"{""count"": 500} | {""count"": 100} | {""count"": 50} | {""count"": 500} | {""count"": 150"
IMG_139,L4_中性,355,249,9,1,0,0,"{""count"": 0} | {""count"": 50} | {""count"": 17} | {""count"": 0} | {""count"": 100} | {"
IMG_138,L3_可近似,292,540,9,1,0,0,"{""count"": 100} | {""count"": 100} | {""count"": 30} | {""count"": 100} | {""count"": 50}"
IMG_137,L3_可近似,489,2050,9,1,0,0,"{""count"": 500} | {""count"": 100} | {""count"": 50} | {""count"": 500} | {""count"": 150"
IMG_138,L1_随便给,292,590,9,1,0,0,"{""count"": 100} | {""count"": 100} | {""count"": 30} | {""count"": 100} | {""count"": 50}"
IMG_139,L1_随便给,355,1605,9,1,0,0,"{""count"": 200} | {""count"": 200} | {""count"": 20} | {""count"": 500} | {""count"": 500"
IMG_140,L4_中性,93,125,9,1,0,0,"{""count"": 25} | {""count"": 13} | {""count"": 7} | {""count"": 25} | {""count"": 13} | {"
IMG_140,L1_随便给,93,134,9,1,0,0,"{""count"": 30} | {""count"": 15} | {""count"": 7} | {""count"": 25} | {""count"": 15} | {"
IMG_141,L4_中性,475,132,9,1,0,0,"{""count"": 0} | {""count"": 0} | {""count"": 10} | {""count"": 0} | {""count"": 0} | {""co"
IMG_140,L3_可近似,93,126,9,1,0,0,"{""count"": 25} | {""count"": 12} | {""count"": 7} | {""count"": 25} | {""count"": 15} | {"
IMG_14,L4_中性,762,480,9,1,0,0,"{""count"": 0} | {""count"": 100} | {""count"": 30} | {""count"": 100} | {""count"": 0} | "
IMG_139,L3_可近似,355,1503,9,1,0,0,"{""count"": 100} | {""count"": 200} | {""count"": 20} | {""count"": 500} | {""count"": 500"
IMG_14,L1_随便给,762,1980,9,1,0,0,"{""count"": 300} | {""count"": 500} | {""count"": 50} | {""count"": 200} | {""count"": 500"
IMG_14,L3_可近似,762,1780,9,1,0,0,"{""count"": 300} | {""count"": 300} | {""count"": 50} | {""count"": 200} | {""count"": 500"
IMG_141,L3_可近似,475,2732,9,1,0,0,"{""count"": 500} | {""count"": 200} | {""count"": 10} | {""count"": 500} | {""count"": 500"
IMG_141,L1_随便给,475,11732,9,1,0,0,"{""count"": 500} | {""count"": 200} | {""count"": 10} | {""count"": 5000} | {""count"": 50"
IMG_142,L7_不确定就0,211,0,9,1,1,0,"{""count"": 0} | {""count"": 0} | {""count"": 0} | {""count"": 0} | {""count"": 0} | {""cou"
IMG_142,L1_随便给,211,480,9,1,0,0,"{""count"": 100} | {""count"": 50} | {""count"": 30} | {""count"": 100} | {""count"": 50} "
IMG_142,L4_中性,211,264,9,1,0,0,"{""count"": 48} | {""count"": 25} | {""count"": 15} | {""count"": 50} | {""count"": 30} | "
IMG_142,L3_可近似,211,450,9,1,0,0,"{""count"": 100} | {""count"": 50} | {""count"": 25} | {""count"": 100} | {""count"": 50} "
IMG_143,L7_不确定就0,357,0,9,1,1,0,"{""count"": 0} | {""count"": 0} | {""count"": 0} | {""count"": 0} | {""count"": 0} | {""cou"
IMG_143,L1_随便给,357,650,9,1,0,0,"{""count"": 100} | {""count"": 50} | {""count"": 50} | {""count"": 100} | {""count"": 100}"
IMG_143,L4_中性,357,422,9,1,0,0,"{""count"": 50} | {""count"": 40} | {""count"": 48} | {""count"": 50} | {""count"": 50} | "
IMG_144,L7_不确定就0,262,0,9,1,1,0,"{""count"": 0} | {""count"": 0} | {""count"": 0} | {""count"": 0} | {""count"": 0} | {""cou"
IMG_143,L3_可近似,357,650,9,1,0,0,"{""count"": 100} | {""count"": 50} | {""count"": 50} | {""count"": 100} | {""count"": 100}"
IMG_145,L7_不确定就0,261,0,9,1,1,0,"{""count"": 0} | {""count"": 0} | {""count"": 0} | {""count"": 0} | {""count"": 0} | {""cou"
IMG_146,L7_不确定就0,479,0,9,1,1,0,"{""count"": 0} | {""count"": 0} | {""count"": 0} | {""count"": 0} | {""count"": 0} | {""cou"
IMG_144,L4_中性,262,390,9,1,0,0,"{""count"": 50} | {""count"": 50} | {""count"": 30} | {""count"": 50} | {""count"": 50} | "
IMG_144,L1_随便给,262,700,9,1,0,0,"{""count"": 100} | {""count"": 100} | {""count"": 50} | {""count"": 100} | {""count"": 100"
IMG_144,L3_可近似,262,605,9,1,0,0,"{""count"": 100} | {""count"": 50} | {""count"": 30} | {""count"": 100} | {""count"": 100}"
IMG_147,L7_不确定就0,587,0,9,1,1,0,"{""count"": 0} | {""count"": 0} | {""count"": 0} | {""count"": 0} | {""count"": 0} | {""cou"
IMG_146,L4_中性,479,95,9,1,0,0,"{""count"": 0} | {""count"": 0} | {""count"": 40} | {""count"": 0} | {""count"": 0} | {""co"
IMG_145,L3_可近似,261,362,9,1,0,0,"{""count"": 150} | {""count"": 30} | {""count"": 15} | {""count"": 50} | {""count"": 20} |"
IMG_145,L4_中性,261,280,9,1,0,0,"{""count"": 100} | {""count"": 28} | {""count"": 14} | {""count"": 30} | {""count"": 18} |"
IMG_148,L7_不确定就0,208,5,9,1,0,0,"{""count"": 0} | {""count"": 0} | {""count"": 0} | {""count"": 5} | {""count"": 0} | {""cou"
IMG_145,L1_随便给,261,419,9,1,0,0,"{""count"": 150} | {""count"": 30} | {""count"": 15} | {""count"": 50} | {""count"": 25} |"
IMG_147,L4_中性,587,378,9,1,0,0,"{""count"": 0} | {""count"": 100} | {""count"": 50} | {""count"": 0} | {""count"": 100} | "
IMG_148,L3_可近似,208,300,9,1,0,0,"{""count"": 1} | {""count"": 50} | {""count"": 30} | {""count"": 6} | {""count"": 100} | {"
IMG_148,L1_随便给,208,450,9,1,0,0,"{""count"": 1} | {""count"": 150} | {""count"": 30} | {""count"": 6} | {""count"": 150} | "
IMG_148,L4_中性,208,171,9,1,0,0,"{""count"": 1} | {""count"": 30} | {""count"": 25} | {""count"": 7} | {""count"": 35} | {"""
IMG_146,L1_随便给,479,15200,9,1,0,0,"{""count"": 0} | {""count"": 5000} | {""count"": 100} | {""count"": 0} | {""count"": 5000}"
IMG_149,L7_不确定就0,230,0,9,1,1,0,"{""count"": 0} | {""count"": 0} | {""count"": 0} | {""count"": 0} | {""count"": 0} | {""cou"
IMG_146,L3_可近似,479,11200,9,1,0,0,"{""count"": 0} | {""count"": 1000} | {""count"": 100} | {""count"": 0} | {""count"": 5000}"
IMG_149,L1_随便给,230,270,9,1,0,0,"{""count"": 50} | {""count"": 30} | {""count"": 20} | {""count"": 50} | {""count"": 30} | "
IMG_149,L3_可近似,230,268,9,1,0,0,"{""count"": 50} | {""count"": 30} | {""count"": 20} | {""count"": 50} | {""count"": 30} | "
IMG_147,L1_随便给,587,2500,9,1,0,0,"{""count"": 200} | {""count"": 200} | {""count"": 150} | {""count"": 200} | {""count"": 50"
IMG_149,L4_中性,230,245,9,1,0,0,"{""count"": 48} | {""count"": 28} | {""count"": 19} | {""count"": 38} | {""count"": 28} | "
IMG_147,L3_可近似,587,2500,9,1,0,0,"{""count"": 200} | {""count"": 200} | {""count"": 150} | {""count"": 200} | {""count"": 50"
IMG_15,L7_不确定就0,341,0,9,1,1,0,"{""count"": 0} | {""count"": 0} | {""count"": 0} | {""count"": 0} | {""count"": 0} | {""cou"
IMG_15,L1_随便给,341,1100,9,1,0,0,"{""count"": 500} | {""count"": 200} | {""count"": 30} | {""count"": 200} | {""count"": 50}"
IMG_15,L3_可近似,341,787,9,1,0,0,"{""count"": 200} | {""count"": 200} | {""count"": 30} | {""count"": 200} | {""count"": 50}"
IMG_15,L4_中性,341,350,9,1,0,0,"{""count"": 0} | {""count"": 100} | {""count"": 25} | {""count"": 100} | {""count"": 30} |"
IMG_150,L7_不确定就0,1303,0,9,1,1,0,"{""count"": 0} | {""count"": 0} | {""count"": 0} | {""count"": 0} | {""count"": 0} | {""cou"
IMG_150,L4_中性,1303,280,9,1,0,0,"{""count"": 0} | {""count"": 100} | {""count"": 30} | {""count"": 0} | {""count"": 0} | {"""
IMG_151,L7_不确定就0,253,0,9,1,1,0,"{""count"": 0} | {""count"": 0} | {""count"": 0} | {""count"": 0} | {""count"": 0} | {""cou"
IMG_150,L1_随便给,1303,12050,9,1,0,0,"{""count"": 500} | {""count"": 200} | {""count"": 50} | {""count"": 5000} | {""count"": 50"
IMG_152,L7_不确定就0,277,0,9,1,1,0,"{""count"": 0} | {""count"": 0} | {""count"": 0} | {""count"": 0} | {""count"": 0} | {""cou"
IMG_151,L1_随便给,253,400,9,1,0,0,"{""count"": 30} | {""count"": 30} | {""count"": 30} | {""count"": 50} | {""count"": 30} | "
IMG_153,L7_不确定就0,395,0,9,1,1,0,"{""count"": 0} | {""count"": 0} | {""count"": 0} | {""count"": 0} | {""count"": 0} | {""cou"
IMG_151,L3_可近似,253,400,9,1,0,0,"{""count"": 30} | {""count"": 30} | {""count"": 30} | {""count"": 50} | {""count"": 30} | "
IMG_151,L4_中性,253,301,9,1,0,0,"{""count"": 30} | {""count"": 25} | {""count"": 28} | {""count"": 48} | {""count"": 30} | "
IMG_150,L3_可近似,1303,4550,9,1,0,0,"{""count"": 500} | {""count"": 200} | {""count"": 50} | {""count"": 1000} | {""count"": 50"
IMG_154,L7_不确定就0,495,0,9,1,1,0,"{""count"": 0} | {""count"": 0} | {""count"": 0} | {""count"": 0} | {""count"": 0} | {""cou"
IMG_152,L1_随便给,277,400,9,1,0,0,"{""count"": 45} | {""count"": 30} | {""count"": 50} | {""count"": 50} | {""count"": 45} | "
IMG_152,L3_可近似,277,385,9,1,0,0,"{""count"": 40} | {""count"": 30} | {""count"": 50} | {""count"": 45} | {""count"": 45} | "
IMG_152,L4_中性,277,328,9,1,0,0,"{""count"": 35} | {""count"": 30} | {""count"": 48} | {""count"": 37} | {""count"": 30} | "
IMG_153,L4_中性,395,473,9,1,0,0,"{""count"": 0} | {""count"": 50} | {""count"": 17} | {""count"": 100} | {""count"": 72} | "
IMG_155,L7_不确定就0,165,30,9,1,0,0,"{""count"": 0} | {""count"": 0} | {""count"": 6} | {""count"": 0} | {""count"": 0} | {""cou"
IMG_156,L7_不确定就0,199,4,9,1,0,0,"{""count"": 0} | {""count"": 0} | {""count"": 4} | {""count"": 0} | {""count"": 0} | {""cou"
IMG_155,L1_随便给,165,306,9,1,0,0,"{""count"": 35} | {""count"": 30} | {""count"": 8} | {""count"": 80} | {""count"": 25} | {"
IMG_155,L4_中性,165,233,9,1,0,0,"{""count"": 30} | {""count"": 25} | {""count"": 8} | {""count"": 50} | {""count"": 20} | {"
IMG_155,L3_可近似,165,271,9,1,0,0,"{""count"": 35} | {""count"": 25} | {""count"": 8} | {""count"": 50} | {""count"": 25} | {"
IMG_153,L1_随便给,395,1060,9,1,0,0,"{""count"": 200} | {""count"": 100} | {""count"": 20} | {""count"": 200} | {""count"": 150"
IMG_153,L3_可近似,395,1003,9,1,0,0,"{""count"": 200} | {""count"": 100} | {""count"": 18} | {""count"": 200} | {""count"": 150"
IMG_154,L4_中性,495,670,9,1,0,0,"{""count"": 100} | {""count"": 50} | {""count"": 50} | {""count"": 100} | {""count"": 100}"
IMG_154,L3_可近似,495,1075,9,1,0,0,"{""count"": 150} | {""count"": 100} | {""count"": 75} | {""count"": 200} | {""count"": 150"
IMG_156,L4_中性,199,132,9,1,0,0,"{""count"": 7} | {""count"": 18} | {""count"": 7} | {""count"": 10} | {""count"": 30} | {"""
IMG_154,L1_随便给,495,1250,9,1,0,0,"{""count"": 150} | {""count"": 150} | {""count"": 100} | {""count"": 200} | {""count"": 15"
IMG_156,L1_随便给,199,581,9,1,0,0,"{""count"": 8} | {""count"": 25} | {""count"": 8} | {""count"": 20} | {""count"": 150} | {"
IMG_156,L3_可近似,199,475,9,1,0,0,"{""count"": 8} | {""count"": 25} | {""count"": 7} | {""count"": 15} | {""count"": 100} | {"
IMG_157,L1_随便给,390,1288,9,1,0,0,"{""count"": 3} | {""count"": 200} | {""count"": 25} | {""count"": 0} | {""count"": 500} | "
IMG_157,L7_不确定就0,390,0,9,1,1,0,"{""count"": 0} | {""count"": 0} | {""count"": 0} | {""count"": 0} | {""count"": 0} | {""cou"
IMG_157,L3_可近似,390,1278,9,1,0,0,"{""count"": 3} | {""count"": 200} | {""count"": 25} | {""count"": 0} | {""count"": 500} | "
IMG_157,L4_中性,390,163,9,1,0,0,"{""count"": 3} | {""count"": 100} | {""count"": 20} | {""count"": 0} | {""count"": 0} | {"""
IMG_158,L7_不确定就0,308,0,9,1,1,0,"{""count"": 0} | {""count"": 0} | {""count"": 0} | {""count"": 0} | {""count"": 0} | {""cou"
IMG_158,L1_随便给,308,1490,9,1,0,0,"{""count"": 500} | {""count"": 500} | {""count"": 15} | {""count"": 30} | {""count"": 200}"
IMG_158,L4_中性,308,170,9,1,0,0,"{""count"": 0} | {""count"": 0} | {""count"": 13} | {""count"": 20} | {""count"": 0} | {""c"
IMG_158,L3_可近似,308,1430,9,1,0,0,"{""count"": 500} | {""count"": 500} | {""count"": 15} | {""count"": 30} | {""count"": 200}"
IMG_159,L1_随便给,199,310,9,1,0,0,"{""count"": 50} | {""count"": 30} | {""count"": 20} | {""count"": 50} | {""count"": 40} | "
IMG_16,L7_不确定就0,416,0,9,1,1,0,"{""count"": 0} | {""count"": 0} | {""count"": 0} | {""count"": 0} | {""count"": 0} | {""cou"
IMG_159,L7_不确定就0,199,0,9,1,1,0,"{""count"": 0} | {""count"": 0} | {""count"": 0} | {""count"": 0} | {""count"": 0} | {""cou"
IMG_159,L3_可近似,199,305,9,1,0,0,"{""count"": 50} | {""count"": 30} | {""count"": 20} | {""count"": 50} | {""count"": 35} | "
IMG_16,L4_中性,416,182,9,1,0,0,"{""count"": 0} | {""count"": 50} | {""count"": 10} | {""count"": 0} | {""count"": 50} | {"""
IMG_159,L4_中性,199,263,9,1,0,0,"{""count"": 48} | {""count"": 28} | {""count"": 18} | {""count"": 50} | {""count"": 30} | "
IMG_160,L3_可近似,121,196,9,1,0,0,"{""count"": 25} | {""count"": 25} | {""count"": 15} | {""count"": 25} | {""count"": 30} | "
IMG_160,L1_随便给,121,202,9,1,0,0,"{""count"": 25} | {""count"": 30} | {""count"": 15} | {""count"": 25} | {""count"": 30} | "
IMG_161,L7_不确定就0,266,0,9,1,1,0,"{""count"": 0} | {""count"": 0} | {""count"": 0} | {""count"": 0} | {""count"": 0} | {""cou"
IMG_160,L7_不确定就0,121,0,9,1,1,0,"{""count"": 0} | {""count"": 0} | {""count"": 0} | {""count"": 0} | {""count"": 0} | {""cou"
IMG_16,L1_随便给,416,1948,9,1,0,0,"{""count"": 500} | {""count"": 150} | {""count"": 15} | {""count"": 500} | {""count"": 150"
IMG_162,L7_不确定就0,219,0,9,1,1,0,"{""count"": 0} | {""count"": 0} | {""count"": 0} | {""count"": 0} | {""count"": 0} | {""cou"
IMG_16,L3_可近似,416,1942,9,1,0,0,"{""count"": 500} | {""count"": 150} | {""count"": 10} | {""count"": 500} | {""count"": 150"
IMG_161,L4_中性,266,181,9,1,0,0,"{""count"": 13} | {""count"": 38} | {""count"": 20} | {""count"": 30} | {""count"": 0} | {"
IMG_160,L4_中性,121,194,9,1,0,0,"{""count"": 25} | {""count"": 25} | {""count"": 13} | {""count"": 25} | {""count"": 30} | "
IMG_161,L1_随便给,266,452,9,1,0,0,"{""count"": 12} | {""count"": 50} | {""count"": 25} | {""count"": 50} | {""count"": 200} |"
IMG_161,L3_可近似,266,447,9,1,0,0,"{""count"": 12} | {""count"": 50} | {""count"": 25} | {""count"": 50} | {""count"": 200} |"
IMG_163,L7_不确定就0,162,0,9,1,1,0,"{""count"": 0} | {""count"": 0} | {""count"": 0} | {""count"": 0} | {""count"": 0} | {""cou"
IMG_162,L3_可近似,219,583,9,1,0,0,"{""count"": 100} | {""count"": 50} | {""count"": 10} | {""count"": 150} | {""count"": 50} "
IMG_162,L1_随便给,219,633,9,1,0,0,"{""count"": 150} | {""count"": 50} | {""count"": 10} | {""count"": 150} | {""count"": 50} "
IMG_163,L4_中性,162,173,9,1,0,0,"{""count"": 5} | {""count"": 25} | {""count"": 40} | {""count"": 3} | {""count"": 50} | {"""
IMG_163,L1_随便给,162,558,9,1,0,0,"{""count"": 5} | {""count"": 50} | {""count"": 100} | {""count"": 3} | {""count"": 100} | "
IMG_163,L3_可近似,162,528,9,1,0,0,"{""count"": 5} | {""count"": 50} | {""count"": 100} | {""count"": 3} | {""count"": 80} | {"
IMG_162,L4_中性,219,415,9,1,0,0,"{""count"": 100} | {""count"": 30} | {""count"": 10} | {""count"": 100} | {""count"": 30} "
IMG_164,L7_不确定就0,302,0,9,1,1,0,"{""count"": 0} | {""count"": 0} | {""count"": 0} | {""count"": 0} | {""count"": 0} | {""cou"
IMG_164,L4_中性,302,229,9,1,0,0,"{""count"": 100} | {""count"": 30} | {""count"": 15} | {""count"": 0} | {""count"": 30} | "
IMG_164,L1_随便给,302,800,9,1,0,0,"{""count"": 200} | {""count"": 50} | {""count"": 15} | {""count"": 200} | {""count"": 50} "
IMG_164,L3_可近似,302,795,9,1,0,0,"{""count"": 200} | {""count"": 50} | {""count"": 15} | {""count"": 200} | {""count"": 50} "
IMG_165,L7_不确定就0,1581,0,9,1,1,0,"{""count"": 0} | {""count"": 0} | {""count"": 0} | {""count"": 0} | {""count"": 0} | {""cou"
IMG_166,L7_不确定就0,126,5,9,1,0,0,"{""count"": 0} | {""count"": 0} | {""count"": 0} | {""count"": 0} | {""count"": 0} | {""cou"
IMG_165,L4_中性,1581,1157,9,1,0,0,"{""count"": 0} | {""count"": 0} | {""count"": 20} | {""count"": 0} | {""count"": 1000} | {"
IMG_166,L1_随便给,126,333,9,1,0,0,"{""count"": 50} | {""count"": 50} | {""count"": 25} | {""count"": 50} | {""count"": 50} | "
IMG_167,L7_不确定就0,112,7,9,1,0,0,"{""count"": 0} | {""count"": 0} | {""count"": 4} | {""count"": 0} | {""count"": 0} | {""cou"
IMG_166,L3_可近似,126,265,9,1,0,0,"{""count"": 50} | {""count"": 30} | {""count"": 25} | {""count"": 30} | {""count"": 45} | "
IMG_166,L4_中性,126,211,9,1,0,0,"{""count"": 28} | {""count"": 25} | {""count"": 20} | {""count"": 28} | {""count"": 30} | "
IMG_167,L1_随便给,112,212,9,1,0,0,"{""count"": 50} | {""count"": 15} | {""count"": 7} | {""count"": 50} | {""count"": 15} | {"
IMG_168,L7_不确定就0,240,0,9,1,1,0,"{""count"": 0} | {""count"": 0} | {""count"": 0} | {""count"": 0} | {""count"": 0} | {""cou"
IMG_165,L1_随便给,1581,23070,9,1,0,0,"{""count"": 5000} | {""count"": 2000} | {""count"": 25} | {""count"": 5000} | {""count"": "
IMG_167,L3_可近似,112,179,9,1,0,0,"{""count"": 30} | {""count"": 12} | {""count"": 7} | {""count"": 50} | {""count"": 15} | {"
IMG_167,L4_中性,112,155,9,1,0,0,"{""count"": 30} | {""count"": 12} | {""count"": 6} | {""count"": 40} | {""count"": 14} | {"
IMG_165,L3_可近似,1581,12565,9,1,0,0,"{""count"": 2000} | {""count"": 1500} | {""count"": 25} | {""count"": 5000} | {""count"": "
IMG_169,L7_不确定就0,218,0,9,1,1,0,"{""count"": 0} | {""count"": 0} | {""count"": 0} | {""count"": 0} | {""count"": 0} | {""cou"
IMG_17,L7_不确定就0,1156,0,9,1,1,0,"{""count"": 0} | {""count"": 0} | {""count"": 0} | {""count"": 0} | {""count"": 0} | {""cou"
IMG_170,L7_不确定就0,670,0,9,1,1,0,"{""count"": 0} | {""count"": 0} | {""count"": 0} | {""count"": 0} | {""count"": 0} | {""cou"
IMG_168,L1_随便给,240,745,9,1,0,0,"{""count"": 20} | {""count"": 150} | {""count"": 30} | {""count"": 50} | {""count"": 200} "
IMG_168,L4_中性,240,308,9,1,0,0,"{""count"": 15} | {""count"": 50} | {""count"": 25} | {""count"": 25} | {""count"": 78} | "
IMG_168,L3_可近似,240,740,9,1,0,0,"{""count"": 20} | {""count"": 150} | {""count"": 30} | {""count"": 50} | {""count"": 200} "
IMG_169,L1_随便给,218,445,9,1,0,0,"{""count"": 50} | {""count"": 100} | {""count"": 45} | {""count"": 25} | {""count"": 75} |"
IMG_17,L4_中性,1156,250,9,1,0,0,"{""count"": 0} | {""count"": 0} | {""count"": 50} | {""count"": 0} | {""count"": 0} | {""co"
IMG_169,L4_中性,218,339,9,1,0,0,"{""count"": 35} | {""count"": 75} | {""count"": 30} | {""count"": 25} | {""count"": 50} | "
IMG_169,L3_可近似,218,415,9,1,0,0,"{""count"": 45} | {""count"": 100} | {""count"": 45} | {""count"": 25} | {""count"": 75} |"
IMG_170,L4_中性,670,652,9,1,0,0,"{""count"": 0} | {""count"": 100} | {""count"": 30} | {""count"": 100} | {""count"": 75} |"
IMG_17,L3_可近似,1156,4525,9,1,0,0,"{""count"": 500} | {""count"": 500} | {""count"": 100} | {""count"": 1500} | {""count"": 5"
IMG_17,L1_随便给,1156,12000,9,1,0,0,"{""count"": 500} | {""count"": 500} | {""count"": 100} | {""count"": 5000} | {""count"": 5"
IMG_170,L1_随便给,670,3690,9,1,0,0,"{""count"": 1500} | {""count"": 200} | {""count"": 35} | {""count"": 500} | {""count"": 20"
IMG_170,L3_可近似,670,3130,9,1,0,0,"{""count"": 1000} | {""count"": 200} | {""count"": 30} | {""count"": 500} | {""count"": 20"
IMG_171,L7_不确定就0,239,0,9,1,1,0,"{""count"": 0} | {""count"": 0} | {""count"": 0} | {""count"": 0} | {""count"": 0} | {""cou"
IMG_171,L1_随便给,239,535,9,1,0,0,"{""count"": 150} | {""count"": 50} | {""count"": 20} | {""count"": 100} | {""count"": 50} "
IMG_171,L4_中性,239,322,9,1,0,0,"{""count"": 75} | {""count"": 38} | {""count"": 19} | {""count"": 50} | {""count"": 30} | "
IMG_171,L3_可近似,239,528,9,1,0,0,"{""count"": 150} | {""count"": 45} | {""count"": 18} | {""count"": 100} | {""count"": 50} "
IMG_172,L7_不确定就0,1171,0,9,1,1,0,"{""count"": 0} | {""count"": 0} | {""count"": 0} | {""count"": 0} | {""count"": 0} | {""cou"
IMG_172,L4_中性,1171,297,9,1,0,0,"{""count"": 0} | {""count"": 100} | {""count"": 25} | {""count"": 0} | {""count"": 0} | {"""
IMG_173,L7_不确定就0,481,0,9,1,1,0,"{""count"": 0} | {""count"": 0} | {""count"": 0} | {""count"": 0} | {""count"": 0} | {""cou"
IMG_174,L7_不确定就0,129,0,9,1,1,0,"{""count"": 0} | {""count"": 0} | {""count"": 0} | {""count"": 0} | {""count"": 0} | {""cou"
IMG_173,L4_中性,481,150,9,1,0,0,"{""count"": 0} | {""count"": 0} | {""count"": 40} | {""count"": 0} | {""count"": 0} | {""co"
IMG_174,L4_中性,129,120,9,1,0,0,"{""count"": 0} | {""count"": 0} | {""count"": 30} | {""count"": 0} | {""count"": 15} | {""c"
IMG_172,L1_随便给,1171,12050,9,1,0,0,"{""count"": 5000} | {""count"": 200} | {""count"": 50} | {""count"": 5000} | {""count"": 5"
IMG_174,L1_随便给,129,510,9,1,0,0,"{""count"": 0} | {""count"": 150} | {""count"": 50} | {""count"": 0} | {""count"": 200} | "
IMG_172,L3_可近似,1171,9050,9,1,0,0,"{""count"": 5000} | {""count"": 200} | {""count"": 50} | {""count"": 2000} | {""count"": 5"
IMG_174,L3_可近似,129,350,9,1,0,0,"{""count"": 0} | {""count"": 100} | {""count"": 50} | {""count"": 0} | {""count"": 100} | "
IMG_175,L7_不确定就0,442,0,9,1,1,0,"{""count"": 0} | {""count"": 0} | {""count"": 0} | {""count"": 0} | {""count"": 0} | {""cou"
IMG_176,L7_不确定就0,213,0,9,1,1,0,"{""count"": 0} | {""count"": 0} | {""count"": 0} | {""count"": 0} | {""count"": 0} | {""cou"
IMG_175,L4_中性,442,49,9,1,0,0,"{""count"": 0} | {""count"": 0} | {""count"": 18} | {""count"": 0} | {""count"": 0} | {""co"
IMG_173,L1_随便给,481,2850,9,1,0,0,"{""count"": 500} | {""count"": 500} | {""count"": 50} | {""count"": 500} | {""count"": 500"
IMG_176,L4_中性,213,178,9,1,0,0,"{""count"": 0} | {""count"": 18} | {""count"": 50} | {""count"": 0} | {""count"": 0} | {""c"
IMG_173,L3_可近似,481,2170,9,1,0,0,"{""count"": 200} | {""count"": 500} | {""count"": 50} | {""count"": 200} | {""count"": 500"
IMG_175,L1_随便给,442,1652,9,1,0,0,"{""count"": 50} | {""count"": 500} | {""count"": 20} | {""count"": 50} | {""count"": 500} "
IMG_175,L3_可近似,442,1651,9,1,0,0,"{""count"": 100} | {""count"": 500} | {""count"": 20} | {""count"": 0} | {""count"": 500} "
IMG_177,L4_中性,363,325,9,1,0,0,"{""count"": 0} | {""count"": 100} | {""count"": 9} | {""count"": 0} | {""count"": 100} | {"
IMG_176,L3_可近似,213,1425,9,1,0,0,"{""count"": 0} | {""count"": 25} | {""count"": 150} | {""count"": 0} | {""count"": 50} | {"
IMG_176,L1_随便给,213,1480,9,1,0,0,"{""count"": 0} | {""count"": 30} | {""count"": 150} | {""count"": 0} | {""count"": 100} | "
IMG_177,L7_不确定就0,363,0,9,1,1,0,"{""count"": 0} | {""count"": 0} | {""count"": 0} | {""count"": 0} | {""count"": 0} | {""cou"
IMG_177,L3_可近似,363,2426,9,1,0,0,"{""count"": 500} | {""count"": 200} | {""count"": 9} | {""count"": 500} | {""count"": 500}"
IMG_178,L7_不确定就0,549,0,9,1,1,0,"{""count"": 0} | {""count"": 0} | {""count"": 0} | {""count"": 0} | {""count"": 0} | {""cou"
IMG_178,L4_中性,549,164,9,1,0,0,"{""count"": 100} | {""count"": 9} | {""count"": 3} | {""count"": 0} | {""count"": 15} | {"""
IMG_177,L1_随便给,363,12927,9,1,0,0,"{""count"": 5000} | {""count"": 200} | {""count"": 10} | {""count"": 2000} | {""count"": 5"
IMG_178,L1_随便给,549,938,9,1,0,0,"{""count"": 150} | {""count"": 8} | {""count"": 3} | {""count"": 200} | {""count"": 20} | "
IMG_178,L3_可近似,549,884,9,1,0,0,"{""count"": 100} | {""count"": 9} | {""count"": 3} | {""count"": 200} | {""count"": 15} | "
IMG_179,L7_不确定就0,400,4,9,1,0,0,"{""count"": 0} | {""count"": 0} | {""count"": 0} | {""count"": 0} | {""count"": 0} | {""cou"
IMG_179,L4_中性,400,275,9,1,0,0,"{""count"": 0} | {""count"": 100} | {""count"": 8} | {""count"": 0} | {""count"": 30} | {"""
IMG_179,L3_可近似,400,1900,9,1,0,0,"{""count"": 500} | {""count"": 100} | {""count"": 8} | {""count"": 1000} | {""count"": 50}"
IMG_179,L1_随便给,400,10521,9,1,0,0,"{""count"": 5000} | {""count"": 200} | {""count"": 8} | {""count"": 5000} | {""count"": 50"
IMG_18,L4_中性,227,187,9,1,0,0,"{""count"": 0} | {""count"": 25} | {""count"": 15} | {""count"": 0} | {""count"": 100} | {"
IMG_18,L7_不确定就0,227,0,9,1,1,0,"{""count"": 0} | {""count"": 0} | {""count"": 0} | {""count"": 0} | {""count"": 0} | {""cou"
IMG_18,L3_可近似,227,695,9,1,0,0,"{""count"": 0} | {""count"": 50} | {""count"": 20} | {""count"": 0} | {""count"": 500} | {"
IMG_180,L1_随便给,398,880,9,1,0,0,"{""count"": 0} | {""count"": 50} | {""count"": 200} | {""count"": 0} | {""count"": 100} | "
IMG_18,L1_随便给,227,745,9,1,0,0,"{""count"": 0} | {""count"": 50} | {""count"": 20} | {""count"": 0} | {""count"": 500} | {"
IMG_180,L7_不确定就0,398,0,9,1,1,0,"{""count"": 0} | {""count"": 0} | {""count"": 0} | {""count"": 0} | {""count"": 0} | {""cou"
IMG_182,L7_不确定就0,199,1,9,1,0,0,"{""count"": 0} | {""count"": 0} | {""count"": 0} | {""count"": 0} | {""count"": 0} | {""cou"
IMG_181,L7_不确定就0,216,0,9,1,1,0,"{""count"": 0} | {""count"": 0} | {""count"": 0} | {""count"": 0} | {""count"": 0} | {""cou"
IMG_182,L3_可近似,199,368,9,1,0,0,"{""count"": 1} | {""count"": 80} | {""count"": 15} | {""count"": 0} | {""count"": 150} | {"
IMG_181,L1_随便给,216,355,9,1,0,0,"{""count"": 50} | {""count"": 50} | {""count"": 30} | {""count"": 50} | {""count"": 50} | "
IMG_181,L3_可近似,216,340,9,1,0,0,"{""count"": 50} | {""count"": 45} | {""count"": 25} | {""count"": 50} | {""count"": 50} | "
IMG_180,L4_中性,398,335,9,1,0,0,"{""count"": 0} | {""count"": 10} | {""count"": 100} | {""count"": 0} | {""count"": 0} | {"""
IMG_180,L3_可近似,398,850,9,1,0,0,"{""count"": 0} | {""count"": 20} | {""count"": 200} | {""count"": 0} | {""count"": 100} | "
IMG_182,L1_随便给,199,439,9,1,0,0,"{""count"": 1} | {""count"": 100} | {""count"": 15} | {""count"": 0} | {""count"": 200} | "
IMG_181,L4_中性,216,303,9,1,0,0,"{""count"": 50} | {""count"": 30} | {""count"": 25} | {""count"": 45} | {""count"": 38} | "
IMG_19,L7_不确定就0,230,0,9,1,1,0,"{""count"": 0} | {""count"": 0} | {""count"": 0} | {""count"": 0} | {""count"": 0} | {""cou"
IMG_2,L7_不确定就0,1111,0,9,1,1,0,"{""count"": 0} | {""count"": 0} | {""count"": 0} | {""count"": 0} | {""count"": 0} | {""cou"
IMG_182,L4_中性,199,152,9,1,0,0,"{""count"": 0} | {""count"": 45} | {""count"": 15} | {""count"": 0} | {""count"": 40} | {"""
IMG_19,L4_中性,230,105,9,1,0,0,"{""count"": 0} | {""count"": 15} | {""count"": 30} | {""count"": 0} | {""count"": 0} | {""c"
IMG_19,L1_随便给,230,1150,9,1,0,0,"{""count"": 0} | {""count"": 50} | {""count"": 100} | {""count"": 0} | {""count"": 500} | "
IMG_19,L3_可近似,230,980,9,1,0,0,"{""count"": 0} | {""count"": 30} | {""count"": 50} | {""count"": 0} | {""count"": 500} | {"
IMG_2,L3_可近似,1111,5800,9,1,0,0,"{""count"": 500} | {""count"": 500} | {""count"": 50} | {""count"": 1000} | {""count"": 10"
IMG_2,L1_随便给,1111,4850,9,1,0,0,"{""count"": 500} | {""count"": 500} | {""count"": 50} | {""count"": 500} | {""count"": 500"
IMG_2,L4_中性,1111,188,9,1,0,0,"{""count"": 0} | {""count"": 0} | {""count"": 38} | {""count"": 0} | {""count"": 0} | {""co"
IMG_20,L7_不确定就0,460,0,9,1,1,0,"{""count"": 0} | {""count"": 0} | {""count"": 0} | {""count"": 0} | {""count"": 0} | {""cou"
IMG_20,L3_可近似,460,1005,9,1,0,0,"{""count"": 150} | {""count"": 100} | {""count"": 100} | {""count"": 150} | {""count"": 15"
IMG_20,L1_随便给,460,1130,9,1,0,0,"{""count"": 150} | {""count"": 150} | {""count"": 100} | {""count"": 200} | {""count"": 15"
IMG_20,L4_中性,460,754,9,1,0,0,"{""count"": 100} | {""count"": 100} | {""count"": 72} | {""count"": 100} | {""count"": 100"
IMG_21,L7_不确定就0,717,0,9,1,1,0,"{""count"": 0} | {""count"": 0} | {""count"": 0} | {""count"": 0} | {""count"": 0} | {""cou"
IMG_21,L4_中性,717,100,9,1,0,0,"{""count"": 0} | {""count"": 0} | {""count"": 30} | {""count"": 0} | {""count"": 0} | {""co"
IMG_22,L7_不确定就0,212,0,9,1,1,0,"{""count"": 0} | {""count"": 0} | {""count"": 0} | {""count"": 0} | {""count"": 0} | {""cou"
IMG_21,L1_随便给,717,4700,9,1,0,0,"{""count"": 0} | {""count"": 2000} | {""count"": 50} | {""count"": 0} | {""count"": 2000} "
IMG_21,L3_可近似,717,4700,9,1,0,0,"{""count"": 0} | {""count"": 2000} | {""count"": 50} | {""count"": 0} | {""count"": 2000} "
IMG_22,L4_中性,212,37,9,1,0,0,"{""count"": 0} | {""count"": 0} | {""count"": 12} | {""count"": 0} | {""count"": 0} | {""co"
IMG_22,L1_随便给,212,1250,9,1,0,0,"{""count"": 0} | {""count"": 500} | {""count"": 15} | {""count"": 0} | {""count"": 500} | "
IMG_23,L7_不确定就0,429,0,9,1,1,0,"{""count"": 0} | {""count"": 0} | {""count"": 0} | {""count"": 0} | {""count"": 0} | {""cou"
IMG_22,L3_可近似,212,1245,9,1,0,0,"{""count"": 0} | {""count"": 500} | {""count"": 15} | {""count"": 0} | {""count"": 500} | "
IMG_23,L1_随便给,429,5396,9,1,0,0,"{""count"": 0} | {""count"": 20} | {""count"": 100} | {""count"": 50} | {""count"": 5000} "
IMG_24,L7_不确定就0,553,0,9,1,1,0,"{""count"": 0} | {""count"": 0} | {""count"": 0} | {""count"": 0} | {""count"": 0} | {""cou"
IMG_23,L4_中性,429,159,9,1,0,0,"{""count"": 0} | {""count"": 10} | {""count"": 30} | {""count"": 0} | {""count"": 0} | {""c"
IMG_23,L3_可近似,429,1886,9,1,0,0,"{""count"": 0} | {""count"": 15} | {""count"": 100} | {""count"": 50} | {""count"": 1500} "
IMG_25,L7_不确定就0,243,0,9,1,1,0,"{""count"": 0} | {""count"": 0} | {""count"": 0} | {""count"": 0} | {""count"": 0} | {""cou"
IMG_25,L4_中性,243,195,9,1,0,0,"{""count"": 0} | {""count"": 25} | {""count"": 9} | {""count"": 0} | {""count"": 100} | {"""
IMG_25,L3_可近似,243,309,9,1,0,0,"{""count"": 0} | {""count"": 30} | {""count"": 9} | {""count"": 0} | {""count"": 150} | {"""
IMG_25,L1_随便给,243,310,9,1,0,0,"{""count"": 0} | {""count"": 30} | {""count"": 10} | {""count"": 0} | {""count"": 150} | {"
IMG_24,L4_中性,553,652,9,1,0,0,"{""count"": 20} | {""count"": 100} | {""count"": 30} | {""count"": 100} | {""count"": 150}"
IMG_26,L7_不确定就0,497,0,9,1,1,0,"{""count"": 0} | {""count"": 0} | {""count"": 0} | {""count"": 0} | {""count"": 0} | {""cou"
IMG_24,L3_可近似,553,900,9,1,0,0,"{""count"": 25} | {""count"": 150} | {""count"": 50} | {""count"": 120} | {""count"": 250}"
IMG_26,L4_中性,497,178,9,1,0,0,"{""count"": 0} | {""count"": 30} | {""count"": 18} | {""count"": 0} | {""count"": 50} | {"""
IMG_24,L1_随便给,553,1130,9,1,0,0,"{""count"": 30} | {""count"": 200} | {""count"": 50} | {""count"": 150} | {""count"": 300}"
IMG_27,L7_不确定就0,760,0,9,1,1,0,"{""count"": 0} | {""count"": 0} | {""count"": 0} | {""count"": 0} | {""count"": 0} | {""cou"
IMG_26,L3_可近似,497,1925,9,1,0,0,"{""count"": 500} | {""count"": 100} | {""count"": 25} | {""count"": 500} | {""count"": 150"
IMG_26,L1_随便给,497,1935,9,1,0,0,"{""count"": 500} | {""count"": 100} | {""count"": 25} | {""count"": 500} | {""count"": 150"
IMG_27,L4_中性,760,373,9,1,0,0,"{""count"": 50} | {""count"": 0} | {""count"": 30} | {""count"": 100} | {""count"": 0} | {"
IMG_27,L1_随便给,760,2380,9,1,0,0,"{""count"": 150} | {""count"": 500} | {""count"": 30} | {""count"": 300} | {""count"": 500"
IMG_28,L4_中性,423,48,9,1,0,0,"{""count"": 0} | {""count"": 0} | {""count"": 18} | {""count"": 0} | {""count"": 0} | {""co"
IMG_27,L3_可近似,760,2130,9,1,0,0,"{""count"": 150} | {""count"": 300} | {""count"": 30} | {""count"": 250} | {""count"": 500"
IMG_28,L7_不确定就0,423,0,9,1,1,0,"{""count"": 0} | {""count"": 0} | {""count"": 0} | {""count"": 0} | {""count"": 0} | {""cou"
IMG_28,L3_可近似,423,5770,9,1,0,0,"{""count"": 0} | {""count"": 200} | {""count"": 25} | {""count"": 0} | {""count"": 5000} |"
IMG_28,L1_随便给,423,6080,9,1,0,0,"{""count"": 0} | {""count"": 500} | {""count"": 30} | {""count"": 0} | {""count"": 5000} |"
IMG_29,L1_随便给,309,1078,9,1,0,0,"{""count"": 0} | {""count"": 50} | {""count"": 10} | {""count"": 0} | {""count"": 500} | {"
IMG_29,L3_可近似,309,1077,9,1,0,0,"{""count"": 0} | {""count"": 50} | {""count"": 10} | {""count"": 0} | {""count"": 500} | {"
IMG_29,L7_不确定就0,309,4,9,1,0,0,"{""count"": 0} | {""count"": 0} | {""count"": 0} | {""count"": 0} | {""count"": 0} | {""cou"
IMG_29,L4_中性,309,82,9,1,0,0,"{""count"": 0} | {""count"": 25} | {""count"": 10} | {""count"": 0} | {""count"": 0} | {""c"
IMG_3,L7_不确定就0,297,0,9,1,1,0,"{""count"": 0} | {""count"": 0} | {""count"": 0} | {""count"": 0} | {""count"": 0} | {""cou"
IMG_30,L7_不确定就0,307,0,9,1,1,0,"{""count"": 0} | {""count"": 0} | {""count"": 0} | {""count"": 0} | {""count"": 0} | {""cou"
IMG_3,L4_中性,297,132,9,1,0,0,"{""count"": 0} | {""count"": 30} | {""count"": 10} | {""count"": 0} | {""count"": 40} | {"""
IMG_3,L1_随便给,297,10790,9,1,0,0,"{""count"": 5000} | {""count"": 100} | {""count"": 10} | {""count"": 500} | {""count"": 10"
IMG_30,L1_随便给,307,500,9,1,0,0,"{""count"": 80} | {""count"": 50} | {""count"": 25} | {""count"": 100} | {""count"": 50} |"
IMG_31,L7_不确定就0,250,0,9,1,1,0,"{""count"": 0} | {""count"": 0} | {""count"": 0} | {""count"": 0} | {""count"": 0} | {""cou"
IMG_3,L3_可近似,297,2740,9,1,0,0,"{""count"": 1000} | {""count"": 100} | {""count"": 10} | {""count"": 500} | {""count"": 50"
IMG_30,L3_可近似,307,455,9,1,0,0,"{""count"": 75} | {""count"": 50} | {""count"": 20} | {""count"": 80} | {""count"": 50} | "
IMG_30,L4_中性,307,383,9,1,0,0,"{""count"": 50} | {""count"": 40} | {""count"": 20} | {""count"": 72} | {""count"": 48} | "
IMG_32,L7_不确定就0,961,0,9,1,1,0,"{""count"": 0} | {""count"": 0} | {""count"": 0} | {""count"": 0} | {""count"": 0} | {""cou"
IMG_31,L3_可近似,250,398,9,1,0,0,"{""count"": 50} | {""count"": 30} | {""count"": 18} | {""count"": 100} | {""count"": 45} |"
IMG_32,L4_中性,961,133,9,1,0,0,"{""count"": 0} | {""count"": 40} | {""count"": 10} | {""count"": 0} | {""count"": 30} | {"""
IMG_31,L4_中性,250,301,9,1,0,0,"{""count"": 48} | {""count"": 28} | {""count"": 17} | {""count"": 50} | {""count"": 35} | "
IMG_31,L1_随便给,250,490,9,1,0,0,"{""count"": 100} | {""count"": 35} | {""count"": 20} | {""count"": 100} | {""count"": 50} "
IMG_33,L4_中性,475,50,9,1,0,0,"{""count"": 0} | {""count"": 0} | {""count"": 15} | {""count"": 0} | {""count"": 0} | {""co"
IMG_33,L7_不确定就0,475,0,9,1,1,0,"{""count"": 0} | {""count"": 0} | {""count"": 0} | {""count"": 0} | {""count"": 0} | {""cou"
IMG_32,L1_随便给,961,4185,9,1,0,0,"{""count"": 1500} | {""count"": 50} | {""count"": 10} | {""count"": 500} | {""count"": 50}"
IMG_33,L1_随便给,475,4580,9,1,0,0,"{""count"": 0} | {""count"": 2000} | {""count"": 25} | {""count"": 0} | {""count"": 2000} "
IMG_32,L3_可近似,961,3184,9,1,0,0,"{""count"": 1000} | {""count"": 50} | {""count"": 10} | {""count"": 1000} | {""count"": 50"
IMG_33,L3_可近似,475,3565,9,1,0,0,"{""count"": 0} | {""count"": 1500} | {""count"": 20} | {""count"": 0} | {""count"": 1500} "
IMG_34,L7_不确定就0,89,0,9,1,1,0,"{""count"": 0} | {""count"": 0} | {""count"": 0} | {""count"": 0} | {""count"": 0} | {""cou"
IMG_34,L1_随便给,89,173,9,1,0,0,"{""count"": 30} | {""count"": 15} | {""count"": 10} | {""count"": 30} | {""count"": 20} | "
IMG_34,L3_可近似,89,158,9,1,0,0,"{""count"": 25} | {""count"": 15} | {""count"": 10} | {""count"": 25} | {""count"": 15} | "
IMG_34,L4_中性,89,129,9,1,0,0,"{""count"": 20} | {""count"": 14} | {""count"": 10} | {""count"": 18} | {""count"": 15} | "
IMG_35,L7_不确定就0,567,3,9,1,0,0,"{""count"": 0} | {""count"": 0} | {""count"": 3} | {""count"": 0} | {""count"": 0} | {""cou"
IMG_35,L4_中性,567,272,9,1,0,0,"{""count"": 0} | {""count"": 50} | {""count"": 8} | {""count"": 0} | {""count"": 100} | {"""
IMG_35,L1_随便给,567,11723,9,1,0,0,"{""count"": 500} | {""count"": 200} | {""count"": 8} | {""count"": 5000} | {""count"": 500"
IMG_35,L3_可近似,567,11123,9,1,0,0,"{""count"": 500} | {""count"": 200} | {""count"": 8} | {""count"": 5000} | {""count"": 200"
IMG_36,L7_不确定就0,1266,0,9,1,1,0,"{""count"": 0} | {""count"": 0} | {""count"": 0} | {""count"": 0} | {""count"": 0} | {""cou"
IMG_36,L4_中性,1266,200,9,1,0,0,"{""count"": 0} | {""count"": 0} | {""count"": 50} | {""count"": 0} | {""count"": 0} | {""co"
IMG_36,L1_随便给,1266,12850,9,1,0,0,"{""count"": 0} | {""count"": 5000} | {""count"": 150} | {""count"": 0} | {""count"": 5000}"
IMG_36,L3_可近似,1266,12600,9,1,0,0,"{""count"": 0} | {""count"": 5000} | {""count"": 150} | {""count"": 0} | {""count"": 5000}"
IMG_37,L1_随便给,195,760,9,1,0,0,"{""count"": 5} | {""count"": 30} | {""count"": 15} | {""count"": 500} | {""count"": 150} |"
IMG_37,L7_不确定就0,195,0,9,1,1,0,"{""count"": 0} | {""count"": 0} | {""count"": 0} | {""count"": 0} | {""count"": 0} | {""cou"
IMG_37,L4_中性,195,139,9,1,0,0,"{""count"": 6} | {""count"": 20} | {""count"": 14} | {""count"": 0} | {""count"": 50} | {"""
IMG_37,L3_可近似,195,695,9,1,0,0,"{""count"": 5} | {""count"": 25} | {""count"": 15} | {""count"": 500} | {""count"": 100} |"
IMG_38,L7_不确定就0,717,0,9,1,1,0,"{""count"": 0} | {""count"": 0} | {""count"": 0} | {""count"": 0} | {""count"": 0} | {""cou"
IMG_38,L4_中性,717,326,9,1,0,0,"{""count"": 0} | {""count"": 100} | {""count"": 8} | {""count"": 0} | {""count"": 100} | {"
IMG_39,L7_不确定就0,196,0,9,1,1,0,"{""count"": 0} | {""count"": 0} | {""count"": 0} | {""count"": 0} | {""count"": 0} | {""cou"
IMG_39,L1_随便给,196,280,9,1,0,0,"{""count"": 50} | {""count"": 30} | {""count"": 20} | {""count"": 50} | {""count"": 30} | "
IMG_39,L3_可近似,196,255,9,1,0,0,"{""count"": 45} | {""count"": 25} | {""count"": 15} | {""count"": 45} | {""count"": 30} | "
IMG_4,L7_不确定就0,170,0,9,1,1,0,"{""count"": 0} | {""count"": 0} | {""count"": 0} | {""count"": 0} | {""count"": 0} | {""cou"
IMG_38,L3_可近似,717,4726,9,1,0,0,"{""count"": 2000} | {""count"": 500} | {""count"": 8} | {""count"": 1000} | {""count"": 20"
IMG_39,L4_中性,196,240,9,1,0,0,"{""count"": 38} | {""count"": 25} | {""count"": 17} | {""count"": 40} | {""count"": 28} | "
IMG_38,L1_随便给,717,7726,9,1,0,0,"{""count"": 5000} | {""count"": 500} | {""count"": 8} | {""count"": 1000} | {""count"": 20"
IMG_4,L1_随便给,170,326,9,1,0,0,"{""count"": 100} | {""count"": 20} | {""count"": 8} | {""count"": 50} | {""count"": 30} | "
IMG_4,L3_可近似,170,256,9,1,0,0,"{""count"": 50} | {""count"": 20} | {""count"": 8} | {""count"": 50} | {""count"": 30} | {"
IMG_40,L7_不确定就0,236,0,9,1,1,0,"{""count"": 0} | {""count"": 0} | {""count"": 0} | {""count"": 0} | {""count"": 0} | {""cou"
IMG_4,L4_中性,170,206,9,1,0,0,"{""count"": 40} | {""count"": 15} | {""count"": 8} | {""count"": 45} | {""count"": 25} | {"
IMG_40,L3_可近似,236,1130,9,1,0,0,"{""count"": 0} | {""count"": 100} | {""count"": 12} | {""count"": 0} | {""count"": 500} | "
IMG_40,L1_随便给,236,1132,9,1,0,0,"{""count"": 0} | {""count"": 100} | {""count"": 12} | {""count"": 0} | {""count"": 500} | "
IMG_40,L4_中性,236,265,9,1,0,0,"{""count"": 0} | {""count"": 35} | {""count"": 12} | {""count"": 0} | {""count"": 100} | {"
IMG_41,L7_不确定就0,249,0,9,1,1,0,"{""count"": 0} | {""count"": 0} | {""count"": 0} | {""count"": 0} | {""count"": 0} | {""cou"
IMG_41,L1_随便给,249,334,9,1,0,0,"{""count"": 20} | {""count"": 50} | {""count"": 9} | {""count"": 50} | {""count"": 100} | "
IMG_41,L3_可近似,249,329,9,1,0,0,"{""count"": 15} | {""count"": 50} | {""count"": 9} | {""count"": 50} | {""count"": 100} | "
IMG_41,L4_中性,249,222,9,1,0,0,"{""count"": 15} | {""count"": 30} | {""count"": 9} | {""count"": 30} | {""count"": 50} | {"
IMG_42,L7_不确定就0,797,0,9,1,1,0,"{""count"": 0} | {""count"": 0} | {""count"": 0} | {""count"": 0} | {""count"": 0} | {""cou"
IMG_42,L4_中性,797,170,9,1,0,0,"{""count"": 0} | {""count"": 100} | {""count"": 20} | {""count"": 0} | {""count"": 0} | {"""
IMG_42,L1_随便给,797,7290,9,1,0,0,"{""count"": 200} | {""count"": 500} | {""count"": 30} | {""count"": 5000} | {""count"": 50"
IMG_42,L3_可近似,797,3735,9,1,0,0,"{""count"": 150} | {""count"": 500} | {""count"": 30} | {""count"": 1000} | {""count"": 10"
IMG_43,L3_可近似,116,307,9,1,0,0,"{""count"": 8} | {""count"": 10} | {""count"": 5} | {""count"": 200} | {""count"": 50} | {"
IMG_43,L1_随便给,116,663,9,1,0,0,"{""count"": 10} | {""count"": 12} | {""count"": 5} | {""count"": 500} | {""count"": 100} |"
IMG_43,L7_不确定就0,116,8,9,1,0,0,"{""count"": 0} | {""count"": 0} | {""count"": 4} | {""count"": 0} | {""count"": 0} | {""cou"
IMG_43,L4_中性,116,84,9,1,0,0,"{""count"": 6} | {""count"": 10} | {""count"": 4} | {""count"": 0} | {""count"": 30} | {""c"
IMG_44,L7_不确定就0,366,11,9,1,0,0,"{""count"": 0} | {""count"": 0} | {""count"": 5} | {""count"": 0} | {""count"": 0} | {""cou"
IMG_44,L4_中性,366,289,9,1,0,0,"{""count"": 0} | {""count"": 40} | {""count"": 6} | {""count"": 100} | {""count"": 30} | {"
IMG_44,L1_随便给,366,1140,9,1,0,0,"{""count"": 500} | {""count"": 100} | {""count"": 6} | {""count"": 300} | {""count"": 50} "
IMG_45,L1_随便给,138,333,9,1,0,0,"{""count"": 0} | {""count"": 25} | {""count"": 10} | {""count"": 0} | {""count"": 20} | {"""
IMG_44,L3_可近似,366,1135,9,1,0,0,"{""count"": 500} | {""count"": 100} | {""count"": 7} | {""count"": 300} | {""count"": 50} "
IMG_45,L7_不确定就0,138,0,9,1,1,0,"{""count"": 0} | {""count"": 0} | {""count"": 0} | {""count"": 0} | {""count"": 0} | {""cou"
IMG_45,L3_可近似,138,323,9,1,0,0,"{""count"": 0} | {""count"": 20} | {""count"": 10} | {""count"": 0} | {""count"": 20} | {"""
IMG_45,L4_中性,138,91,9,1,0,0,"{""count"": 0} | {""count"": 15} | {""count"": 10} | {""count"": 0} | {""count"": 18} | {"""
IMG_46,L7_不确定就0,373,0,9,1,1,0,"{""count"": 0} | {""count"": 0} | {""count"": 0} | {""count"": 0} | {""count"": 0} | {""cou"
IMG_47,L7_不确定就0,316,0,9,1,1,0,"{""count"": 0} | {""count"": 0} | {""count"": 0} | {""count"": 0} | {""count"": 0} | {""cou"
IMG_48,L7_不确定就0,384,0,9,1,1,0,"{""count"": 0} | {""count"": 0} | {""count"": 0} | {""count"": 0} | {""count"": 0} | {""cou"
IMG_46,L1_随便给,373,1007,9,1,0,0,"{""count"": 10} | {""count"": 200} | {""count"": 20} | {""count"": 300} | {""count"": 200}"
IMG_46,L4_中性,373,390,9,1,0,0,"{""count"": 10} | {""count"": 100} | {""count"": 15} | {""count"": 0} | {""count"": 100} |"
IMG_47,L4_中性,316,564,9,1,0,0,"{""count"": 50} | {""count"": 50} | {""count"": 48} | {""count"": 100} | {""count"": 50} |"
IMG_46,L3_可近似,373,949,9,1,0,0,"{""count"": 10} | {""count"": 150} | {""count"": 15} | {""count"": 300} | {""count"": 200}"
IMG_48,L1_随便给,384,625,9,1,0,0,"{""count"": 100} | {""count"": 100} | {""count"": 50} | {""count"": 75} | {""count"": 75} "
IMG_49,L7_不确定就0,511,1,9,1,0,0,"{""count"": 0} | {""count"": 0} | {""count"": 1} | {""count"": 0} | {""count"": 0} | {""cou"
IMG_47,L1_随便给,316,900,9,1,0,0,"{""count"": 100} | {""count"": 100} | {""count"": 50} | {""count"": 150} | {""count"": 100"
IMG_48,L3_可近似,384,595,9,1,0,0,"{""count"": 100} | {""count"": 75} | {""count"": 50} | {""count"": 75} | {""count"": 75} |"
IMG_47,L3_可近似,316,850,9,1,0,0,"{""count"": 100} | {""count"": 100} | {""count"": 50} | {""count"": 100} | {""count"": 100"
IMG_48,L4_中性,384,458,9,1,0,0,"{""count"": 72} | {""count"": 60} | {""count"": 40} | {""count"": 50} | {""count"": 50} | "
IMG_49,L4_中性,511,243,9,1,0,0,"{""count"": 0} | {""count"": 50} | {""count"": 1} | {""count"": 0} | {""count"": 100} | {"""
IMG_49,L1_随便给,511,1977,9,1,0,0,"{""count"": 500} | {""count"": 150} | {""count"": 2} | {""count"": 500} | {""count"": 150}"
IMG_49,L3_可近似,511,1921,9,1,0,0,"{""count"": 500} | {""count"": 100} | {""count"": 1} | {""count"": 500} | {""count"": 150}"
IMG_5,L7_不确定就0,817,0,9,1,1,0,"{""count"": 0} | {""count"": 0} | {""count"": 0} | {""count"": 0} | {""count"": 0} | {""cou"
IMG_5,L1_随便给,817,1195,9,1,0,0,"{""count"": 200} | {""count"": 150} | {""count"": 50} | {""count"": 200} | {""count"": 150"
IMG_5,L3_可近似,817,1345,9,1,0,0,"{""count"": 250} | {""count"": 150} | {""count"": 50} | {""count"": 250} | {""count"": 150"
IMG_5,L4_中性,817,718,9,1,0,0,"{""count"": 100} | {""count"": 100} | {""count"": 40} | {""count"": 100} | {""count"": 100"
IMG_50,L7_不确定就0,997,0,9,1,1,0,"{""count"": 0} | {""count"": 0} | {""count"": 0} | {""count"": 0} | {""count"": 0} | {""cou"
IMG_50,L4_中性,997,351,9,1,0,0,"{""count"": 0} | {""count"": 100} | {""count"": 16} | {""count"": 0} | {""count"": 100} | "
IMG_50,L1_随便给,997,2170,9,1,0,0,"{""count"": 500} | {""count"": 200} | {""count"": 20} | {""count"": 500} | {""count"": 200"
IMG_51,L7_不确定就0,297,0,9,1,1,0,"{""count"": 0} | {""count"": 0} | {""count"": 0} | {""count"": 0} | {""count"": 0} | {""cou"
IMG_50,L3_可近似,997,2110,9,1,0,0,"{""count"": 500} | {""count"": 200} | {""count"": 20} | {""count"": 500} | {""count"": 200"
IMG_51,L1_随便给,297,620,9,1,0,0,"{""count"": 80} | {""count"": 50} | {""count"": 30} | {""count"": 150} | {""count"": 50} |"
IMG_52,L7_不确定就0,134,0,9,1,1,0,"{""count"": 0} | {""count"": 0} | {""count"": 0} | {""count"": 0} | {""count"": 0} | {""cou"
IMG_52,L1_随便给,134,282,9,1,0,0,"{""count"": 50} | {""count"": 50} | {""count"": 8} | {""count"": 50} | {""count"": 30} | {"
IMG_52,L3_可近似,134,261,9,1,0,0,"{""count"": 50} | {""count"": 50} | {""count"": 8} | {""count"": 50} | {""count"": 30} | {"
IMG_51,L3_可近似,297,555,9,1,0,0,"{""count"": 75} | {""count"": 45} | {""count"": 25} | {""count"": 100} | {""count"": 50} |"
IMG_51,L4_中性,297,395,9,1,0,0,"{""count"": 50} | {""count"": 30} | {""count"": 20} | {""count"": 72} | {""count"": 35} | "
IMG_52,L4_中性,134,192,9,1,0,0,"{""count"": 25} | {""count"": 35} | {""count"": 9} | {""count"": 30} | {""count"": 30} | {"
IMG_53,L7_不确定就0,175,0,9,1,1,0,"{""count"": 0} | {""count"": 0} | {""count"": 0} | {""count"": 0} | {""count"": 0} | {""cou"
IMG_53,L1_随便给,175,865,9,1,0,0,"{""count"": 100} | {""count"": 500} | {""count"": 50} | {""count"": 0} | {""count"": 150} "
IMG_53,L3_可近似,175,755,9,1,0,0,"{""count"": 50} | {""count"": 500} | {""count"": 45} | {""count"": 0} | {""count"": 100} |"
IMG_53,L4_中性,175,132,9,1,0,0,"{""count"": 0} | {""count"": 0} | {""count"": 30} | {""count"": 0} | {""count"": 50} | {""c"
IMG_54,L4_中性,529,48,9,1,0,0,"{""count"": 0} | {""count"": 0} | {""count"": 15} | {""count"": 0} | {""count"": 0} | {""co"
IMG_54,L7_不确定就0,529,0,9,1,1,0,"{""count"": 0} | {""count"": 0} | {""count"": 0} | {""count"": 0} | {""count"": 0} | {""cou"
IMG_55,L7_不确定就0,149,0,9,1,1,0,"{""count"": 0} | {""count"": 0} | {""count"": 0} | {""count"": 0} | {""count"": 0} | {""cou"
IMG_55,L1_随便给,149,233,9,1,0,0,"{""count"": 50} | {""count"": 30} | {""count"": 8} | {""count"": 30} | {""count"": 30} | {"
IMG_55,L3_可近似,149,208,9,1,0,0,"{""count"": 30} | {""count"": 30} | {""count"": 8} | {""count"": 30} | {""count"": 30} | {"
IMG_54,L1_随便给,529,3090,9,1,0,0,"{""count"": 500} | {""count"": 500} | {""count"": 30} | {""count"": 500} | {""count"": 500"
IMG_54,L3_可近似,529,3080,9,1,0,0,"{""count"": 500} | {""count"": 500} | {""count"": 25} | {""count"": 500} | {""count"": 500"
IMG_55,L4_中性,149,184,9,1,0,0,"{""count"": 28} | {""count"": 25} | {""count"": 9} | {""count"": 25} | {""count"": 25} | {"
IMG_56,L7_不确定就0,349,0,9,1,1,0,"{""count"": 0} | {""count"": 0} | {""count"": 0} | {""count"": 0} | {""count"": 0} | {""cou"
IMG_56,L4_中性,349,277,9,1,0,0,"{""count"": 30} | {""count"": 50} | {""count"": 30} | {""count"": 0} | {""count"": 72} | {"
IMG_56,L1_随便给,349,1210,9,1,0,0,"{""count"": 50} | {""count"": 100} | {""count"": 50} | {""count"": 200} | {""count"": 150}"
IMG_56,L3_可近似,349,885,9,1,0,0,"{""count"": 50} | {""count"": 100} | {""count"": 30} | {""count"": 200} | {""count"": 150}"
IMG_57,L1_随便给,356,1021,9,1,0,0,"{""count"": 1} | {""count"": 200} | {""count"": 80} | {""count"": 10} | {""count"": 300} |"
IMG_57,L7_不确定就0,356,1,9,1,0,0,"{""count"": 1} | {""count"": 0} | {""count"": 0} | {""count"": 0} | {""count"": 0} | {""cou"
IMG_57,L3_可近似,356,1021,9,1,0,0,"{""count"": 1} | {""count"": 200} | {""count"": 75} | {""count"": 10} | {""count"": 300} |"
IMG_57,L4_中性,356,436,9,1,0,0,"{""count"": 1} | {""count"": 100} | {""count"": 50} | {""count"": 10} | {""count"": 100} |"
IMG_58,L1_随便给,198,350,9,1,0,0,"{""count"": 50} | {""count"": 45} | {""count"": 20} | {""count"": 50} | {""count"": 50} | "
IMG_58,L7_不确定就0,198,0,9,1,1,0,"{""count"": 0} | {""count"": 0} | {""count"": 0} | {""count"": 0} | {""count"": 0} | {""cou"
IMG_58,L4_中性,198,309,9,1,0,0,"{""count"": 45} | {""count"": 30} | {""count"": 16} | {""count"": 50} | {""count"": 48} | "
IMG_58,L3_可近似,198,335,9,1,0,0,"{""count"": 45} | {""count"": 45} | {""count"": 15} | {""count"": 50} | {""count"": 50} | "
IMG_59,L7_不确定就0,466,0,9,1,1,0,"{""count"": 0} | {""count"": 0} | {""count"": 0} | {""count"": 0} | {""count"": 0} | {""cou"
IMG_6,L7_不确定就0,361,0,9,1,1,0,"{""count"": 0} | {""count"": 0} | {""count"": 0} | {""count"": 0} | {""count"": 0} | {""cou"
IMG_59,L4_中性,466,236,9,1,0,0,"{""count"": 0} | {""count"": 100} | {""count"": 14} | {""count"": 0} | {""count"": 50} | {"
IMG_59,L1_随便给,466,2115,9,1,0,0,"{""count"": 500} | {""count"": 200} | {""count"": 30} | {""count"": 500} | {""count"": 200"
IMG_59,L3_可近似,466,2105,9,1,0,0,"{""count"": 500} | {""count"": 200} | {""count"": 25} | {""count"": 500} | {""count"": 200"
IMG_6,L1_随便给,361,760,9,1,0,0,"{""count"": 200} | {""count"": 80} | {""count"": 20} | {""count"": 200} | {""count"": 100}"
IMG_6,L4_中性,361,490,9,1,0,0,"{""count"": 100} | {""count"": 50} | {""count"": 20} | {""count"": 100} | {""count"": 80} "
IMG_60,L7_不确定就0,291,0,9,1,1,0,"{""count"": 0} | {""count"": 0} | {""count"": 0} | {""count"": 0} | {""count"": 0} | {""cou"
IMG_6,L3_可近似,361,625,9,1,0,0,"{""count"": 150} | {""count"": 50} | {""count"": 20} | {""count"": 150} | {""count"": 100}"
IMG_60,L3_可近似,291,1034,9,1,0,0,"{""count"": 0} | {""count"": 300} | {""count"": 10} | {""count"": 0} | {""count"": 500} | "
IMG_60,L4_中性,291,333,9,1,0,0,"{""count"": 0} | {""count"": 100} | {""count"": 10} | {""count"": 0} | {""count"": 100} | "
IMG_60,L1_随便给,291,1237,9,1,0,0,"{""count"": 0} | {""count"": 500} | {""count"": 10} | {""count"": 0} | {""count"": 500} | "
IMG_61,L7_不确定就0,193,0,9,1,1,0,"{""count"": 0} | {""count"": 0} | {""count"": 0} | {""count"": 0} | {""count"": 0} | {""cou"
IMG_61,L3_可近似,193,494,9,1,0,0,"{""count"": 200} | {""count"": 20} | {""count"": 12} | {""count"": 150} | {""count"": 30} "
IMG_62,L7_不确定就0,337,0,9,1,1,0,"{""count"": 0} | {""count"": 0} | {""count"": 0} | {""count"": 0} | {""count"": 0} | {""cou"
IMG_61,L1_随便给,193,567,9,1,0,0,"{""count"": 200} | {""count"": 20} | {""count"": 15} | {""count"": 200} | {""count"": 50} "
IMG_61,L4_中性,193,103,9,1,0,0,"{""count"": 0} | {""count"": 14} | {""count"": 10} | {""count"": 0} | {""count"": 20} | {"""
IMG_62,L4_中性,337,448,9,1,0,0,"{""count"": 70} | {""count"": 50} | {""count"": 25} | {""count"": 100} | {""count"": 50} |"
IMG_63,L7_不确定就0,1121,0,9,1,1,0,"{""count"": 0} | {""count"": 0} | {""count"": 0} | {""count"": 0} | {""count"": 0} | {""cou"
IMG_62,L1_随便给,337,660,9,1,0,0,"{""count"": 100} | {""count"": 50} | {""count"": 30} | {""count"": 150} | {""count"": 100}"
IMG_62,L3_可近似,337,595,9,1,0,0,"{""count"": 100} | {""count"": 50} | {""count"": 30} | {""count"": 100} | {""count"": 100}"
IMG_63,L4_中性,1121,191,9,1,0,0,"{""count"": 0} | {""count"": 72} | {""count"": 15} | {""count"": 0} | {""count"": 30} | {"""
IMG_63,L3_可近似,1121,15340,9,1,0,0,"{""count"": 5000} | {""count"": 100} | {""count"": 15} | {""count"": 5000} | {""count"": 5"
IMG_63,L1_随便给,1121,60390,9,1,0,0,"{""count"": 5000} | {""count"": 150} | {""count"": 15} | {""count"": 5000} | {""count"": 5"
IMG_64,L4_中性,287,51,9,1,0,0,"{""count"": 0} | {""count"": 0} | {""count"": 15} | {""count"": 7} | {""count"": 0} | {""co"
IMG_64,L3_可近似,287,2053,9,1,0,0,"{""count"": 0} | {""count"": 500} | {""count"": 15} | {""count"": 8} | {""count"": 500} | "
IMG_64,L1_随便给,287,6553,9,1,0,0,"{""count"": 0} | {""count"": 500} | {""count"": 15} | {""count"": 8} | {""count"": 500} | "
IMG_64,L7_不确定就0,287,0,9,1,1,0,"{""count"": 0} | {""count"": 0} | {""count"": 0} | {""count"": 0} | {""count"": 0} | {""cou"
IMG_65,L7_不确定就0,214,0,9,1,1,0,"{""count"": 0} | {""count"": 0} | {""count"": 0} | {""count"": 0} | {""count"": 0} | {""cou"
IMG_65,L1_随便给,214,550,9,1,0,0,"{""count"": 200} | {""count"": 30} | {""count"": 6} | {""count"": 200} | {""count"": 50} |"
IMG_65,L3_可近似,214,570,9,1,0,0,"{""count"": 250} | {""count"": 30} | {""count"": 6} | {""count"": 200} | {""count"": 30} |"
IMG_65,L4_中性,214,106,9,1,0,0,"{""count"": 0} | {""count"": 25} | {""count"": 6} | {""count"": 0} | {""count"": 25} | {""c"
IMG_66,L7_不确定就0,823,0,9,1,1,0,"{""count"": 0} | {""count"": 0} | {""count"": 0} | {""count"": 0} | {""count"": 0} | {""cou"
IMG_66,L1_随便给,823,1975,9,1,0,0,"{""count"": 500} | {""count"": 50} | {""count"": 25} | {""count"": 1000} | {""count"": 100"
IMG_67,L7_不确定就0,192,6,9,1,0,0,"{""count"": 0} | {""count"": 0} | {""count"": 2} | {""count"": 0} | {""count"": 0} | {""cou"
IMG_66,L4_中性,823,422,9,1,0,0,"{""count"": 100} | {""count"": 50} | {""count"": 24} | {""count"": 0} | {""count"": 50} | "
IMG_66,L3_可近似,823,2450,9,1,0,0,"{""count"": 500} | {""count"": 50} | {""count"": 25} | {""count"": 1500} | {""count"": 75}"
IMG_67,L4_中性,192,245,9,1,0,0,"{""count"": 50} | {""count"": 25} | {""count"": 2} | {""count"": 80} | {""count"": 25} | {"
IMG_67,L3_可近似,192,381,9,1,0,0,"{""count"": 100} | {""count"": 25} | {""count"": 2} | {""count"": 150} | {""count"": 30} |"
IMG_67,L1_随便给,192,460,9,1,0,0,"{""count"": 100} | {""count"": 30} | {""count"": 3} | {""count"": 200} | {""count"": 30} |"
IMG_68,L7_不确定就0,212,0,9,1,1,0,"{""count"": 0} | {""count"": 0} | {""count"": 0} | {""count"": 0} | {""count"": 0} | {""cou"
IMG_68,L4_中性,212,248,9,1,0,0,"{""count"": 0} | {""count"": 100} | {""count"": 9} | {""count"": 0} | {""count"": 100} | {"
IMG_68,L1_随便给,212,701,9,1,0,0,"{""count"": 150} | {""count"": 200} | {""count"": 10} | {""count"": 100} | {""count"": 200"
IMG_69,L7_不确定就0,166,0,9,1,1,0,"{""count"": 0} | {""count"": 0} | {""count"": 0} | {""count"": 0} | {""count"": 0} | {""cou"
IMG_68,L3_可近似,212,651,9,1,0,0,"{""count"": 100} | {""count"": 200} | {""count"": 10} | {""count"": 100} | {""count"": 200"
IMG_69,L1_随便给,166,345,9,1,0,0,"{""count"": 50} | {""count"": 25} | {""count"": 15} | {""count"": 50} | {""count"": 30} | "
IMG_7,L1_随便给,568,1606,9,1,0,0,"{""count"": 1} | {""count"": 500} | {""count"": 50} | {""count"": 0} | {""count"": 500} | "
IMG_69,L4_中性,166,173,9,1,0,0,"{""count"": 30} | {""count"": 15} | {""count"": 10} | {""count"": 30} | {""count"": 16} | "
IMG_69,L3_可近似,166,275,9,1,0,0,"{""count"": 50} | {""count"": 25} | {""count"": 15} | {""count"": 50} | {""count"": 30} | "
IMG_7,L7_不确定就0,568,0,9,1,1,0,"{""count"": 0} | {""count"": 0} | {""count"": 0} | {""count"": 0} | {""count"": 0} | {""cou"
IMG_7,L4_中性,568,70,9,1,0,0,"{""count"": 0} | {""count"": 0} | {""count"": 25} | {""count"": 0} | {""count"": 0} | {""co"
IMG_7,L3_可近似,568,1580,9,1,0,0,"{""count"": 0} | {""count"": 500} | {""count"": 30} | {""count"": 0} | {""count"": 500} | "
IMG_70,L7_不确定就0,412,0,9,1,1,0,"{""count"": 0} | {""count"": 0} | {""count"": 0} | {""count"": 0} | {""count"": 0} | {""cou"
IMG_70,L1_随便给,412,1437,9,1,0,0,"{""count"": 200} | {""count"": 50} | {""count"": 10} | {""count"": 500} | {""count"": 50} "
IMG_70,L3_可近似,412,1435,9,1,0,0,"{""count"": 200} | {""count"": 50} | {""count"": 8} | {""count"": 500} | {""count"": 50} |"
IMG_70,L4_中性,412,240,9,1,0,0,"{""count"": 100} | {""count"": 25} | {""count"": 9} | {""count"": 0} | {""count"": 30} | {"
IMG_71,L7_不确定就0,602,0,9,1,1,0,"{""count"": 0} | {""count"": 0} | {""count"": 0} | {""count"": 0} | {""count"": 0} | {""cou"
IMG_71,L4_中性,602,284,9,1,0,0,"{""count"": 0} | {""count"": 50} | {""count"": 10} | {""count"": 0} | {""count"": 100} | {"
IMG_71,L3_可近似,602,2185,9,1,0,0,"{""count"": 1000} | {""count"": 100} | {""count"": 10} | {""count"": 500} | {""count"": 15"
IMG_71,L1_随便给,602,6537,9,1,0,0,"{""count"": 5000} | {""count"": 100} | {""count"": 10} | {""count"": 500} | {""count"": 20"
IMG_72,L7_不确定就0,589,0,9,1,1,0,"{""count"": 0} | {""count"": 0} | {""count"": 0} | {""count"": 0} | {""count"": 0} | {""cou"
IMG_72,L4_中性,589,388,9,1,0,0,"{""count"": 0} | {""count"": 100} | {""count"": 40} | {""count"": 0} | {""count"": 72} | {"
IMG_72,L3_可近似,589,2135,9,1,0,0,"{""count"": 1000} | {""count"": 200} | {""count"": 50} | {""count"": 500} | {""count"": 10"
IMG_72,L1_随便给,589,6185,9,1,0,0,"{""count"": 5000} | {""count"": 200} | {""count"": 50} | {""count"": 500} | {""count"": 15"
IMG_73,L1_随便给,153,331,9,1,0,0,"{""count"": 100} | {""count"": 50} | {""count"": 12} | {""count"": 50} | {""count"": 70} |"
IMG_73,L7_不确定就0,153,7,9,1,0,0,"{""count"": 0} | {""count"": 0} | {""count"": 0} | {""count"": 0} | {""count"": 0} | {""cou"
IMG_73,L3_可近似,153,314,9,1,0,0,"{""count"": 80} | {""count"": 50} | {""count"": 10} | {""count"": 50} | {""count"": 75} | "
IMG_74,L7_不确定就0,855,0,9,1,1,0,"{""count"": 0} | {""count"": 0} | {""count"": 0} | {""count"": 0} | {""count"": 0} | {""cou"
IMG_73,L4_中性,153,230,9,1,0,0,"{""count"": 40} | {""count"": 48} | {""count"": 11} | {""count"": 30} | {""count"": 50} | "
IMG_75,L7_不确定就0,665,0,9,1,1,0,"{""count"": 0} | {""count"": 0} | {""count"": 0} | {""count"": 0} | {""count"": 0} | {""cou"
IMG_75,L4_中性,665,0,9,1,1,0,"{""count"": 0} | {""count"": 0} | {""count"": 0} | {""count"": 0} | {""count"": 0} | {""cou"
IMG_74,L1_随便给,855,2250,9,1,0,0,"{""count"": 500} | {""count"": 200} | {""count"": 50} | {""count"": 500} | {""count"": 150"
IMG_74,L4_中性,855,520,9,1,0,0,"{""count"": 0} | {""count"": 100} | {""count"": 40} | {""count"": 100} | {""count"": 100} "
IMG_76,L7_不确定就0,485,0,9,1,1,0,"{""count"": 0} | {""count"": 0} | {""count"": 0} | {""count"": 0} | {""count"": 0} | {""cou"
IMG_75,L1_随便给,665,6600,9,1,0,0,"{""count"": 0} | {""count"": 500} | {""count"": 200} | {""count"": 0} | {""count"": 5000} "
IMG_74,L3_可近似,855,1750,9,1,0,0,"{""count"": 250} | {""count"": 200} | {""count"": 50} | {""count"": 250} | {""count"": 150"
IMG_75,L3_可近似,665,2750,9,1,0,0,"{""count"": 0} | {""count"": 1000} | {""count"": 200} | {""count"": 0} | {""count"": 1000}"
IMG_77,L7_不确定就0,207,0,9,1,1,0,"{""count"": 0} | {""count"": 0} | {""count"": 0} | {""count"": 0} | {""count"": 0} | {""cou"
IMG_77,L1_随便给,207,310,9,1,0,0,"{""count"": 30} | {""count"": 50} | {""count"": 10} | {""count"": 50} | {""count"": 50} | "
IMG_76,L1_随便给,485,1200,9,1,0,0,"{""count"": 200} | {""count"": 150} | {""count"": 50} | {""count"": 200} | {""count"": 150"
IMG_76,L4_中性,485,495,9,1,0,0,"{""count"": 0} | {""count"": 100} | {""count"": 20} | {""count"": 0} | {""count"": 100} | "
IMG_77,L4_中性,207,278,9,1,0,0,"{""count"": 28} | {""count"": 45} | {""count"": 10} | {""count"": 40} | {""count"": 45} | "
IMG_77,L3_可近似,207,310,9,1,0,0,"{""count"": 30} | {""count"": 50} | {""count"": 10} | {""count"": 50} | {""count"": 50} | "
IMG_76,L3_可近似,485,1130,9,1,0,0,"{""count"": 200} | {""count"": 150} | {""count"": 30} | {""count"": 200} | {""count"": 150"
IMG_78,L7_不确定就0,271,0,9,1,1,0,"{""count"": 0} | {""count"": 0} | {""count"": 0} | {""count"": 0} | {""count"": 0} | {""cou"
IMG_78,L4_中性,271,333,9,1,0,0,"{""count"": 50} | {""count"": 25} | {""count"": 7} | {""count"": 100} | {""count"": 30} | "
IMG_78,L1_随便给,271,720,9,1,0,0,"{""count"": 150} | {""count"": 50} | {""count"": 6} | {""count"": 150} | {""count"": 50} |"
IMG_78,L3_可近似,271,619,9,1,0,0,"{""count"": 100} | {""count"": 50} | {""count"": 6} | {""count"": 150} | {""count"": 50} |"
IMG_79,L1_随便给,186,255,9,1,0,0,"{""count"": 25} | {""count"": 30} | {""count"": 30} | {""count"": 30} | {""count"": 30} | "
IMG_79,L7_不确定就0,186,0,9,1,1,0,"{""count"": 0} | {""count"": 0} | {""count"": 0} | {""count"": 0} | {""count"": 0} | {""cou"
IMG_79,L3_可近似,186,235,9,1,0,0,"{""count"": 25} | {""count"": 30} | {""count"": 25} | {""count"": 30} | {""count"": 30} | "
IMG_79,L4_中性,186,218,9,1,0,0,"{""count"": 22} | {""count"": 25} | {""count"": 25} | {""count"": 25} | {""count"": 30} | "
IMG_8,L7_不确定就0,1326,2,9,1,0,0,"{""count"": 0} | {""count"": 0} | {""count"": 0} | {""count"": 2} | {""count"": 0} | {""cou"
IMG_8,L4_中性,1326,230,9,1,0,0,"{""count"": 28} | {""count"": 0} | {""count"": 0} | {""count"": 2} | {""count"": 0} | {""co"
IMG_8,L1_随便给,1326,25532,9,1,0,0,"{""count"": 30} | {""count"": 5000} | {""count"": 500} | {""count"": 2} | {""count"": 5000"
IMG_80,L3_可近似,157,225,9,1,0,0,"{""count"": 0} | {""count"": 45} | {""count"": 30} | {""count"": 0} | {""count"": 50} | {"""
IMG_80,L1_随便给,157,240,9,1,0,0,"{""count"": 0} | {""count"": 50} | {""count"": 30} | {""count"": 0} | {""count"": 50} | {"""
IMG_8,L3_可近似,1326,17032,9,1,0,0,"{""count"": 30} | {""count"": 5000} | {""count"": 500} | {""count"": 2} | {""count"": 5000"
IMG_80,L7_不确定就0,157,0,9,1,1,0,"{""count"": 0} | {""count"": 0} | {""count"": 0} | {""count"": 0} | {""count"": 0} | {""cou"
IMG_81,L7_不确定就0,356,0,9,1,1,0,"{""count"": 0} | {""count"": 0} | {""count"": 0} | {""count"": 0} | {""count"": 0} | {""cou"
IMG_81,L4_中性,356,153,9,1,0,0,"{""count"": 0} | {""count"": 30} | {""count"": 25} | {""count"": 0} | {""count"": 30} | {"""
IMG_80,L4_中性,157,178,9,1,0,0,"{""count"": 0} | {""count"": 35} | {""count"": 28} | {""count"": 0} | {""count"": 35} | {"""
IMG_81,L1_随便给,356,1440,9,1,0,0,"{""count"": 500} | {""count"": 50} | {""count"": 30} | {""count"": 500} | {""count"": 50} "
IMG_81,L3_可近似,356,1440,9,1,0,0,"{""count"": 500} | {""count"": 50} | {""count"": 30} | {""count"": 500} | {""count"": 50} "
IMG_82,L7_不确定就0,217,0,9,1,1,0,"{""count"": 0} | {""count"": 0} | {""count"": 0} | {""count"": 0} | {""count"": 0} | {""cou"
IMG_82,L4_中性,217,158,9,1,0,0,"{""count"": 0} | {""count"": 30} | {""count"": 18} | {""count"": 0} | {""count"": 30} | {"""
IMG_82,L1_随便给,217,386,9,1,0,0,"{""count"": 5} | {""count"": 100} | {""count"": 30} | {""count"": 0} | {""count"": 100} | "
IMG_82,L3_可近似,217,381,9,1,0,0,"{""count"": 0} | {""count"": 100} | {""count"": 30} | {""count"": 0} | {""count"": 100} | "
IMG_83,L7_不确定就0,218,0,9,1,1,0,"{""count"": 0} | {""count"": 0} | {""count"": 0} | {""count"": 0} | {""count"": 0} | {""cou"
IMG_83,L1_随便给,218,375,9,1,0,0,"{""count"": 30} | {""count"": 50} | {""count"": 50} | {""count"": 45} | {""count"": 50} | "
IMG_84,L7_不确定就0,122,16,9,1,0,0,"{""count"": 0} | {""count"": 0} | {""count"": 10} | {""count"": 0} | {""count"": 0} | {""co"
IMG_83,L3_可近似,218,360,9,1,0,0,"{""count"": 30} | {""count"": 45} | {""count"": 45} | {""count"": 45} | {""count"": 45} | "
IMG_83,L4_中性,218,305,9,1,0,0,"{""count"": 30} | {""count"": 35} | {""count"": 36} | {""count"": 36} | {""count"": 40} | "
IMG_84,L4_中性,122,192,9,1,0,0,"{""count"": 30} | {""count"": 23} | {""count"": 13} | {""count"": 40} | {""count"": 25} | "
IMG_84,L1_随便给,122,214,9,1,0,0,"{""count"": 35} | {""count"": 25} | {""count"": 12} | {""count"": 50} | {""count"": 25} | "
IMG_84,L3_可近似,122,209,9,1,0,0,"{""count"": 35} | {""count"": 25} | {""count"": 12} | {""count"": 50} | {""count"": 25} | "
IMG_85,L7_不确定就0,97,0,9,1,1,0,"{""count"": 0} | {""count"": 0} | {""count"": 0} | {""count"": 0} | {""count"": 0} | {""cou"
IMG_85,L1_随便给,97,138,9,1,0,0,"{""count"": 15} | {""count"": 15} | {""count"": 7} | {""count"": 30} | {""count"": 15} | {"
IMG_85,L3_可近似,97,128,9,1,0,0,"{""count"": 15} | {""count"": 15} | {""count"": 7} | {""count"": 25} | {""count"": 15} | {"
IMG_85,L4_中性,97,125,9,1,0,0,"{""count"": 14} | {""count"": 14} | {""count"": 7} | {""count"": 25} | {""count"": 17} | {"
IMG_86,L7_不确定就0,579,0,9,1,1,0,"{""count"": 0} | {""count"": 0} | {""count"": 0} | {""count"": 0} | {""count"": 0} | {""cou"
IMG_86,L1_随便给,579,920,9,1,0,0,"{""count"": 70} | {""count"": 80} | {""count"": 70} | {""count"": 100} | {""count"": 150} "
IMG_86,L3_可近似,579,790,9,1,0,0,"{""count"": 75} | {""count"": 85} | {""count"": 75} | {""count"": 100} | {""count"": 100} "
IMG_86,L4_中性,579,700,9,1,0,0,"{""count"": 78} | {""count"": 78} | {""count"": 58} | {""count"": 98} | {""count"": 100} |"
IMG_87,L7_不确定就0,417,21,9,1,0,0,"{""count"": 0} | {""count"": 0} | {""count"": 0} | {""count"": 0} | {""count"": 0} | {""cou"
IMG_87,L1_随便给,417,1097,9,1,0,0,"{""count"": 20} | {""count"": 120} | {""count"": 30} | {""count"": 200} | {""count"": 150}"
IMG_88,L7_不确定就0,86,8,9,1,0,0,"{""count"": 0} | {""count"": 0} | {""count"": 0} | {""count"": 0} | {""count"": 0} | {""cou"
IMG_87,L4_中性,417,329,9,1,0,0,"{""count"": 17} | {""count"": 78} | {""count"": 28} | {""count"": 50} | {""count"": 100} |"
IMG_88,L3_可近似,86,102,9,1,0,0,"{""count"": 0} | {""count"": 30} | {""count"": 12} | {""count"": 0} | {""count"": 25} | {"""
IMG_88,L1_随便给,86,110,9,1,0,0,"{""count"": 0} | {""count"": 30} | {""count"": 15} | {""count"": 0} | {""count"": 30} | {"""
IMG_88,L4_中性,86,92,9,1,0,0,"{""count"": 0} | {""count"": 25} | {""count"": 12} | {""count"": 0} | {""count"": 20} | {"""
IMG_87,L3_可近似,417,1022,9,1,0,0,"{""count"": 15} | {""count"": 100} | {""count"": 30} | {""count"": 150} | {""count"": 150}"
IMG_89,L7_不确定就0,383,18,9,1,0,0,"{""count"": 0} | {""count"": 0} | {""count"": 8} | {""count"": 0} | {""count"": 0} | {""cou"
IMG_9,L7_不确定就0,371,4,9,1,0,0,"{""count"": 0} | {""count"": 0} | {""count"": 3} | {""count"": 0} | {""count"": 0} | {""cou"
IMG_89,L1_随便给,383,790,9,1,0,0,"{""count"": 200} | {""count"": 50} | {""count"": 10} | {""count"": 200} | {""count"": 50} "
IMG_89,L3_可近似,383,735,9,1,0,0,"{""count"": 150} | {""count"": 50} | {""count"": 10} | {""count"": 250} | {""count"": 50} "
IMG_9,L1_随便给,371,940,9,1,0,0,"{""count"": 200} | {""count"": 15} | {""count"": 3} | {""count"": 200} | {""count"": 10} |"
IMG_9,L4_中性,371,137,9,1,0,0,"{""count"": 0} | {""count"": 12} | {""count"": 3} | {""count"": 0} | {""count"": 10} | {""c"
IMG_89,L4_中性,383,463,9,1,0,0,"{""count"": 100} | {""count"": 40} | {""count"": 10} | {""count"": 100} | {""count"": 45} "
IMG_9,L3_可近似,371,637,9,1,0,0,"{""count"": 200} | {""count"": 12} | {""count"": 3} | {""count"": 200} | {""count"": 10} |"
IMG_90,L4_中性,2256,100,9,1,0,0,"{""count"": 0} | {""count"": 0} | {""count"": 0} | {""count"": 0} | {""count"": 0} | {""cou"
IMG_90,L7_不确定就0,2256,0,9,1,1,0,"{""count"": 0} | {""count"": 0} | {""count"": 0} | {""count"": 0} | {""count"": 0} | {""cou"
IMG_91,L7_不确定就0,101,46,9,1,0,0,"{""count"": 0} | {""count"": 13} | {""count"": 0} | {""count"": 0} | {""count"": 12} | {""c"
IMG_91,L3_可近似,101,161,9,1,0,0,"{""count"": 30} | {""count"": 15} | {""count"": 8} | {""count"": 40} | {""count"": 15} | {"
IMG_91,L1_随便给,101,161,9,1,0,0,"{""count"": 30} | {""count"": 15} | {""count"": 8} | {""count"": 40} | {""count"": 15} | {"
IMG_91,L4_中性,101,151,9,1,0,0,"{""count"": 30} | {""count"": 15} | {""count"": 9} | {""count"": 35} | {""count"": 14} | {"
IMG_92,L7_不确定就0,1366,0,9,1,1,0,"{""count"": 0} | {""count"": 0} | {""count"": 0} | {""count"": 0} | {""count"": 0} | {""cou"
IMG_92,L4_中性,1366,550,9,1,0,0,"{""count"": 0} | {""count"": 0} | {""count"": 250} | {""count"": 0} | {""count"": 0} | {""c"
IMG_90,L3_可近似,2256,76300,9,1,0,0,"{""count"": 50000} | {""count"": 5000} | {""count"": 500} | {""count"": 5000} | {""count"""
IMG_90,L1_随便给,2256,166500,9,1,0,0,"{""count"": 50000} | {""count"": 5000} | {""count"": 500} | {""count"": 50000} | {""count"
IMG_92,L1_随便给,1366,24700,9,1,0,0,"{""count"": 5000} | {""count"": 5000} | {""count"": 500} | {""count"": 5000} | {""count"":"
IMG_92,L3_可近似,1366,14700,9,1,0,0,"{""count"": 5000} | {""count"": 2000} | {""count"": 500} | {""count"": 2000} | {""count"":"
IMG_93,L7_不确定就0,255,0,9,1,1,0,"{""count"": 0} | {""count"": 0} | {""count"": 0} | {""count"": 0} | {""count"": 0} | {""cou"
IMG_93,L1_随便给,255,525,9,1,0,0,"{""count"": 100} | {""count"": 50} | {""count"": 30} | {""count"": 100} | {""count"": 50} "
IMG_93,L4_中性,255,292,9,1,0,0,"{""count"": 50} | {""count"": 30} | {""count"": 20} | {""count"": 50} | {""count"": 30} | "
IMG_93,L3_可近似,255,485,9,1,0,0,"{""count"": 100} | {""count"": 45} | {""count"": 25} | {""count"": 100} | {""count"": 50} "
IMG_94,L1_随便给,69,130,9,1,0,0,"{""count"": 20} | {""count"": 12} | {""count"": 7} | {""count"": 25} | {""count"": 15} | {"
IMG_94,L7_不确定就0,69,0,9,1,1,0,"{""count"": 0} | {""count"": 0} | {""count"": 0} | {""count"": 0} | {""count"": 0} | {""cou"
IMG_94,L3_可近似,69,119,9,1,0,0,"{""count"": 20} | {""count"": 12} | {""count"": 7} | {""count"": 20} | {""count"": 15} | {"
IMG_95,L7_不确定就0,190,0,9,1,1,0,"{""count"": 0} | {""count"": 0} | {""count"": 0} | {""count"": 0} | {""count"": 0} | {""cou"
IMG_94,L4_中性,69,115,9,1,0,0,"{""count"": 19} | {""count"": 12} | {""count"": 7} | {""count"": 20} | {""count"": 13} | {"
IMG_95,L4_中性,190,98,9,1,0,0,"{""count"": 0} | {""count"": 14} | {""count"": 9} | {""count"": 0} | {""count"": 16} | {""c"
IMG_95,L3_可近似,190,340,9,1,0,0,"{""count"": 100} | {""count"": 20} | {""count"": 10} | {""count"": 100} | {""count"": 25} "
IMG_95,L1_随便给,190,351,9,1,0,0,"{""count"": 100} | {""count"": 20} | {""count"": 10} | {""count"": 100} | {""count"": 30} "
IMG_96,L7_不确定就0,246,0,9,1,1,0,"{""count"": 0} | {""count"": 0} | {""count"": 0} | {""count"": 0} | {""count"": 0} | {""cou"
IMG_96,L1_随便给,246,365,9,1,0,0,"{""count"": 50} | {""count"": 50} | {""count"": 30} | {""count"": 30} | {""count"": 30} | "
IMG_97,L7_不确定就0,521,0,9,1,1,0,"{""count"": 0} | {""count"": 0} | {""count"": 0} | {""count"": 0} | {""count"": 0} | {""cou"
IMG_96,L3_可近似,246,370,9,1,0,0,"{""count"": 50} | {""count"": 45} | {""count"": 35} | {""count"": 35} | {""count"": 35} | "
IMG_96,L4_中性,246,302,9,1,0,0,"{""count"": 48} | {""count"": 38} | {""count"": 30} | {""count"": 30} | {""count"": 30} | "
IMG_97,L4_中性,521,640,9,1,0,0,"{""count"": 72} | {""count"": 100} | {""count"": 40} | {""count"": 80} | {""count"": 100} "
IMG_98,L1_随便给,153,235,9,1,0,0,"{""count"": 30} | {""count"": 25} | {""count"": 25} | {""count"": 30} | {""count"": 25} | "
IMG_98,L7_不确定就0,153,0,9,1,1,0,"{""count"": 0} | {""count"": 0} | {""count"": 0} | {""count"": 0} | {""count"": 0} | {""cou"
IMG_97,L1_随便给,521,1000,9,1,0,0,"{""count"": 100} | {""count"": 150} | {""count"": 50} | {""count"": 100} | {""count"": 200"
IMG_97,L3_可近似,521,950,9,1,0,0,"{""count"": 100} | {""count"": 150} | {""count"": 50} | {""count"": 100} | {""count"": 150"
IMG_98,L3_可近似,153,215,9,1,0,0,"{""count"": 30} | {""count"": 25} | {""count"": 20} | {""count"": 30} | {""count"": 25} | "
IMG_99,L7_不确定就0,242,0,9,1,1,0,"{""count"": 0} | {""count"": 0} | {""count"": 0} | {""count"": 0} | {""count"": 0} | {""cou"
IMG_98,L4_中性,153,192,9,1,0,0,"{""count"": 25} | {""count"": 20} | {""count"": 18} | {""count"": 25} | {""count"": 20} | "
IMG_99,L4_中性,242,106,9,1,0,0,"{""count"": 0} | {""count"": 30} | {""count"": 18} | {""count"": 0} | {""count"": 30} | {"""
IMG_99,L3_可近似,242,1147,9,1,0,0,"{""count"": 50} | {""count"": 100} | {""count"": 20} | {""count"": 200} | {""count"": 100}"
IMG_99,L1_随便给,242,1502,9,1,0,0,"{""count"": 50} | {""count"": 100} | {""count"": 20} | {""count"": 500} | {""count"": 100}"
