item,gt,k,p1,p2,p3,p4,p5,median,mean,std,n_zero,parse_ok
img_0010.jpg,566,5,347,213,300,300,1,300,232.2,123.44618260602472,0,1
img_0007.jpg,77,5,50,54,53,57,34,53,49.6,8.114185110040317,0,1
img_0022.jpg,479,5,148,1,1,1,1,1,30.4,58.8,0,1
img_0006.jpg,436,5,102,114,117,137,108,114,115.6,11.876026271442818,0,1
img_0012.jpg,434,5,300,347,300,337,1000,337,456.8,272.2670747629981,0,1
img_0011.jpg,540,5,207,187,200,197,208,200,199.8,7.6262703859750465,0,1
img_0001.jpg,977,5,1,337,1,1,200,1,108.0,138.02318645792815,0,1
img_0016.jpg,853,5,1,235,200,108,1,108,109.0,97.45357869262678,0,1
img_0009.jpg,237,5,2,2,54,47,47,47,30.4,23.328951969602063,0,1
img_0002.jpg,923,5,107,131,108,100,107,107,110.6,10.594338110519223,0,1
img_0005.jpg,103,5,64,100,57,108,38,64,73.4,26.51490147068248,0,1
img_0017.jpg,191,5,100,120,114,147,100,114,116.2,17.278888853164144,0,1
img_0024.jpg,385,5,103,100,108,102,124,103,107.4,8.708616422830897,0,1
img_0014.jpg,225,5,108,103,102,78,104,103,99.0,10.69579356569675,0,1
img_0015.jpg,413,5,123,107,140,107,137,123,122.8,14.119490075778232,0,1
img_0003.jpg,350,5,128,247,212,100,104,128,158.2,60.02799346971378,0,1
img_0019.jpg,137,5,104,112,122,100,104,104,108.4,7.8383671769061705,0,1
img_0018.jpg,141,5,113,104,104,101,103,104,105.0,4.147288270665544,0,1
img_0008.jpg,92,5,37,47,37,37,38,37,39.2,3.9191835884530852,0,1
img_0013.jpg,1528,5,378,300,578,1000,1000,578,651.2,298.8848607741784,0,1
img_0004.jpg,183,5,100,100,73,78,64,78,83.0,14.587666023048376,0,1
img_0021.jpg,127,5,57,64,62,64,50,62,59.4,5.3516352641038605,0,1
img_0020.jpg,133,5,64,73,58,58,78,64,66.2,8.059776671843954,0,1
img_0023.jpg,274,5,102,118,1,100,1,100,64.4,52.14057920660261,0,1
img_0026.jpg,113,5,67,82,100,54,62,67,73.0,16.29723902997069,0,1
img_0031.jpg,394,5,1,127,111,127,127,127,98.6,49.19186924685826,0,1
img_0025.jpg,319,5,100,1,2,50,1,2,30.8,39.40253798932247,0,1
img_0027.jpg,181,5,78,67,63,64,68,67,68.0,5.329165037789691,0,1
img_0030.jpg,367,5,178,231,112,243,212,212,195.2,47.046360114253254,0,1
img_0029.jpg,450,5,128,123,153,131,159,131,138.8,14.4,0,1
img_0028.jpg,405,5,142,104,107,108,143,108,120.8,17.769637024992942,0,1
img_0037.jpg,2530,5,1,1000,1,1,1,1,200.8,399.6000000000001,0,1
img_0039.jpg,88,5,59,57,62,74,69,62,64.2,6.368673331236264,0,1
img_0045.jpg,153,5,3,3,3,1,3,3,2.6,0.8,0,1
img_0047.jpg,100,5,53,52,44,37,39,44,45.0,6.54217089351845,0,1
img_0036.jpg,302,5,59,70,77,74,57,70,67.4,8.01498596380555,0,1
img_0033.jpg,129,5,53,57,53,37,57,53,51.4,7.418894796396563,0,1
img_0040.jpg,201,5,112,102,107,103,110,107,106.8,3.8678159211627436,0,1
img_0046.jpg,177,5,108,100,103,104,100,103,103.0,2.9664793948382653,0,1
img_0032.jpg,674,5,147,148,120,108,102,120,125.0,19.266551326067674,0,1
img_0038.jpg,297,5,120,100,107,120,102,107,109.8,8.634813257969162,0,1
img_0044.jpg,169,5,100,102,103,101,102,102,101.6,1.019803902718557,0,1
img_0034.jpg,221,5,47,34,48,30,49,47,41.6,7.964923100695951,0,1
img_0043.jpg,155,5,98,100,99,100,97,99,98.8,1.16619037896906,0,1
img_0035.jpg,1018,5,278,382,377,2,394,377,286.6,148.24250402634192,0,1
img_0042.jpg,130,5,44,57,58,34,30,44,44.6,11.48216007552586,0,1
img_0041.jpg,960,5,588,500,245,227,390,390,390.0,140.63996587030303,0,1
img_0048.jpg,1211,5,104,223,200,178,238,200,188.6,46.953594111633244,0,1
img_0054.jpg,597,5,1,100,1,1,1,1,20.8,39.6,0,1
img_0049.jpg,2494,5,300,232,1000,1200,1000,1000,746.4,399.56456299326646,0,1
img_0052.jpg,139,5,100,100,100,110,38,100,89.6,26.089078174592522,0,1
img_0055.jpg,361,5,100,117,100,104,118,104,107.8,8.059776671843954,0,1
img_0053.jpg,954,5,337,330,385,377,372,372,360.2,22.30156945149825,0,1
img_0050.jpg,425,5,150,148,188,190,144,150,164.0,20.513410247932935,0,1
img_0051.jpg,187,5,103,102,100,103,122,103,106.0,8.07465169527454,0,1
img_0066.jpg,2980,5,0,1,0,0,0,0,0.2,0.4000000000000001,4,1
img_0060.jpg,227,5,59,52,73,38,49,52,54.2,11.582745788456208,0,1
img_0068.jpg,363,5,89,74,100,108,112,100,96.6,13.763720427268202,0,1
img_0064.jpg,1357,5,148,109,200,134,13,134,120.8,61.55777773766691,0,1
img_0072.jpg,241,5,100,100,104,100,114,100,103.6,5.4258639865002145,0,1
img_0056.jpg,194,5,108,102,100,103,102,102,103.0,2.6832815729997477,0,1
img_0070.jpg,233,5,122,117,127,103,122,122,118.2,8.23164625090267,0,1
img_0063.jpg,1149,5,100,200,58,54,100,100,102.4,52.63306945257895,0,1
img_0071.jpg,1236,5,2,1,1,1,104,1,21.8,41.1018247770096,0,1
img_0069.jpg,547,5,138,138,102,100,112,112,118.0,16.828547174370104,0,1
img_0073.jpg,481,5,122,100,138,118,142,122,124.0,15.073154945133417,0,1
img_0076.jpg,489,5,148,170,131,127,135,135,142.2,15.58717421471897,0,1
img_0057.jpg,687,5,1,147,100,123,22,100,78.6,57.15452737972733,0,1
img_0061.jpg,236,5,100,100,100,100,100,100,100.0,0.0,0,1
img_0062.jpg,2638,5,1000,1000,1000,1000,123,1000,824.6,350.8,0,1
img_0058.jpg,4535,5,2000,1234,1000,1000,1000,1000,1246.8,387.3512101439726,0,1
img_0065.jpg,490,5,112,10,0,0,2,2,24.8,43.75568534487833,2,1
img_0077.jpg,203,5,100,100,107,110,107,107,104.8,4.069397989875161,0,1
img_0075.jpg,253,5,131,107,116,112,127,116,118.6,9.046546302318914,0,1
img_0059.jpg,452,5,120,100,127,127,100,120,114.8,12.351518125315609,0,1
img_0067.jpg,255,5,107,108,102,122,123,108,112.4,8.499411744350311,0,1
img_0074.jpg,704,5,323,189,377,233,300,300,284.4,66.40963785475721,0,1
img_0079.jpg,1974,5,127,2,189,123,175,127,123.2,65.90417285726299,0,1
img_0078.jpg,1116,5,141,144,100,128,148,141,132.2,17.440183485273312,0,1
img_0082.jpg,337,5,38,30,30,20,2,30,24.0,12.393546707863734,0,1
img_0093.jpg,1929,5,10,1,1,2,2,2,3.2,3.4292856398964493,0,1
img_0081.jpg,121,5,54,67,50,58,64,58,58.6,6.248199740725324,0,1
img_0080.jpg,347,5,122,112,120,100,102,112,111.2,8.997777503361595,0,1
img_0102.jpg,264,5,1,47,3,57,48,47,31.2,24.103111832292527,0,1
img_0097.jpg,431,5,1,1,1,1,2,1,1.2,0.4,0,1
img_0100.jpg,232,5,119,100,100,100,100,100,103.8,7.6000000000000005,0,1
img_0086.jpg,176,5,100,100,100,112,103,100,103.0,4.6475800154489,0,1
img_0103.jpg,505,5,1,1,31,1,1,1,7.0,12.0,0,1
img_0099.jpg,304,5,117,100,100,100,120,100,107.4,9.112628599915615,0,1
img_0087.jpg,626,5,144,149,147,104,114,144,131.6,18.78935869049287,0,1
img_0101.jpg,175,5,112,77,100,100,87,100,95.2,12.056533498481228,0,1
img_0092.jpg,645,5,104,125,2,182,138,125,110.2,59.82106652342467,0,1
img_0096.jpg,107,5,66,68,66,66,77,66,68.6,4.2708313008125245,0,1
img_0084.jpg,322,5,143,177,183,100,149,149,150.4,29.5540183393054,0,1
img_0091.jpg,636,5,100,100,123,108,131,108,112.4,12.531560158256434,0,1
img_0098.jpg,249,5,128,123,102,113,102,113,113.6,10.63202708800161,0,1
img_0095.jpg,370,5,122,103,100,103,100,103,105.6,8.309031231136396,0,1
img_0094.jpg,146,5,100,118,100,100,100,100,103.6,7.2,0,1
img_0083.jpg,693,5,104,127,107,124,102,107,112.8,10.533755265810955,0,1
img_0085.jpg,283,5,184,197,135,137,153,153,161.2,25.06312031651287,0,1
img_0088.jpg,197,5,104,112,122,100,120,112,111.6,8.616263691415206,0,1
img_0090.jpg,792,5,222,128,180,204,178,180,182.4,31.68343415730056,0,1
img_0089.jpg,1557,5,100,248,223,300,100,223,194.2,80.82672825247847,0,1
img_0106.jpg,1443,5,1,37,1,1,32,1,14.4,16.48757107641996,0,1
img_0121.jpg,150,5,39,100,78,56,100,78,74.6,24.146221236458512,0,1
img_0108.jpg,188,5,102,1,64,1,2,2,34.0,41.77559095931499,0,1
img_0112.jpg,1166,5,2,300,2,1,377,2,136.4,166.80119903645777,0,1
img_0119.jpg,723,5,1,1,1,1,148,1,30.4,58.8,0,1
img_0113.jpg,1278,5,3,1,37,38,1,3,16.0,17.57270610919104,0,1
img_0111.jpg,157,5,58,50,58,54,30,54,50.0,10.430723848324238,0,1
img_0109.jpg,441,5,108,101,1,111,3,101,64.8,51.38248728895868,0,1
img_0125.jpg,1256,5,100,237,148,179,1000,179,332.8,336.55157108532416,0,1
img_0107.jpg,335,5,188,177,207,192,142,188,181.2,21.8302542358077,0,1
img_0122.jpg,499,5,178,218,100,100,100,100,139.2,49.648363517844174,0,1
img_0110.jpg,460,5,232,227,235,245,207,232,229.2,12.560254774486065,0,1
img_0115.jpg,291,5,137,152,152,158,177,152,155.2,12.921300244170478,0,1
img_0105.jpg,166,5,100,100,100,78,100,100,95.6,8.8,0,1
img_0104.jpg,1387,5,273,289,308,278,387,289,307.0,41.76601489249364,0,1
img_0116.jpg,760,5,1,207,257,100,227,207,158.4,94.84218470701737,0,1
img_0114.jpg,800,5,1000,1000,500,334,522,522,671.2,276.22193975135286,0,1
img_0120.jpg,763,5,348,278,381,335,270,335,322.4,42.34430304066888,0,1
img_0124.jpg,757,5,100,118,3,102,100,100,84.6,41.355048059457026,0,1
img_0118.jpg,964,5,1,1,1,2,208,1,42.6,82.70090688740964,0,1
img_0123.jpg,485,5,207,135,124,150,238,150,170.8,44.11530346716432,0,1
img_0127.jpg,408,5,203,221,182,247,220,220,214.6,21.527656630483495,0,1
img_0126.jpg,305,5,100,100,100,100,120,100,104.0,8.0,0,1
img_0117.jpg,737,5,1000,300,518,397,479,479,538.8,242.423926211915,0,1
img_0128.jpg,811,5,1,1,1,1,1,1,1.0,0.0,0,1
img_0131.jpg,475,5,63,30,2,100,2,30,39.4,37.72320240912747,0,1
img_0130.jpg,456,5,108,118,1,148,113,113,97.6,50.26569406662958,0,1
img_0133.jpg,944,5,2,1,1,1,1,1,1.2,0.4000000000000001,0,1
img_0147.jpg,135,5,96,100,100,87,94,96,95.4,4.8,0,1
img_0135.jpg,314,5,104,108,100,58,78,100,89.6,18.906083676954356,0,1
img_0145.jpg,161,5,77,72,67,74,78,74,73.6,3.9293765408777,0,1
img_0129.jpg,311,5,100,100,108,103,104,103,103.0,2.9664793948382653,0,1
img_0141.jpg,171,5,100,107,107,113,104,107,106.2,4.261455150532504,0,1
img_0132.jpg,294,5,100,100,137,142,100,100,115.8,19.415457759218555,0,1
img_0148.jpg,819,5,100,100,112,123,1,100,87.2,43.94268994952402,0,1
img_0138.jpg,632,5,120,332,232,300,227,232,242.2,73.03807226371737,0,1
img_0134.jpg,152,5,100,100,100,100,100,100,100.0,0.0,0,1
img_0137.jpg,751,5,100,102,147,123,100,102,114.4,18.467268341582084,0,1
img_0144.jpg,446,5,100,101,100,120,104,101,105.0,7.64198926981712,0,1
img_0143.jpg,810,5,1000,1000,200,237,1000,1000,687.4,383.0339932695269,0,1
img_0149.jpg,390,5,100,113,2,103,2,100,64.0,50.805511512039715,0,1
img_0151.jpg,648,5,127,108,130,128,100,127,118.6,12.2245654319489,0,1
img_0142.jpg,353,5,224,227,139,228,172,224,198.0,36.260170986910694,0,1
img_0146.jpg,387,5,198,150,122,120,174,150,152.8,30.082553083141065,0,1
img_0140.jpg,398,5,100,172,157,100,198,157,145.4,39.322258327822425,0,1
img_0150.jpg,396,5,128,102,128,137,108,128,120.6,13.29059818066892,0,1
img_0139.jpg,428,5,143,228,187,238,170,187,193.2,35.53814851676998,0,1
img_0136.jpg,652,5,1000,1200,1000,1000,1000,1000,1040.0,80.0,0,1
img_0152.jpg,901,5,247,198,210,143,210,210,201.6,33.61309268722531,0,1
img_0155.jpg,845,5,1000,1,1000,1000,1,1000,600.4,489.408050608079,0,1
img_0153.jpg,641,5,151,227,170,100,234,170,176.4,49.802007991646285,0,1
img_0154.jpg,354,5,100,123,100,97,103,100,104.6,9.393614852653904,0,1
img_0175.jpg,117,5,100,100,100,102,100,100,100.4,0.8,0,1
img_0162.jpg,279,5,137,120,120,122,120,120,123.8,6.645299090334459,0,1
img_0156.jpg,2075,5,1000,1000,1000,1000,200,1000,840.0,320.0,0,1
img_0176.jpg,326,5,42,50,58,35,68,50,50.6,11.62067123706716,0,1
img_0163.jpg,372,5,147,188,137,127,154,147,150.6,20.8096131631513,0,1
img_0159.jpg,469,5,100,100,100,104,103,100,101.4,1.7435595774162693,0,1
img_0157.jpg,471,5,128,100,200,182,204,182,162.8,41.48445491988536,0,1
img_0170.jpg,148,5,107,100,108,100,103,103,103.6,3.3823069050575527,0,1
img_0168.jpg,138,5,100,100,100,100,100,100,100.0,0.0,0,1
img_0161.jpg,313,5,120,100,100,100,118,100,107.6,9.329523031752482,0,1
img_0169.jpg,174,5,100,82,84,82,82,82,86.0,7.042726744663604,0,1
img_0172.jpg,110,5,37,47,38,57,49,47,45.6,7.418894796396563,0,1
img_0165.jpg,198,5,114,100,100,107,100,100,104.2,5.6,0,1
img_0158.jpg,247,5,111,117,100,122,118,117,113.6,7.657675887630659,0,1
img_0160.jpg,1063,5,182,100,216,131,177,177,161.2,40.84801096748776,0,1
img_0174.jpg,259,5,100,120,100,100,100,100,104.0,8.0,0,1
img_0164.jpg,1586,5,1000,1000,1000,1000,1000,1000,1000.0,0.0,0,1
img_0167.jpg,4195,5,1000,1000,1000,1000,1000,1000,1000.0,0.0,0,1
img_0166.jpg,2315,5,1000,1000,1000,1000,1000,1000,1000.0,0.0,0,1
img_0173.jpg,883,5,133,204,100,132,201,133,154.0,41.352146256270665,0,1
img_0177.jpg,272,5,100,113,100,102,123,102,107.6,9.090654541890808,0,1
img_0171.jpg,608,5,214,238,230,254,254,238,238.0,15.17893276880822,0,1
img_0179.jpg,2021,5,1,1,1,2,39,1,8.8,15.104966070799364,0,1
img_0187.jpg,403,5,1,1,1,1,1,1,1.0,0.0,0,1
img_0189.jpg,122,5,50,53,57,53,52,53,53.0,2.280350850198276,0,1
img_0191.jpg,532,5,1,238,1,227,217,217,136.8,111.07907093597785,0,1
img_0178.jpg,400,5,101,54,53,49,100,54,71.4,23.820999139414784,0,1
img_0182.jpg,269,5,112,100,100,100,100,100,102.4,4.800000000000001,0,1
img_0185.jpg,507,5,52,28,30,20,42,30,34.4,11.271202242884296,0,1
img_0181.jpg,466,5,202,108,108,100,37,108,111.0,52.71811832757311,0,1
img_0186.jpg,158,5,78,77,100,100,37,78,78.4,23.01825362619849,0,1
img_0184.jpg,2166,5,327,243,332,328,1,327,246.2,127.05494874266016,0,1
img_0183.jpg,1758,5,2,355,208,200,2,200,153.4,135.38035307975824,0,1
img_0190.jpg,732,5,104,100,188,200,138,138,146.0,41.53071152773571,0,1
img_0194.jpg,159,5,100,100,102,110,113,102,105.0,5.440588203494177,0,1
img_0195.jpg,211,5,143,113,100,108,108,108,114.4,14.894294209528695,0,1
img_0180.jpg,1315,5,188,120,237,288,248,237,216.2,57.70407264656456,0,1
img_0193.jpg,210,5,128,138,100,112,110,112,117.6,13.588230201170422,0,1
img_0196.jpg,287,5,128,120,100,108,100,108,111.2,11.142710621747295,0,1
img_0188.jpg,275,5,122,152,100,114,118,118,121.2,17.0926884953772,0,1
img_0197.jpg,165,5,69,68,70,64,76,69,69.4,3.8781438859330635,0,1
img_0192.jpg,195,5,108,102,122,149,112,112,118.6,16.53602128687551,0,1
img_0198.jpg,104,5,48,53,57,67,59,57,56.8,6.337191807101944,0,1
img_0199.jpg,263,5,100,122,104,104,120,104,110.0,9.121403400793104,0,1
img_0202.jpg,864,5,1,1,241,1,1,1,49.0,96.0,0,1
img_0201.jpg,719,5,183,108,184,132,142,142,149.8,29.65400478856102,0,1
img_0200.jpg,299,5,100,100,148,114,100,100,112.4,18.607525359380812,0,1
img_0206.jpg,2870,5,1,1,1,1,1,1,1.0,0.0,0,1
img_0207.jpg,463,5,100,30,2,45,1,30,35.6,36.313083041790875,0,1
img_0204.jpg,522,5,100,101,50,120,79,100,90.0,23.84114091229696,0,1
img_0203.jpg,368,5,52,108,69,62,37,62,65.6,23.77057003944163,0,1
img_0205.jpg,778,5,20,48,50,32,71,48,44.2,17.325126262166172,0,1
img_0209.jpg,143,5,107,147,1,108,100,107,92.6,48.68100245475642,0,1
img_0215.jpg,1048,5,1,1,1,1,1,1,1.0,0.0,0,1
img_0210.jpg,421,5,1,108,1,1,1,1,22.4,42.8,0,1
img_0218.jpg,712,5,1,123,100,114,1,100,67.8,55.03235412009921,0,1
img_0213.jpg,266,5,100,102,108,127,100,102,107.4,10.229369482035539,0,1
img_0217.jpg,1775,5,102,100,100,102,100,100,100.8,0.9797958971132712,0,1
img_0208.jpg,204,5,118,124,153,134,148,134,135.4,13.440238093129155,0,1
img_0211.jpg,434,5,127,108,1,120,127,120,96.6,48.30155277007148,0,1
img_0216.jpg,593,5,127,137,103,132,120,127,123.8,11.822013364905319,0,1
img_0214.jpg,514,5,154,158,102,147,203,154,152.8,32.13347164562211,0,1
img_0219.jpg,535,5,173,244,277,253,223,244,234.0,35.077058029430006,0,1
img_0212.jpg,218,5,122,128,112,102,122,122,117.2,9.173875952943773,0,1
img_0220.jpg,2746,5,1000,1000,1000,1000,1,1000,800.2,399.6,0,1
img_0222.jpg,1890,5,1,1,207,1,578,1,157.6,224.83202618844138,0,1
img_0223.jpg,1826,5,398,1,1,1,1,1,80.4,158.8,0,1
img_0221.jpg,1709,5,333,104,533,377,387,377,346.8,138.80979792507443,0,1
img_0226.jpg,1665,5,123,1000,37,1000,1000,1000,632.0,451.52585750984406,0,1
img_0225.jpg,1191,5,22,1,1,1,243,1,53.6,95.04861913778653,0,1
img_0227.jpg,612,5,140,120,132,172,130,132,138.8,17.780888616714297,0,1
img_0224.jpg,379,5,102,142,120,104,140,120,121.6,17.036431551237484,0,1
img_0231.jpg,682,5,120,100,100,2,100,100,84.4,41.92183202103649,0,1
img_0230.jpg,1454,5,1,100,1,31,1,1,26.8,38.400000000000006,0,1
img_0241.jpg,207,5,73,64,37,59,120,64,70.6,27.397810131468535,0,1
img_0235.jpg,125,5,100,104,103,112,100,103,103.8,4.4,0,1
img_0243.jpg,289,5,100,108,100,100,100,100,101.6,3.1999999999999997,0,1
img_0236.jpg,267,5,100,150,111,158,100,111,123.8,25.110953785151214,0,1
img_0234.jpg,244,5,124,140,132,120,112,124,125.6,9.666436778875656,0,1
img_0238.jpg,170,5,100,100,100,100,100,100,100.0,0.0,0,1
img_0229.jpg,699,5,142,147,127,117,100,127,126.6,17.04816705690087,0,1
img_0239.jpg,306,5,134,108,120,120,123,120,121.0,8.294576541331088,0,1
img_0242.jpg,238,5,120,100,102,100,100,100,104.4,7.8383671769061705,0,1
img_0240.jpg,329,5,10,37,40,30,33,33,30.0,10.564090116995406,0,1
img_0245.jpg,308,5,34,54,57,57,59,57,52.2,9.239047569960878,0,1
img_0228.jpg,172,5,131,128,124,123,114,124,124.0,5.761944116355173,0,1
img_0237.jpg,178,5,118,118,100,124,100,118,112.0,10.039920318408907,0,1
img_0232.jpg,419,5,127,108,104,107,100,107,109.2,9.325234581499814,0,1
img_0233.jpg,332,5,107,103,101,112,117,107,108.0,5.865151319446072,0,1
img_0244.jpg,228,5,100,100,100,100,100,100,100.0,0.0,0,1
img_0250.jpg,65,5,48,35,57,34,42,42,43.2,8.565045242145542,0,1
img_0249.jpg,83,5,55,54,54,55,59,55,55.4,1.8547236990991407,0,1
img_0251.jpg,184,5,1,147,133,1,100,100,76.4,63.42743885732735,0,1
img_0246.jpg,1036,5,100,100,102,100,200,100,120.4,39.80753697479913,0,1
img_0247.jpg,214,5,110,100,100,87,118,100,103.0,10.469001862641921,0,1
img_0248.jpg,205,5,108,59,68,100,100,100,87.0,19.616319736382767,0,1
img_0257.jpg,2371,5,1,1,1,1,1,1,1.0,0.0,0,1
img_0252.jpg,340,5,172,103,134,1,102,103,102.4,56.78943563727324,0,1
img_0253.jpg,163,5,11,38,2,38,27,27,23.2,14.496896219536097,0,1
img_0264.jpg,225,5,100,100,100,87,2,100,77.8,38.23297006511527,0,1
img_0265.jpg,245,5,100,100,100,102,100,100,100.4,0.8,0,1
img_0263.jpg,258,5,100,120,100,107,100,100,105.4,7.787168933572715,0,1
img_0267.jpg,1103,5,1000,1000,1000,1000,1000,1000,1000.0,0.0,0,1
img_0268.jpg,1400,5,300,1000,1000,1000,123,1000,684.6,390.31863906300964,0,1
img_0269.jpg,3304,5,1000,1,1,1000,1,1,400.6,489.408050608079,0,1
img_0258.jpg,994,5,248,273,257,324,1,257,220.6,112.90456146675385,0,1
img_0262.jpg,550,5,100,200,100,100,100,100,120.0,40.0,0,1
img_0261.jpg,343,5,100,100,100,187,100,100,117.4,34.8,0,1
img_0259.jpg,338,5,100,120,113,100,122,113,111.0,9.465727652959385,0,1
img_0260.jpg,2116,5,122,1000,1234,1000,1000,1000,871.2,385.40700564468204,0,1
img_0255.jpg,3970,5,1000,1,1000,1000,1000,1000,800.2,399.6000000000001,0,1
img_0256.jpg,2240,5,1,1000,1000,1000,385,1000,677.2,413.5763049305412,0,1
img_0266.jpg,3653,5,10000,100000,100000,0,10000,10000,44000.0,45869.37976471886,1,1
img_0254.jpg,829,5,230,187,200,144,207,200,193.6,28.457687889215453,0,1
img_0271.jpg,916,5,2,39,1,27,2,2,14.2,15.816447135814036,0,1
img_0270.jpg,276,5,100,245,237,100,218,218,180.0,65.9059936576333,0,1
img_0281.jpg,871,5,1,1,1,1,1,1,1.0,0.0,0,1
img_0280.jpg,558,5,1,2,1,2,2,2,1.6,0.4898979485566356,0,1
img_0273.jpg,948,5,373,278,100,331,1,278,216.6,142.40589875422998,0,1
img_0278.jpg,518,5,210,183,204,208,200,204,201.0,9.633275663033837,0,1
img_0277.jpg,259,5,58,77,101,77,58,77,74.2,15.866946776238963,0,1
img_0290.jpg,556,5,1,2,1,2,231,2,47.4,91.80108931815569,0,1
img_0283.jpg,241,5,104,108,102,120,120,108,110.8,7.756287771866127,0,1
img_0272.jpg,1798,5,1000,1000,1000,123,1000,1000,824.6,350.8,0,1
img_0274.jpg,457,5,198,243,214,234,300,234,237.8,34.81608823518231,0,1
img_0279.jpg,560,5,200,100,1,100,1000,100,280.2,365.3603153053161,0,1
img_0276.jpg,302,5,202,202,100,187,128,187,163.8,41.97332486234561,0,1
img_0275.jpg,1070,5,208,257,337,353,214,257,273.8,60.753271516849196,0,1
img_0286.jpg,937,5,1,2,1,38,1,1,8.6,14.705101155721437,0,1
img_0292.jpg,260,5,118,100,152,134,128,128,126.4,17.22324011328879,0,1
img_0291.jpg,357,5,1,1,1,1,1,1,1.0,0.0,0,1
img_0282.jpg,574,5,191,207,247,224,100,207,193.8,50.44363190730818,0,1
img_0289.jpg,251,5,120,111,100,124,100,111,111.0,9.919677414109795,0,1
img_0293.jpg,1433,5,300,333,287,337,390,333,329.4,35.79161913074065,0,1
img_0287.jpg,229,5,102,100,100,100,100,100,100.4,0.8,0,1
img_0285.jpg,582,5,388,382,284,207,330,330,318.2,67.25592910665944,0,1
img_0288.jpg,216,5,102,108,103,120,117,108,110.0,7.293833011524188,0,1
img_0284.jpg,376,5,208,229,238,227,232,229,226.8,10.107423014794623,0,1
img_0301.jpg,207,5,100,1,118,1,1,1,44.2,53.21428379674013,0,1
img_0304.jpg,2593,5,0,0,0,0,0,0,0.0,0.0,5,1
img_0299.jpg,165,5,100,112,102,100,100,100,102.8,4.664761515876241,0,1
img_0309.jpg,663,5,1,1,348,2,1,1,70.6,138.70054073434608,0,1
img_0307.jpg,1077,5,301,309,250,200,339,301,279.8,49.11781754109195,0,1
img_0296.jpg,1341,5,122,100,103,145,137,122,121.4,17.872884490199112,0,1
img_0298.jpg,284,5,122,128,147,143,147,143,137.4,10.403845442911962,0,1
img_0302.jpg,315,5,250,238,236,234,220,236,235.6,9.58331884056875,0,1
img_0306.jpg,2702,5,2,1,1,1,1,1,1.2,0.4000000000000001,0,1
img_0308.jpg,3568,5,2,38,1,2,200,2,48.6,76.99766230217642,0,1
img_0305.jpg,654,5,200,123,222,174,198,198,183.4,33.8088745745847,0,1
img_0294.jpg,791,5,217,200,100,182,173,182,174.4,40.16266923400386,0,1
img_0313.jpg,465,5,1,1,123,1,1,1,25.4,48.8,0,1
img_0297.jpg,429,5,128,102,120,117,102,117,113.8,10.283968105745952,0,1
img_0310.jpg,642,5,1,104,100,107,122,104,86.8,43.540326135664166,0,1
img_0311.jpg,909,5,325,1,287,204,238,238,211.0,112.82730166054668,0,1
img_0312.jpg,270,5,148,100,157,123,123,123,130.2,20.252407264322926,0,1
img_0295.jpg,1477,5,318,188,338,397,140,318,276.2,96.4248930515352,0,1
img_0300.jpg,236,5,193,187,100,147,100,147,145.4,40.30186099921442,0,1
img_0303.jpg,2154,5,1000,1000,1000,1000,1000,1000,1000.0,0.0,0,1
img_0314.jpg,820,5,1,2,1,2,1,1,1.4,0.4898979485566356,0,1
img_0317.jpg,811,5,220,175,177,143,284,177,199.8,48.70071868052873,0,1
img_0315.jpg,383,5,104,141,216,120,100,120,136.2,42.42829244737525,0,1
img_0316.jpg,973,5,1000,1000,578,207,1000,1000,757.0,319.90248514195696,0,1
img_0321.jpg,2472,5,1,1,1,1,1,1,1.0,0.0,0,1
img_0332.jpg,770,5,1,1,32,100,39,32,34.6,36.224853346839105,0,1
img_0325.jpg,1659,5,1,1,2,1,2,1,1.4,0.4898979485566356,0,1
img_0334.jpg,1508,5,1,1,1,1000,1,1,200.8,399.6,0,1
img_0327.jpg,1408,5,1,2,1,1,1,1,1.2,0.4000000000000001,0,1
img_0328.jpg,426,5,227,200,197,351,100,200,215.0,80.5158369514967,0,1
img_0320.jpg,2414,5,1,1,1,1000,248,1,250.2,386.91259994991117,0,1
img_0326.jpg,165,5,100,120,123,108,108,108,111.8,8.49470423263812,0,1
img_0324.jpg,650,5,123,300,100,100,200,123,164.6,77.02363273697236,0,1
img_0329.jpg,962,5,238,198,202,275,192,202,221.0,31.41973901864877,0,1
img_0319.jpg,922,5,1,148,149,171,142,148,122.2,61.395113812094195,0,1
img_0318.jpg,1616,5,300,1000,1000,1,300,300,520.2,406.684349342337,0,1
img_0330.jpg,1668,5,1000,1000,1000,1000,1000,1000,1000.0,0.0,0,1
img_0333.jpg,601,5,67,1000,1000,384,1000,1000,690.2,392.4448496285816,0,1
img_0331.jpg,2607,5,1000,1174,1000,1000,1000,1000,1034.8,69.60000000000001,0,1
img_0323.jpg,2033,5,1000,1000,1,1000,1000,1000,800.2,399.6,0,1
img_0322.jpg,1613,5,204,1000,387,1000,1000,1000,718.2,349.95108229579745,0,1
