item,gt,pred,parse_ok,raw,latency_s
9999937_00000_d_0000168__1116_278,3,3,1,"```json
{""count"": 3}
```",1.68
9999998_00221_d_0000177__1200_600,1,2,1,"```json
{""count"": 2}
```",1.69
9999974_00000_d_0000019__1200_278,1,0,1,"```json
{""count"": 0}
```",1.69
9999977_00000_d_0000055__0_0,1,0,1,"```json
{""count"": 0}
```",1.69
9999955_00000_d_0000046__600_0,2,2,1,"```json
{""count"": 2}
```",1.7
9999977_00000_d_0000047__0_278,3,2,1,"```json
{""count"": 2}
```",1.7
9999984_00000_d_0000155__600_250,2,3,1,"```json
{""count"": 3}
```",1.7
9999982_00000_d_0000059__0_0,3,2,1,"```json
{""count"": 2}
```",1.7
0000249_00603_d_0000003__160_0,4,0,1,"```json
{""count"": 0}
```",1.62
0000366_08233_d_0000814__0_0,4,10,1,"```json
{""count"": 10}
```",1.62
9999990_00000_d_0000012__0_250,5,4,1,"```json
{""count"": 4}
```",1.6
9999945_00000_d_0000179__0_0,5,1,1,"```json
{""count"": 1}
```",1.62
9999951_00000_d_0000332__0_0,4,5,1,"```json
{""count"": 5}
```",1.62
9999977_00000_d_0000002__1116_278,5,5,1,"```json
{""count"": 5}
```",1.62
9999977_00000_d_0000001__600_278,5,4,1,"```json
{""count"": 4}
```",1.61
9999984_00000_d_0000158__600_250,5,2,1,"```json
{""count"": 2}
```",1.62
9999997_00000_d_0000019__600_0,5,1,1,"```json
{""count"": 1}
```",1.62
9999955_00000_d_0000184__600_0,7,2,1,"```json
{""count"": 2}
```",1.62
0000271_07201_d_0000408__600_0,8,5,1,"```json
{""count"": 5}
```",1.61
9999942_00000_d_0000254__0_0,7,5,1,"```json
{""count"": 5}
```",1.62
9999998_00090_d_0000073__1200_700,7,2,1,"```json
{""count"": 2}
```",1.62
9999984_00000_d_0000094__0_250,6,5,1,"```json
{""count"": 5}
```",1.63
0000228_00001_d_0000001__1120_0,8,1,1,"```json
{""count"": 1}
```",1.62
0000126_11844_d_0000130__1200_0,8,2,1,"```json
{""count"": 2}
```",1.63
9999977_00000_d_0000051__1116_278,8,7,1,"```json
{""count"": 7}
```",1.63
9999984_00000_d_0000092__600_250,10,5,1,"```json
{""count"": 5}
```",1.63
0000101_01189_d_0000017__0_0,9,7,1,"```json
{""count"": 7}
```",1.63
9999997_00000_d_0000065__0_250,8,2,1,"```json
{""count"": 2}
```",1.63
0000024_01000_d_0000014__160_0,10,5,1,"```json
{""count"": 5}
```",1.63
9999937_00000_d_0000161__1200_278,11,5,1,"```json
{""count"": 5}
```",1.62
9999965_00000_d_0000033__0_0,12,5,1,"```json
{""count"": 5}
```",1.63
0000303_03601_d_0000201__600_0,12,2,1,"```json
{""count"": 2}
```",1.63
9999981_00000_d_0000012__600_250,12,7,1,"```json
{""count"": 7}
```",1.61
0000366_06273_d_0000808__560_0,13,8,1,"```json
{""count"": 8}
```",1.6
9999994_00000_d_0000094__0_0,12,0,1,"```json
{""count"": 0}
```",1.61
9999937_00000_d_0000007__0_0,13,5,1,"```json
{""count"": 5}
```",1.6
9999987_00000_d_0000019__0_0,12,5,1,"```json
{""count"": 5}
```",1.61
0000174_00801_d_0000001__160_0,13,10,1,"```json
{""count"": 10}
```",1.61
9999984_00000_d_0000093__0_250,13,8,1,"```json
{""count"": 8}
```",1.6
9999987_00000_d_0000018__600_0,12,2,1,"```json
{""count"": 2}
```",1.62
9999984_00000_d_0000105__600_250,13,10,1,"```json
{""count"": 10}
```",1.63
9999984_00000_d_0000102__0_250,15,10,1,"```json
{""count"": 10}
```",1.62
9999951_00000_d_0000001__600_0,15,10,1,"```json
{""count"": 10}
```",1.63
9999937_00000_d_0000161__1116_278,14,5,1,"```json
{""count"": 5}
```",1.63
0000213_02500_d_0000240__600_0,15,1,1,"```json
{""count"": 1}
```",1.63
0000126_11844_d_0000130__1120_280,15,5,1,"```json
{""count"": 5}
```",1.63
9999984_00000_d_0000093__0_0,15,8,1,"```json
{""count"": 8}
```",1.63
9999984_00000_d_0000071__0_250,14,6,1,"```json
{""count"": 6}
```",1.64
0000197_02416_d_0000152__0_0,18,2,1,"```json
{""count"": 2}
```",1.63
9999982_00000_d_0000007__0_250,20,10,1,"```json
{""count"": 10}
```",1.63
0000244_05400_d_0000012__160_0,19,10,1,"```json
{""count"": 10}
```",1.63
9999987_00000_d_0000004__600_250,21,10,1,"```json
{""count"": 10}
```",1.63
9999951_00000_d_0000010__600_0,21,14,1,"```json
{""count"": 14}
```",1.63
9999987_00000_d_0000031__600_250,22,10,1,"```json
{""count"": 10}
```",1.62
9999951_00000_d_0000313__0_0,22,15,1,"```json
{""count"": 15}
```",1.63
9999984_00000_d_0000033__0_250,21,10,1,"```json
{""count"": 10}
```",1.64
0000193_02606_d_0000117__160_0,25,10,1,"```json
{""count"": 10}
```",1.6
9999951_00000_d_0000327__0_0,31,14,1,"```json
{""count"": 14}
```",1.6
9999987_00000_d_0000009__0_0,29,14,1,"```json
{""count"": 14}
```",1.6
9999966_00000_d_0000015__600_250,33,9,1,"```json
{""count"": 9}
```",1.6
9999951_00000_d_0000283__600_0,38,15,1,"```json
{""count"": 15}
```",1.59
0000270_03801_d_0000372__0_0,26,10,1,"```json
{""count"": 10}
```",1.61
9999987_00000_d_0000023__0_0,34,15,1,"```json
{""count"": 15}
```",1.6
9999951_00000_d_0000314__0_0,28,15,1,"```json
{""count"": 15}
```",1.61
9999987_00000_d_0000018__0_250,38,13,1,"```json
{""count"": 13}
```",1.62
9999955_00000_d_0000021__0_0,40,0,1,"```json
{""count"": 0}
```",1.62
9999951_00000_d_0000282__600_0,41,15,1,"```json
{""count"": 15}
```",1.62
9999955_00000_d_0000225__600_0,49,25,1,"```json
{""count"": 25}
```",1.62
9999989_00000_d_0000006__600_250,48,15,1,"```json
{""count"": 15}
```",1.62
9999951_00000_d_0000272__0_0,58,25,1,"```json
{""count"": 25}
```",1.62
9999955_00000_d_0000156__600_0,51,15,1,"```json
{""count"": 15}
```",1.63
9999955_00000_d_0000224__600_0,123,25,1,"```json
{""count"": 25}
```",1.62
