item,n,r,px_per_obj,pred,parse_ok,abstain,raw,latency_s
n50_r4_2,50,4,64,40,1,0,"{""count"": 40}",3.43
n50_r2_13,50,2,16,40,1,0,"{""count"": 40}",4.07
n50_r4_8,50,4,64,40,1,0,"{""count"": 40}",4.18
n50_r4_5,50,4,64,40,1,0,"{""count"": 40}",4.83
n50_r2_17,50,2,16,40,1,0,"{""count"": 40}",4.95
n50_r2_8,50,2,16,40,1,0,"{""count"": 40}",5.59
n50_r2_12,50,2,16,40,1,0,"{""count"": 40}",5.72
n50_r2_0,50,2,16,40,1,0,"{""count"": 40}",6.37
n50_r4_3,50,4,64,40,1,0,"{""count"": 40}",6.48
n50_r2_14,50,2,16,40,1,0,"{""count"": 40}",7.13
n50_r2_1,50,2,16,40,1,0,"{""count"": 40}",7.25
n50_r4_10,50,4,64,38,1,0,"{""count"": 38}",7.89
n50_r2_3,50,2,16,40,1,0,"{""count"": 40}",8.02
n50_r2_4,50,2,16,40,1,0,"{""count"": 40}",8.67
n50_r2_2,50,2,16,40,1,0,"{""count"": 40}",8.79
n50_r2_5,50,2,16,40,1,0,"{""count"": 40}",9.43
n50_r2_16,50,2,16,40,1,0,"{""count"": 40}",9.55
n50_r2_9,50,2,16,40,1,0,"{""count"": 40}",10.20
n50_r4_6,50,4,64,40,1,0,"{""count"": 40}",10.32
n50_r2_18,50,2,16,40,1,0,"{""count"": 40}",10.97
n50_r4_9,50,4,64,40,1,0,"{""count"": 40}",11.08
n50_r2_15,50,2,16,40,1,0,"{""count"": 40}",11.74
n50_r4_7,50,4,64,40,1,0,"{""count"": 40}",11.85
n50_r2_10,50,2,16,40,1,0,"{""count"": 40}",12.49
n50_r2_19,50,2,16,40,1,0,"{""count"": 40}",12.62
n50_r4_1,50,4,64,36,1,0,"{""count"": 36}",13.26
n50_r2_6,50,2,16,40,1,0,"{""count"": 40}",13.39
n50_r4_11,50,4,64,36,1,0,"{""count"": 36}",14.03
n50_r4_0,50,4,64,40,1,0,"{""count"": 40}",14.15
n50_r2_11,50,2,16,40,1,0,"{""count"": 40}",14.80
n50_r4_4,50,4,64,36,1,0,"{""count"": 36}",14.92
n50_r2_7,50,2,16,30,1,0,"{""count"": 30}",15.56
n50_r4_12,50,4,64,40,1,0,"{""count"": 40}",12.26
n50_r4_13,50,4,64,40,1,0,"{""count"": 40}",12.26
n50_r4_14,50,4,64,40,1,0,"{""count"": 40}",12.27
n50_r4_15,50,4,64,40,1,0,"{""count"": 40}",12.27
n50_r4_16,50,4,64,40,1,0,"{""count"": 40}",12.27
n50_r4_17,50,4,64,35,1,0,"{""count"": 35}",12.27
n50_r4_18,50,4,64,40,1,0,"{""count"": 40}",12.27
n50_r4_19,50,4,64,40,1,0,"{""count"": 40}",12.27
n50_r8_0,50,8,256,40,1,0,"{""count"": 40}",12.27
n50_r8_1,50,8,256,40,1,0,"{""count"": 40}",12.27
n50_r8_2,50,8,256,40,1,0,"{""count"": 40}",12.27
n50_r8_3,50,8,256,40,1,0,"{""count"": 40}",12.27
n50_r8_4,50,8,256,40,1,0,"{""count"": 40}",12.27
n50_r8_5,50,8,256,40,1,0,"{""count"": 40}",12.27
n50_r8_6,50,8,256,40,1,0,"{""count"": 40}",12.27
n50_r8_7,50,8,256,36,1,0,"{""count"": 36}",12.27
n50_r8_8,50,8,256,40,1,0,"{""count"": 40}",12.27
n50_r8_9,50,8,256,40,1,0,"{""count"": 40}",12.27
n50_r8_10,50,8,256,40,1,0,"{""count"": 40}",12.27
n50_r8_11,50,8,256,40,1,0,"{""count"": 40}",12.27
n50_r8_12,50,8,256,40,1,0,"{""count"": 40}",12.27
n50_r8_13,50,8,256,40,1,0,"{""count"": 40}",12.27
n50_r8_14,50,8,256,40,1,0,"{""count"": 40}",12.27
n50_r8_15,50,8,256,40,1,0,"{""count"": 40}",12.27
n50_r8_16,50,8,256,36,1,0,"{""count"": 36}",12.27
n50_r8_17,50,8,256,40,1,0,"{""count"": 40}",12.27
n50_r8_18,50,8,256,40,1,0,"{""count"": 40}",12.27
n50_r8_19,50,8,256,40,1,0,"{""count"": 40}",12.27
n50_r16_0,50,16,1024,40,1,0,"{""count"": 40}",12.27
n50_r16_1,50,16,1024,35,1,0,"{""count"": 35}",12.27
n50_r16_2,50,16,1024,37,1,0,"{""count"": 37}",12.27
n50_r16_3,50,16,1024,35,1,0,"{""count"": 35}",12.27
n50_r16_4,50,16,1024,40,1,0,"{""count"": 40}",12.27
n50_r16_5,50,16,1024,40,1,0,"{""count"": 40}",12.27
n50_r16_6,50,16,1024,36,1,0,"{""count"": 36}",12.27
n50_r16_7,50,16,1024,36,1,0,"{""count"": 36}",12.27
n50_r16_8,50,16,1024,35,1,0,"{""count"": 35}",12.27
n50_r16_9,50,16,1024,35,1,0,"{""count"": 35}",12.27
n50_r16_10,50,16,1024,36,1,0,"{""count"": 36}",12.27
n50_r16_11,50,16,1024,35,1,0,"{""count"": 35}",12.27
n50_r16_12,50,16,1024,40,1,0,"{""count"": 40}",12.27
n50_r16_13,50,16,1024,35,1,0,"{""count"": 35}",12.27
n50_r16_14,50,16,1024,40,1,0,"{""count"": 40}",12.27
n50_r16_15,50,16,1024,35,1,0,"{""count"": 35}",12.27
n50_r16_16,50,16,1024,40,1,0,"{""count"": 40}",12.27
n50_r16_17,50,16,1024,36,1,0,"{""count"": 36}",12.27
n50_r16_18,50,16,1024,36,1,0,"{""count"": 36}",12.27
n50_r16_19,50,16,1024,40,1,0,"{""count"": 40}",12.27
n100_r2_0,100,2,16,100,1,0,"{""count"": 100}",12.92
n100_r2_1,100,2,16,100,1,0,"{""count"": 100}",12.39
n100_r2_2,100,2,16,100,1,0,"{""count"": 100}",12.92
n100_r2_3,100,2,16,100,1,0,"{""count"": 100}",12.39
n100_r2_4,100,2,16,100,1,0,"{""count"": 100}",12.92
n100_r2_5,100,2,16,100,1,0,"{""count"": 100}",12.40
n100_r2_6,100,2,16,100,1,0,"{""count"": 100}",12.93
n100_r2_7,100,2,16,100,1,0,"{""count"": 100}",12.40
n100_r2_8,100,2,16,100,1,0,"{""count"": 100}",12.93
n100_r2_9,100,2,16,80,1,0,"{""count"": 80}",12.28
n100_r2_10,100,2,16,80,1,0,"{""count"": 80}",12.28
n100_r2_11,100,2,16,80,1,0,"{""count"": 80}",12.28
n100_r2_12,100,2,16,80,1,0,"{""count"": 80}",12.28
n100_r2_13,100,2,16,100,1,0,"{""count"": 100}",12.41
n100_r2_14,100,2,16,100,1,0,"{""count"": 100}",12.93
n100_r2_15,100,2,16,100,1,0,"{""count"": 100}",12.41
n100_r2_16,100,2,16,100,1,0,"{""count"": 100}",12.93
n100_r2_17,100,2,16,80,1,0,"{""count"": 80}",12.29
n100_r2_19,100,2,16,80,1,0,"{""count"": 80}",12.29
n100_r2_18,100,2,16,100,1,0,"{""count"": 100}",12.94
n100_r4_0,100,4,64,80,1,0,"{""count"": 80}",12.29
n100_r4_1,100,4,64,80,1,0,"{""count"": 80}",12.29
n100_r4_2,100,4,64,80,1,0,"{""count"": 80}",12.29
n100_r4_3,100,4,64,80,1,0,"{""count"": 80}",12.29
n100_r4_4,100,4,64,80,1,0,"{""count"": 80}",12.29
n100_r4_5,100,4,64,80,1,0,"{""count"": 80}",12.29
n100_r4_6,100,4,64,80,1,0,"{""count"": 80}",12.29
n100_r4_7,100,4,64,80,1,0,"{""count"": 80}",12.30
n100_r4_8,100,4,64,80,1,0,"{""count"": 80}",12.29
n100_r4_9,100,4,64,80,1,0,"{""count"": 80}",12.29
n100_r4_10,100,4,64,80,1,0,"{""count"": 80}",12.29
n100_r4_11,100,4,64,80,1,0,"{""count"": 80}",12.29
n100_r4_12,100,4,64,70,1,0,"{""count"": 70}",11.65
n100_r4_13,100,4,64,80,1,0,"{""count"": 80}",12.17
n100_r4_14,100,4,64,80,1,0,"{""count"": 80}",11.64
n100_r4_15,100,4,64,80,1,0,"{""count"": 80}",12.17
n100_r4_16,100,4,64,100,1,0,"{""count"": 100}",12.29
n100_r4_17,100,4,64,80,1,0,"{""count"": 80}",12.16
n100_r4_18,100,4,64,70,1,0,"{""count"": 70}",11.64
n100_r4_19,100,4,64,70,1,0,"{""count"": 70}",12.16
n100_r8_1,100,8,256,80,1,0,"{""count"": 80}",11.63
n100_r8_0,100,8,256,80,1,0,"{""count"": 80}",12.28
n100_r8_2,100,8,256,80,1,0,"{""count"": 80}",12.28
n100_r8_3,100,8,256,80,1,0,"{""count"": 80}",12.28
n100_r8_4,100,8,256,80,1,0,"{""count"": 80}",12.28
n100_r8_5,100,8,256,80,1,0,"{""count"": 80}",12.16
n100_r8_6,100,8,256,80,1,0,"{""count"": 80}",11.64
n100_r8_7,100,8,256,99,1,0,"{""count"": 99}",12.16
n100_r8_8,100,8,256,80,1,0,"{""count"": 80}",11.62
n100_r8_9,100,8,256,99,1,0,"{""count"": 99}",12.28
n100_r8_10,100,8,256,80,1,0,"{""count"": 80}",11.63
n100_r8_11,100,8,256,80,1,0,"{""count"": 80}",12.27
n100_r8_12,100,8,256,80,1,0,"{""count"": 80}",12.27
n100_r8_13,100,8,256,80,1,0,"{""count"": 80}",12.27
n100_r8_14,100,8,256,80,1,0,"{""count"": 80}",12.27
n100_r8_15,100,8,256,80,1,0,"{""count"": 80}",12.27
n100_r8_16,100,8,256,80,1,0,"{""count"": 80}",12.28
n100_r8_17,100,8,256,80,1,0,"{""count"": 80}",12.27
n100_r8_18,100,8,256,80,1,0,"{""count"": 80}",12.27
n100_r8_19,100,8,256,80,1,0,"{""count"": 80}",12.27
n100_r16_0,100,16,1024,80,1,0,"{""count"": 80}",12.27
n100_r16_1,100,16,1024,80,1,0,"{""count"": 80}",12.27
n100_r16_2,100,16,1024,80,1,0,"{""count"": 80}",12.27
n100_r16_3,100,16,1024,80,1,0,"{""count"": 80}",12.27
n100_r16_4,100,16,1024,72,1,0,"{""count"": 72}",12.27
n100_r16_5,100,16,1024,80,1,0,"{""count"": 80}",12.27
n100_r16_6,100,16,1024,80,1,0,"{""count"": 80}",12.27
n100_r16_7,100,16,1024,80,1,0,"{""count"": 80}",12.27
n100_r16_8,100,16,1024,80,1,0,"{""count"": 80}",11.63
n100_r16_9,100,16,1024,80,1,0,"{""count"": 80}",12.27
n100_r16_10,100,16,1024,80,1,0,"{""count"": 80}",12.27
n100_r16_11,100,16,1024,80,1,0,"{""count"": 80}",12.27
n100_r16_12,100,16,1024,80,1,0,"{""count"": 80}",12.27
n100_r16_13,100,16,1024,80,1,0,"{""count"": 80}",12.27
n100_r16_14,100,16,1024,80,1,0,"{""count"": 80}",12.27
n100_r16_15,100,16,1024,80,1,0,"{""count"": 80}",12.27
n100_r16_16,100,16,1024,80,1,0,"{""count"": 80}",12.27
n100_r16_17,100,16,1024,80,1,0,"{""count"": 80}",12.27
n100_r16_18,100,16,1024,80,1,0,"{""count"": 80}",12.27
n100_r16_19,100,16,1024,80,1,0,"{""count"": 80}",12.27
n200_r2_0,200,2,16,100,1,0,"{""count"": 100}",12.92
n200_r2_1,200,2,16,100,1,0,"{""count"": 100}",12.39
n200_r2_2,200,2,16,100,1,0,"{""count"": 100}",12.92
n200_r2_3,200,2,16,100,1,0,"{""count"": 100}",12.39
n200_r2_4,200,2,16,100,1,0,"{""count"": 100}",12.92
n200_r2_5,200,2,16,100,1,0,"{""count"": 100}",12.40
n200_r2_6,200,2,16,100,1,0,"{""count"": 100}",12.92
n200_r2_7,200,2,16,100,1,0,"{""count"": 100}",12.40
n200_r2_8,200,2,16,100,1,0,"{""count"": 100}",12.92
n200_r2_9,200,2,16,100,1,0,"{""count"": 100}",12.40
n200_r2_10,200,2,16,100,1,0,"{""count"": 100}",12.93
n200_r2_11,200,2,16,100,1,0,"{""count"": 100}",12.41
n200_r2_12,200,2,16,199,1,0,"{""count"": 199}",12.93
n200_r2_13,200,2,16,100,1,0,"{""count"": 100}",12.41
n200_r2_14,200,2,16,100,1,0,"{""count"": 100}",12.94
n200_r2_15,200,2,16,100,1,0,"{""count"": 100}",12.41
n200_r2_16,200,2,16,100,1,0,"{""count"": 100}",12.94
n200_r2_17,200,2,16,100,1,0,"{""count"": 100}",12.41
n200_r2_18,200,2,16,100,1,0,"{""count"": 100}",12.94
n200_r2_19,200,2,16,100,1,0,"{""count"": 100}",12.42
n200_r4_0,200,4,64,199,1,0,"{""count"": 199}",12.95
n200_r4_1,200,4,64,198,1,0,"{""count"": 198}",12.42
n200_r4_2,200,4,64,100,1,0,"{""count"": 100}",12.95
n200_r4_3,200,4,64,100,1,0,"{""count"": 100}",12.42
n200_r4_4,200,4,64,100,1,0,"{""count"": 100}",12.95
n200_r4_5,200,4,64,100,1,0,"{""count"": 100}",12.43
n200_r4_6,200,4,64,100,1,0,"{""count"": 100}",12.95
n200_r4_7,200,4,64,100,1,0,"{""count"": 100}",12.43
n200_r4_8,200,4,64,100,1,0,"{""count"": 100}",12.96
n200_r4_9,200,4,64,100,1,0,"{""count"": 100}",12.44
n200_r4_10,200,4,64,100,1,0,"{""count"": 100}",12.96
n200_r4_11,200,4,64,100,1,0,"{""count"": 100}",12.44
n200_r4_12,200,4,64,100,1,0,"{""count"": 100}",12.32
n200_r4_13,200,4,64,198,1,0,"{""count"": 198}",12.32
n200_r4_14,200,4,64,100,1,0,"{""count"": 100}",12.32
n200_r4_15,200,4,64,100,1,0,"{""count"": 100}",12.32
n200_r4_16,200,4,64,100,1,0,"{""count"": 100}",12.32
n200_r4_17,200,4,64,100,1,0,"{""count"": 100}",12.32
n200_r4_18,200,4,64,100,1,0,"{""count"": 100}",12.32
n200_r4_19,200,4,64,100,1,0,"{""count"": 100}",12.32
n200_r8_0,200,8,256,150,1,0,"{""count"": 150}",12.32
n200_r8_1,200,8,256,150,1,0,"{""count"": 150}",12.32
n200_r8_2,200,8,256,199,1,0,"{""count"": 199}",12.32
n200_r8_3,200,8,256,100,1,0,"{""count"": 100}",12.32
n200_r8_4,200,8,256,198,1,0,"{""count"": 198}",12.32
n200_r8_5,200,8,256,100,1,0,"{""count"": 100}",12.32
n200_r8_6,200,8,256,198,1,0,"{""count"": 198}",12.32
n200_r8_7,200,8,256,150,1,0,"{""count"": 150}",12.32
n200_r8_8,200,8,256,100,1,0,"{""count"": 100}",12.32
n200_r8_9,200,8,256,100,1,0,"{""count"": 100}",12.32
n200_r8_10,200,8,256,100,1,0,"{""count"": 100}",12.32
n200_r8_11,200,8,256,100,1,0,"{""count"": 100}",12.32
n200_r8_12,200,8,256,100,1,0,"{""count"": 100}",12.32
n200_r8_13,200,8,256,150,1,0,"{""count"": 150}",12.32
n200_r8_14,200,8,256,198,1,0,"{""count"": 198}",12.32
n200_r8_15,200,8,256,198,1,0,"{""count"": 198}",12.32
n200_r8_16,200,8,256,198,1,0,"{""count"": 198}",12.32
n200_r8_17,200,8,256,198,1,0,"{""count"": 198}",12.32
n200_r8_18,200,8,256,144,1,0,"{""count"": 144}",12.32
n200_r8_19,200,8,256,150,1,0,"{""count"": 150}",12.32
n200_r16_0,200,16,1024,150,1,0,"{""count"": 150}",12.32
n200_r16_1,200,16,1024,150,1,0,"{""count"": 150}",12.32
n200_r16_2,200,16,1024,150,1,0,"{""count"": 150}",12.32
n200_r16_3,200,16,1024,150,1,0,"{""count"": 150}",12.32
n200_r16_4,200,16,1024,144,1,0,"{""count"": 144}",12.32
n200_r16_5,200,16,1024,120,1,0,"{""count"": 120}",12.32
n200_r16_6,200,16,1024,150,1,0,"{""count"": 150}",12.32
n200_r16_7,200,16,1024,150,1,0,"{""count"": 150}",12.32
n200_r16_8,200,16,1024,148,1,0,"{""count"": 148}",12.32
n200_r16_9,200,16,1024,148,1,0,"{""count"": 148}",12.32
n200_r16_10,200,16,1024,148,1,0,"{""count"": 148}",12.32
n200_r16_11,200,16,1024,198,1,0,"{""count"": 198}",12.32
n200_r16_12,200,16,1024,150,1,0,"{""count"": 150}",12.32
n200_r16_13,200,16,1024,198,1,0,"{""count"": 198}",12.32
n200_r16_14,200,16,1024,148,1,0,"{""count"": 148}",12.32
n200_r16_15,200,16,1024,150,1,0,"{""count"": 150}",12.32
n200_r16_16,200,16,1024,150,1,0,"{""count"": 150}",12.32
n200_r16_17,200,16,1024,198,1,0,"{""count"": 198}",12.32
n200_r16_18,200,16,1024,150,1,0,"{""count"": 150}",12.32
n200_r16_19,200,16,1024,150,1,0,"{""count"": 150}",12.32
n400_r2_1,400,2,16,0,1,1,"{""count"": 0}",11.55
n400_r2_0,400,2,16,200,1,0,"{""count"": 200}",12.32
n400_r2_2,400,2,16,0,1,1,"{""count"": 0}",11.55
n400_r2_3,400,2,16,0,1,1,"{""count"": 0}",11.55
n400_r2_4,400,2,16,0,1,1,"{""count"": 0}",11.54
n400_r2_6,400,2,16,0,1,1,"{""count"": 0}",11.54
n400_r2_5,400,2,16,250,1,0,"{""count"": 250}",12.31
n400_r2_7,400,2,16,0,1,1,"{""count"": 0}",11.54
n400_r2_8,400,2,16,250,1,0,"{""count"": 250}",12.31
n400_r2_10,400,2,16,0,1,1,"{""count"": 0}",11.54
n400_r2_9,400,2,16,250,1,0,"{""count"": 250}",12.30
n400_r2_12,400,2,16,0,1,1,"{""count"": 0}",11.53
n400_r2_11,400,2,16,250,1,0,"{""count"": 250}",12.30
n400_r2_13,400,2,16,250,1,0,"{""count"": 250}",12.30
n400_r2_15,400,2,16,0,1,1,"{""count"": 0}",11.53
n400_r2_14,400,2,16,200,1,0,"{""count"": 200}",12.30
n400_r2_16,400,2,16,0,1,1,"{""count"": 0}",11.53
n400_r2_17,400,2,16,250,1,0,"{""count"": 250}",12.29
n400_r2_18,400,2,16,250,1,0,"{""count"": 250}",12.30
n400_r4_1,400,4,64,0,1,1,"{""count"": 0}",11.52
n400_r2_19,400,2,16,250,1,0,"{""count"": 250}",12.29
n400_r4_0,400,4,64,200,1,0,"{""count"": 200}",12.29
n400_r4_3,400,4,64,0,1,1,"{""count"": 0}",11.52
n400_r4_2,400,4,64,200,1,0,"{""count"": 200}",12.29
n400_r4_4,400,4,64,250,1,0,"{""count"": 250}",12.28
n400_r4_5,400,4,64,200,1,0,"{""count"": 200}",12.28
n400_r4_6,400,4,64,200,1,0,"{""count"": 200}",12.29
n400_r4_7,400,4,64,200,1,0,"{""count"": 200}",12.29
n400_r4_9,400,4,64,0,1,1,"{""count"": 0}",11.52
n400_r4_8,400,4,64,200,1,0,"{""count"": 200}",12.29
n400_r4_10,400,4,64,200,1,0,"{""count"": 200}",12.28
n400_r4_11,400,4,64,250,1,0,"{""count"": 250}",12.28
n400_r4_14,400,4,64,0,1,1,"{""count"": 0}",12.28
n400_r4_12,400,4,64,200,1,0,"{""count"": 200}",12.92
n400_r4_13,400,4,64,250,1,0,"{""count"": 250}",12.40
n400_r4_16,400,4,64,0,1,1,"{""count"": 0}",12.28
n400_r4_17,400,4,64,0,1,1,"{""count"": 0}",11.64
n400_r4_15,400,4,64,200,1,0,"{""count"": 200}",13.05
n400_r4_19,400,4,64,250,1,0,"{""count"": 250}",12.92
n400_r4_18,400,4,64,250,1,0,"{""count"": 250}",13.06
n400_r8_0,400,8,256,250,1,0,"{""count"": 250}",12.29
n400_r8_1,400,8,256,200,1,0,"{""count"": 200}",12.41
n400_r8_2,400,8,256,200,1,0,"{""count"": 200}",12.94
n400_r8_3,400,8,256,250,1,0,"{""count"": 250}",12.41
n400_r8_4,400,8,256,250,1,0,"{""count"": 250}",12.94
n400_r8_5,400,8,256,250,1,0,"{""count"": 250}",12.29
n400_r8_6,400,8,256,200,1,0,"{""count"": 200}",12.94
n400_r8_7,400,8,256,200,1,0,"{""count"": 200}",12.42
n400_r8_8,400,8,256,250,1,0,"{""count"": 250}",13.06
n400_r8_9,400,8,256,250,1,0,"{""count"": 250}",12.30
n400_r8_10,400,8,256,200,1,0,"{""count"": 200}",12.29
n400_r8_12,400,8,256,200,1,0,"{""count"": 200}",12.30
n400_r8_11,400,8,256,250,1,0,"{""count"": 250}",12.95
n400_r8_13,400,8,256,250,1,0,"{""count"": 250}",12.43
n400_r8_14,400,8,256,250,1,0,"{""count"": 250}",12.95
n400_r8_15,400,8,256,250,1,0,"{""count"": 250}",12.43
n400_r8_16,400,8,256,200,1,0,"{""count"": 200}",12.31
n400_r8_17,400,8,256,200,1,0,"{""count"": 200}",12.31
n400_r8_18,400,8,256,250,1,0,"{""count"": 250}",12.31
n400_r8_19,400,8,256,200,1,0,"{""count"": 200}",12.31
n400_r16_0,400,16,1024,200,1,0,"{""count"": 200}",12.95
n400_r16_1,400,16,1024,200,1,0,"{""count"": 200}",12.43
n400_r16_2,400,16,1024,250,1,0,"{""count"": 250}",12.31
n400_r16_3,400,16,1024,200,1,0,"{""count"": 200}",12.31
n400_r16_4,400,16,1024,200,1,0,"{""count"": 200}",12.31
n400_r16_5,400,16,1024,250,1,0,"{""count"": 250}",12.43
n400_r16_6,400,16,1024,250,1,0,"{""count"": 250}",12.96
n400_r16_7,400,16,1024,250,1,0,"{""count"": 250}",12.43
n400_r16_8,400,16,1024,200,1,0,"{""count"": 200}",12.96
n400_r16_9,400,16,1024,300,1,0,"{""count"": 300}",13.08
n400_r16_10,400,16,1024,200,1,0,"{""count"": 200}",12.32
n400_r16_11,400,16,1024,250,1,0,"{""count"": 250}",12.32
n400_r16_12,400,16,1024,200,1,0,"{""count"": 200}",12.32
n400_r16_13,400,16,1024,250,1,0,"{""count"": 250}",12.32
n400_r16_14,400,16,1024,200,1,0,"{""count"": 200}",12.32
n400_r16_15,400,16,1024,200,1,0,"{""count"": 200}",12.32
n400_r16_16,400,16,1024,250,1,0,"{""count"": 250}",12.32
n400_r16_17,400,16,1024,200,1,0,"{""count"": 200}",12.32
n800_r2_0,800,2,16,0,1,1,"{""count"": 0}",11.55
n400_r16_18,400,16,1024,200,1,0,"{""count"": 200}",12.32
n400_r16_19,400,16,1024,298,1,0,"{""count"": 298}",12.32
n800_r2_1,800,2,16,0,1,1,"{""count"": 0}",11.55
n800_r2_2,800,2,16,0,1,1,"{""count"": 0}",11.55
n800_r2_3,800,2,16,0,1,1,"{""count"": 0}",11.54
n800_r2_4,800,2,16,0,1,1,"{""count"": 0}",11.54
n800_r2_5,800,2,16,0,1,1,"{""count"": 0}",11.54
n800_r2_6,800,2,16,0,1,1,"{""count"": 0}",11.54
n800_r2_7,800,2,16,0,1,1,"{""count"": 0}",11.54
n800_r2_8,800,2,16,0,1,1,"{""count"": 0}",11.53
n800_r2_9,800,2,16,0,1,1,"{""count"": 0}",11.53
n800_r2_10,800,2,16,0,1,1,"{""count"": 0}",11.53
n800_r2_11,800,2,16,0,1,1,"{""count"": 0}",11.53
n800_r2_12,800,2,16,0,1,1,"{""count"": 0}",11.53
n800_r2_13,800,2,16,0,1,1,"{""count"": 0}",11.52
n800_r2_14,800,2,16,0,1,1,"{""count"": 0}",11.52
n800_r2_15,800,2,16,0,1,1,"{""count"": 0}",11.52
n800_r2_16,800,2,16,0,1,1,"{""count"": 0}",11.52
n800_r2_17,800,2,16,0,1,1,"{""count"": 0}",11.52
n800_r2_18,800,2,16,0,1,1,"{""count"": 0}",11.51
n800_r2_19,800,2,16,0,1,1,"{""count"": 0}",11.51
n800_r4_0,800,4,64,0,1,1,"{""count"": 0}",11.51
n800_r4_1,800,4,64,0,1,1,"{""count"": 0}",11.51
n800_r4_2,800,4,64,0,1,1,"{""count"": 0}",11.50
n800_r4_3,800,4,64,0,1,1,"{""count"": 0}",11.50
n800_r4_4,800,4,64,0,1,1,"{""count"": 0}",11.50
n800_r4_5,800,4,64,0,1,1,"{""count"": 0}",11.50
n800_r4_6,800,4,64,0,1,1,"{""count"": 0}",11.50
n800_r4_7,800,4,64,0,1,1,"{""count"": 0}",11.49
n800_r4_8,800,4,64,0,1,1,"{""count"": 0}",11.49
n800_r4_9,800,4,64,0,1,1,"{""count"": 0}",11.49
n800_r4_10,800,4,64,0,1,1,"{""count"": 0}",11.49
n800_r4_11,800,4,64,0,1,1,"{""count"": 0}",11.60
n800_r4_13,800,4,64,0,1,1,"{""count"": 0}",12.13
n800_r4_12,800,4,64,0,1,1,"{""count"": 0}",12.24
n800_r4_14,800,4,64,0,1,1,"{""count"": 0}",12.25
n800_r4_15,800,4,64,0,1,1,"{""count"": 0}",12.25
n800_r4_16,800,4,64,0,1,1,"{""count"": 0}",12.25
n800_r4_17,800,4,64,0,1,1,"{""count"": 0}",12.25
n800_r4_18,800,4,64,0,1,1,"{""count"": 0}",12.25
n800_r4_19,800,4,64,0,1,1,"{""count"": 0}",12.25
n800_r8_0,800,8,256,0,1,1,"{""count"": 0}",12.25
n800_r8_1,800,8,256,0,1,1,"{""count"": 0}",12.25
n800_r8_2,800,8,256,0,1,1,"{""count"": 0}",12.25
n800_r8_3,800,8,256,0,1,1,"{""count"": 0}",12.25
n800_r8_4,800,8,256,0,1,1,"{""count"": 0}",12.25
n800_r8_5,800,8,256,0,1,1,"{""count"": 0}",12.25
n800_r8_6,800,8,256,0,1,1,"{""count"": 0}",12.25
n800_r8_7,800,8,256,0,1,1,"{""count"": 0}",12.25
n800_r8_8,800,8,256,0,1,1,"{""count"": 0}",12.25
n800_r8_9,800,8,256,0,1,1,"{""count"": 0}",12.25
n800_r8_10,800,8,256,0,1,1,"{""count"": 0}",12.25
n800_r8_11,800,8,256,0,1,1,"{""count"": 0}",12.25
n800_r8_12,800,8,256,0,1,1,"{""count"": 0}",12.25
n800_r8_13,800,8,256,0,1,1,"{""count"": 0}",12.24
n800_r8_14,800,8,256,0,1,1,"{""count"": 0}",12.24
n800_r8_15,800,8,256,0,1,1,"{""count"": 0}",12.24
n800_r8_16,800,8,256,0,1,1,"{""count"": 0}",12.24
n800_r8_17,800,8,256,0,1,1,"{""count"": 0}",12.23
n800_r8_18,800,8,256,0,1,1,"{""count"": 0}",12.23
n800_r8_19,800,8,256,0,1,1,"{""count"": 0}",12.23
n800_r16_0,800,16,1024,0,1,1,"{""count"": 0}",12.23
n800_r16_1,800,16,1024,0,1,1,"{""count"": 0}",12.22
n800_r16_2,800,16,1024,0,1,1,"{""count"": 0}",12.22
n800_r16_3,800,16,1024,0,1,1,"{""count"": 0}",12.22
n800_r16_4,800,16,1024,0,1,1,"{""count"": 0}",12.22
n800_r16_5,800,16,1024,0,1,1,"{""count"": 0}",12.21
n800_r16_6,800,16,1024,0,1,1,"{""count"": 0}",12.22
n800_r16_7,800,16,1024,0,1,1,"{""count"": 0}",12.21
n800_r16_8,800,16,1024,0,1,1,"{""count"": 0}",12.21
n800_r16_9,800,16,1024,0,1,1,"{""count"": 0}",12.20
n800_r16_10,800,16,1024,0,1,1,"{""count"": 0}",12.20
n800_r16_11,800,16,1024,0,1,1,"{""count"": 0}",12.20
n800_r16_12,800,16,1024,0,1,1,"{""count"": 0}",12.20
n800_r16_13,800,16,1024,0,1,1,"{""count"": 0}",12.13
n800_r16_14,800,16,1024,0,1,1,"{""count"": 0}",11.50
n800_r16_15,800,16,1024,0,1,1,"{""count"": 0}",11.40
n800_r16_16,800,16,1024,0,1,1,"{""count"": 0}",10.76
n800_r16_17,800,16,1024,0,1,1,"{""count"": 0}",10.66
n800_r16_18,800,16,1024,0,1,1,"{""count"": 0}",10.03
n800_r16_19,800,16,1024,0,1,1,"{""count"": 0}",9.95
