item,n,r,px_per_obj,alpha,sigma,coverage,pred,parse_ok,abstain,refuse,raw,latency_s
r4_a100_s0.0_4,300,4,64,1.0,0.0,0.0144,200,1,0,0,"{""count"": 200}",4.11
r4_a100_s0.0_7,300,4,64,1.0,0.0,0.0144,200,1,0,0,"{""count"": 200}",4.24
r4_a100_s2.0_6,300,4,64,1.0,2.0,0.0144,196,1,0,0,"{""count"": 196}",4.80
r4_a055_s0.0_1,300,4,64,0.55,0.0,0.0144,200,1,0,0,"{""count"": 200}",4.99
r4_a100_s0.0_0,300,4,64,1.0,0.0,0.0144,200,1,0,0,"{""count"": 200}",5.65
r4_a055_s0.0_4,300,4,64,0.55,0.0,0.0144,200,1,0,0,"{""count"": 200}",5.74
r4_a100_s2.0_1,300,4,64,1.0,2.0,0.0144,100,1,0,0,"{""count"": 100}",6.32
r4_a100_s2.0_7,300,4,64,1.0,2.0,0.0144,100,1,0,0,"{""count"": 100}",6.41
r4_a100_s2.0_4,300,4,64,1.0,2.0,0.0144,144,1,0,0,"{""count"": 144}",7.07
r4_a100_s2.0_3,300,4,64,1.0,2.0,0.0144,198,1,0,0,"{""count"": 198}",7.17
r4_a100_s2.0_5,300,4,64,1.0,2.0,0.0144,100,1,0,0,"{""count"": 100}",7.81
r4_a055_s0.0_5,300,4,64,0.55,0.0,0.0144,200,1,0,0,"{""count"": 200}",8.02
r4_a100_s2.0_0,300,4,64,1.0,2.0,0.0144,100,1,0,0,"{""count"": 100}",8.59
r4_a100_s0.0_5,300,4,64,1.0,0.0,0.0144,200,1,0,0,"{""count"": 200}",8.78
r4_a055_s0.0_0,300,4,64,0.55,0.0,0.0144,200,1,0,0,"{""count"": 200}",9.42
r4_a100_s0.0_3,300,4,64,1.0,0.0,0.0144,200,1,0,0,"{""count"": 200}",9.55
r4_a100_s0.0_1,300,4,64,1.0,0.0,0.0144,200,1,0,0,"{""count"": 200}",10.20
r4_a055_s0.0_3,300,4,64,0.55,0.0,0.0144,200,1,0,0,"{""count"": 200}",10.29
r4_a055_s0.0_6,300,4,64,0.55,0.0,0.0144,250,1,0,0,"{""count"": 250}",10.93
r4_a100_s0.0_2,300,4,64,1.0,0.0,0.0144,200,1,0,0,"{""count"": 200}",11.08
r4_a100_s2.0_2,300,4,64,1.0,2.0,0.0144,100,1,0,0,"{""count"": 100}",11.56
r4_a100_s0.0_6,300,4,64,1.0,0.0,0.0144,200,1,0,0,"{""count"": 200}",11.81
r4_a055_s0.0_2,300,4,64,0.55,0.0,0.0144,200,1,0,0,"{""count"": 200}",12.46
r4_a055_s0.0_7,300,4,64,0.55,0.0,0.0144,200,1,0,0,"{""count"": 200}",12.57
r4_a055_s2.0_0,300,4,64,0.55,2.0,0.0144,198,1,0,0,"{""count"": 198}",9.05
r4_a055_s2.0_1,300,4,64,0.55,2.0,0.0144,100,1,0,0,"{""count"": 100}",9.05
r4_a055_s2.0_2,300,4,64,0.55,2.0,0.0144,199,1,0,0,"{""count"": 199}",9.06
r4_a055_s2.0_3,300,4,64,0.55,2.0,0.0144,144,1,0,0,"{""count"": 144}",9.05
r4_a055_s2.0_4,300,4,64,0.55,2.0,0.0144,198,1,0,0,"{""count"": 198}",9.06
r4_a055_s2.0_5,300,4,64,0.55,2.0,0.0144,100,1,0,0,"{""count"": 100}",9.05
r4_a055_s2.0_6,300,4,64,0.55,2.0,0.0144,144,1,0,0,"{""count"": 144}",9.06
r4_a055_s2.0_7,300,4,64,0.55,2.0,0.0144,198,1,0,0,"{""count"": 198}",9.07
r4_a025_s0.0_0,300,4,64,0.25,0.0,0.0144,250,1,0,0,"{""count"": 250}",9.12
r4_a025_s0.0_1,300,4,64,0.25,0.0,0.0144,250,1,0,0,"{""count"": 250}",9.12
r4_a025_s0.0_2,300,4,64,0.25,0.0,0.0144,250,1,0,0,"{""count"": 250}",9.11
r4_a025_s0.0_3,300,4,64,0.25,0.0,0.0144,250,1,0,0,"{""count"": 250}",9.10
r4_a025_s0.0_4,300,4,64,0.25,0.0,0.0144,250,1,0,0,"{""count"": 250}",9.11
r4_a025_s0.0_5,300,4,64,0.25,0.0,0.0144,250,1,0,0,"{""count"": 250}",9.11
r4_a025_s0.0_6,300,4,64,0.25,0.0,0.0144,250,1,0,0,"{""count"": 250}",9.12
r4_a025_s0.0_7,300,4,64,0.25,0.0,0.0144,250,1,0,0,"{""count"": 250}",9.11
r4_a025_s2.0_0,300,4,64,0.25,2.0,0.0144,198,1,0,0,"{""count"": 198}",9.07
r4_a025_s2.0_1,300,4,64,0.25,2.0,0.0144,198,1,0,0,"{""count"": 198}",9.07
r4_a025_s2.0_2,300,4,64,0.25,2.0,0.0144,198,1,0,0,"{""count"": 198}",9.07
r4_a025_s2.0_3,300,4,64,0.25,2.0,0.0144,198,1,0,0,"{""count"": 198}",9.06
r4_a025_s2.0_4,300,4,64,0.25,2.0,0.0144,100,1,0,0,"{""count"": 100}",9.07
r4_a025_s2.0_5,300,4,64,0.25,2.0,0.0144,100,1,0,0,"{""count"": 100}",9.07
r4_a025_s2.0_6,300,4,64,0.25,2.0,0.0144,100,1,0,0,"{""count"": 100}",9.07
r4_a025_s2.0_7,300,4,64,0.25,2.0,0.0144,100,1,0,0,"{""count"": 100}",9.08
r6_a100_s0.0_0,300,6,144,1.0,0.0,0.0324,250,1,0,0,"{""count"": 250}",9.13
r6_a100_s0.0_1,300,6,144,1.0,0.0,0.0324,250,1,0,0,"{""count"": 250}",9.13
r6_a100_s0.0_2,300,6,144,1.0,0.0,0.0324,250,1,0,0,"{""count"": 250}",9.12
r6_a100_s0.0_3,300,6,144,1.0,0.0,0.0324,250,1,0,0,"{""count"": 250}",9.12
r6_a100_s0.0_4,300,6,144,1.0,0.0,0.0324,250,1,0,0,"{""count"": 250}",9.12
r6_a100_s0.0_5,300,6,144,1.0,0.0,0.0324,250,1,0,0,"{""count"": 250}",9.13
r6_a100_s0.0_6,300,6,144,1.0,0.0,0.0324,250,1,0,0,"{""count"": 250}",9.13
r6_a100_s0.0_7,300,6,144,1.0,0.0,0.0324,200,1,0,0,"{""count"": 200}",9.12
r6_a100_s2.0_0,300,6,144,1.0,2.0,0.0324,198,1,0,0,"{""count"": 198}",9.07
r6_a100_s2.0_1,300,6,144,1.0,2.0,0.0324,144,1,0,0,"{""count"": 144}",9.06
r6_a100_s2.0_2,300,6,144,1.0,2.0,0.0324,199,1,0,0,"{""count"": 199}",9.08
r6_a100_s2.0_3,300,6,144,1.0,2.0,0.0324,144,1,0,0,"{""count"": 144}",9.08
r6_a100_s2.0_4,300,6,144,1.0,2.0,0.0324,144,1,0,0,"{""count"": 144}",9.09
r6_a100_s2.0_5,300,6,144,1.0,2.0,0.0324,196,1,0,0,"{""count"": 196}",9.07
r6_a100_s2.0_6,300,6,144,1.0,2.0,0.0324,198,1,0,0,"{""count"": 198}",9.07
r6_a100_s2.0_7,300,6,144,1.0,2.0,0.0324,144,1,0,0,"{""count"": 144}",9.07
r6_a055_s0.0_0,300,6,144,0.55,0.0,0.0324,250,1,0,0,"{""count"": 250}",9.12
r6_a055_s0.0_1,300,6,144,0.55,0.0,0.0324,250,1,0,0,"{""count"": 250}",9.12
r6_a055_s0.0_2,300,6,144,0.55,0.0,0.0324,250,1,0,0,"{""count"": 250}",9.11
r6_a055_s0.0_3,300,6,144,0.55,0.0,0.0324,250,1,0,0,"{""count"": 250}",9.11
r6_a055_s0.0_4,300,6,144,0.55,0.0,0.0324,250,1,0,0,"{""count"": 250}",9.11
r6_a055_s0.0_5,300,6,144,0.55,0.0,0.0324,250,1,0,0,"{""count"": 250}",9.11
r6_a055_s0.0_6,300,6,144,0.55,0.0,0.0324,250,1,0,0,"{""count"": 250}",9.11
r6_a055_s0.0_7,300,6,144,0.55,0.0,0.0324,250,1,0,0,"{""count"": 250}",9.12
r6_a055_s2.0_0,300,6,144,0.55,2.0,0.0324,198,1,0,0,"{""count"": 198}",9.07
r6_a055_s2.0_1,300,6,144,0.55,2.0,0.0324,198,1,0,0,"{""count"": 198}",9.07
r6_a055_s2.0_2,300,6,144,0.55,2.0,0.0324,198,1,0,0,"{""count"": 198}",9.07
r6_a055_s2.0_3,300,6,144,0.55,2.0,0.0324,198,1,0,0,"{""count"": 198}",9.07
r6_a055_s2.0_4,300,6,144,0.55,2.0,0.0324,198,1,0,0,"{""count"": 198}",9.07
r6_a055_s2.0_5,300,6,144,0.55,2.0,0.0324,198,1,0,0,"{""count"": 198}",9.07
r6_a055_s2.0_6,300,6,144,0.55,2.0,0.0324,198,1,0,0,"{""count"": 198}",9.07
r6_a055_s2.0_7,300,6,144,0.55,2.0,0.0324,198,1,0,0,"{""count"": 198}",9.07
r6_a025_s0.0_0,300,6,144,0.25,0.0,0.0324,250,1,0,0,"{""count"": 250}",9.11
r6_a025_s0.0_1,300,6,144,0.25,0.0,0.0324,250,1,0,0,"{""count"": 250}",9.11
r6_a025_s0.0_2,300,6,144,0.25,0.0,0.0324,250,1,0,0,"{""count"": 250}",9.11
r6_a025_s0.0_3,300,6,144,0.25,0.0,0.0324,250,1,0,0,"{""count"": 250}",9.10
r6_a025_s0.0_4,300,6,144,0.25,0.0,0.0324,250,1,0,0,"{""count"": 250}",9.11
r6_a025_s0.0_5,300,6,144,0.25,0.0,0.0324,250,1,0,0,"{""count"": 250}",9.10
r6_a025_s0.0_6,300,6,144,0.25,0.0,0.0324,250,1,0,0,"{""count"": 250}",9.11
r6_a025_s0.0_7,300,6,144,0.25,0.0,0.0324,250,1,0,0,"{""count"": 250}",9.10
r6_a025_s2.0_0,300,6,144,0.25,2.0,0.0324,198,1,0,0,"{""count"": 198}",9.05
r6_a025_s2.0_1,300,6,144,0.25,2.0,0.0324,198,1,0,0,"{""count"": 198}",9.05
r6_a025_s2.0_2,300,6,144,0.25,2.0,0.0324,198,1,0,0,"{""count"": 198}",9.05
r6_a025_s2.0_3,300,6,144,0.25,2.0,0.0324,198,1,0,0,"{""count"": 198}",9.06
r6_a025_s2.0_4,300,6,144,0.25,2.0,0.0324,198,1,0,0,"{""count"": 198}",9.06
r6_a025_s2.0_5,300,6,144,0.25,2.0,0.0324,200,1,0,0,"{""count"": 200}",9.07
r6_a025_s2.0_6,300,6,144,0.25,2.0,0.0324,198,1,0,0,"{""count"": 198}",9.07
r6_a025_s2.0_7,300,6,144,0.25,2.0,0.0324,200,1,0,0,"{""count"": 200}",9.07
r10_a100_s0.0_0,300,10,400,1.0,0.0,0.0899,200,1,0,0,"{""count"": 200}",9.12
r10_a100_s0.0_1,300,10,400,1.0,0.0,0.0899,250,1,0,0,"{""count"": 250}",9.12
r10_a100_s0.0_2,300,10,400,1.0,0.0,0.0899,200,1,0,0,"{""count"": 200}",9.12
r10_a100_s0.0_3,300,10,400,1.0,0.0,0.0899,200,1,0,0,"{""count"": 200}",9.12
r10_a100_s0.0_4,300,10,400,1.0,0.0,0.0899,200,1,0,0,"{""count"": 200}",9.11
r10_a100_s0.0_5,300,10,400,1.0,0.0,0.0899,200,1,0,0,"{""count"": 200}",9.12
r10_a100_s0.0_6,300,10,400,1.0,0.0,0.0899,200,1,0,0,"{""count"": 200}",9.11
r10_a100_s0.0_7,300,10,400,1.0,0.0,0.0899,200,1,0,0,"{""count"": 200}",9.12
r10_a100_s2.0_0,300,10,400,1.0,2.0,0.0899,198,1,0,0,"{""count"": 198}",9.07
r10_a100_s2.0_1,300,10,400,1.0,2.0,0.0899,198,1,0,0,"{""count"": 198}",9.07
r10_a100_s2.0_2,300,10,400,1.0,2.0,0.0899,198,1,0,0,"{""count"": 198}",9.08
r10_a100_s2.0_3,300,10,400,1.0,2.0,0.0899,198,1,0,0,"{""count"": 198}",9.08
r10_a100_s2.0_4,300,10,400,1.0,2.0,0.0899,198,1,0,0,"{""count"": 198}",9.08
r10_a100_s2.0_5,300,10,400,1.0,2.0,0.0899,198,1,0,0,"{""count"": 198}",9.07
r10_a100_s2.0_6,300,10,400,1.0,2.0,0.0899,198,1,0,0,"{""count"": 198}",9.08
r10_a100_s2.0_7,300,10,400,1.0,2.0,0.0899,198,1,0,0,"{""count"": 198}",9.08
r10_a055_s0.0_0,300,10,400,0.55,0.0,0.0899,250,1,0,0,"{""count"": 250}",9.13
r10_a055_s0.0_1,300,10,400,0.55,0.0,0.0899,200,1,0,0,"{""count"": 200}",9.13
r10_a055_s0.0_2,300,10,400,0.55,0.0,0.0899,250,1,0,0,"{""count"": 250}",9.12
r10_a055_s0.0_3,300,10,400,0.55,0.0,0.0899,250,1,0,0,"{""count"": 250}",9.13
r10_a055_s0.0_4,300,10,400,0.55,0.0,0.0899,200,1,0,0,"{""count"": 200}",9.13
r10_a055_s0.0_5,300,10,400,0.55,0.0,0.0899,250,1,0,0,"{""count"": 250}",9.12
r10_a055_s0.0_6,300,10,400,0.55,0.0,0.0899,250,1,0,0,"{""count"": 250}",9.12
r10_a055_s0.0_7,300,10,400,0.55,0.0,0.0899,200,1,0,0,"{""count"": 200}",9.13
r10_a055_s2.0_0,300,10,400,0.55,2.0,0.0899,198,1,0,0,"{""count"": 198}",9.05
r10_a055_s2.0_1,300,10,400,0.55,2.0,0.0899,198,1,0,0,"{""count"": 198}",9.07
r10_a055_s2.0_2,300,10,400,0.55,2.0,0.0899,198,1,0,0,"{""count"": 198}",9.08
r10_a055_s2.0_3,300,10,400,0.55,2.0,0.0899,198,1,0,0,"{""count"": 198}",9.07
r10_a055_s2.0_4,300,10,400,0.55,2.0,0.0899,198,1,0,0,"{""count"": 198}",9.07
r10_a055_s2.0_5,300,10,400,0.55,2.0,0.0899,198,1,0,0,"{""count"": 198}",9.07
r10_a055_s2.0_6,300,10,400,0.55,2.0,0.0899,198,1,0,0,"{""count"": 198}",9.05
r10_a055_s2.0_7,300,10,400,0.55,2.0,0.0899,198,1,0,0,"{""count"": 198}",9.05
r10_a025_s0.0_0,300,10,400,0.25,0.0,0.0899,250,1,0,0,"{""count"": 250}",9.12
r10_a025_s0.0_1,300,10,400,0.25,0.0,0.0899,250,1,0,0,"{""count"": 250}",9.12
r10_a025_s0.0_2,300,10,400,0.25,0.0,0.0899,200,1,0,0,"{""count"": 200}",9.11
r10_a025_s0.0_3,300,10,400,0.25,0.0,0.0899,250,1,0,0,"{""count"": 250}",9.12
r10_a025_s0.0_4,300,10,400,0.25,0.0,0.0899,200,1,0,0,"{""count"": 200}",9.11
r10_a025_s0.0_5,300,10,400,0.25,0.0,0.0899,200,1,0,0,"{""count"": 200}",9.11
r10_a025_s0.0_6,300,10,400,0.25,0.0,0.0899,200,1,0,0,"{""count"": 200}",9.11
r10_a025_s0.0_7,300,10,400,0.25,0.0,0.0899,250,1,0,0,"{""count"": 250}",9.12
r10_a025_s2.0_0,300,10,400,0.25,2.0,0.0899,200,1,0,0,"{""count"": 200}",9.08
r10_a025_s2.0_1,300,10,400,0.25,2.0,0.0899,198,1,0,0,"{""count"": 198}",9.05
r10_a025_s2.0_2,300,10,400,0.25,2.0,0.0899,200,1,0,0,"{""count"": 200}",9.06
r10_a025_s2.0_3,300,10,400,0.25,2.0,0.0899,198,1,0,0,"{""count"": 198}",9.05
r10_a025_s2.0_4,300,10,400,0.25,2.0,0.0899,200,1,0,0,"{""count"": 200}",9.07
r10_a025_s2.0_5,300,10,400,0.25,2.0,0.0899,198,1,0,0,"{""count"": 198}",9.07
r10_a025_s2.0_6,300,10,400,0.25,2.0,0.0899,200,1,0,0,"{""count"": 200}",9.08
r10_a025_s2.0_7,300,10,400,0.25,2.0,0.0899,198,1,0,0,"{""count"": 198}",9.07
r16_a100_s0.0_0,300,16,1024,1.0,0.0,0.2301,200,1,0,0,"{""count"": 200}",9.12
r16_a100_s0.0_1,300,16,1024,1.0,0.0,0.2301,200,1,0,0,"{""count"": 200}",9.11
r16_a100_s0.0_2,300,16,1024,1.0,0.0,0.2301,200,1,0,0,"{""count"": 200}",9.11
r16_a100_s0.0_3,300,16,1024,1.0,0.0,0.2301,200,1,0,0,"{""count"": 200}",9.12
r16_a100_s0.0_4,300,16,1024,1.0,0.0,0.2301,200,1,0,0,"{""count"": 200}",9.11
r16_a100_s0.0_5,300,16,1024,1.0,0.0,0.2301,200,1,0,0,"{""count"": 200}",9.11
r16_a100_s0.0_6,300,16,1024,1.0,0.0,0.2301,200,1,0,0,"{""count"": 200}",9.11
r16_a100_s0.0_7,300,16,1024,1.0,0.0,0.2301,200,1,0,0,"{""count"": 200}",9.11
r16_a100_s2.0_0,300,16,1024,1.0,2.0,0.2301,200,1,0,0,"{""count"": 200}",9.07
r16_a100_s2.0_1,300,16,1024,1.0,2.0,0.2301,200,1,0,0,"{""count"": 200}",9.06
r16_a100_s2.0_2,300,16,1024,1.0,2.0,0.2301,198,1,0,0,"{""count"": 198}",9.07
r16_a100_s2.0_3,300,16,1024,1.0,2.0,0.2301,200,1,0,0,"{""count"": 200}",9.07
r16_a100_s2.0_4,300,16,1024,1.0,2.0,0.2301,200,1,0,0,"{""count"": 200}",9.07
r16_a100_s2.0_5,300,16,1024,1.0,2.0,0.2301,200,1,0,0,"{""count"": 200}",9.07
r16_a100_s2.0_6,300,16,1024,1.0,2.0,0.2301,200,1,0,0,"{""count"": 200}",9.05
r16_a100_s2.0_7,300,16,1024,1.0,2.0,0.2301,200,1,0,0,"{""count"": 200}",9.05
r16_a055_s0.0_0,300,16,1024,0.55,0.0,0.2301,200,1,0,0,"{""count"": 200}",9.12
r16_a055_s0.0_1,300,16,1024,0.55,0.0,0.2301,200,1,0,0,"{""count"": 200}",9.11
r16_a055_s0.0_2,300,16,1024,0.55,0.0,0.2301,200,1,0,0,"{""count"": 200}",9.13
r16_a055_s0.0_3,300,16,1024,0.55,0.0,0.2301,200,1,0,0,"{""count"": 200}",9.12
r16_a055_s0.0_4,300,16,1024,0.55,0.0,0.2301,200,1,0,0,"{""count"": 200}",9.12
r16_a055_s0.0_5,300,16,1024,0.55,0.0,0.2301,250,1,0,0,"{""count"": 250}",9.12
r16_a055_s0.0_6,300,16,1024,0.55,0.0,0.2301,200,1,0,0,"{""count"": 200}",9.10
r16_a055_s0.0_7,300,16,1024,0.55,0.0,0.2301,200,1,0,0,"{""count"": 200}",9.11
r16_a055_s2.0_0,300,16,1024,0.55,2.0,0.2301,200,1,0,0,"{""count"": 200}",9.06
r16_a055_s2.0_1,300,16,1024,0.55,2.0,0.2301,200,1,0,0,"{""count"": 200}",9.08
r16_a055_s2.0_2,300,16,1024,0.55,2.0,0.2301,200,1,0,0,"{""count"": 200}",9.07
r16_a055_s2.0_3,300,16,1024,0.55,2.0,0.2301,200,1,0,0,"{""count"": 200}",9.08
r16_a055_s2.0_4,300,16,1024,0.55,2.0,0.2301,200,1,0,0,"{""count"": 200}",9.08
r16_a055_s2.0_5,300,16,1024,0.55,2.0,0.2301,198,1,0,0,"{""count"": 198}",9.08
r16_a055_s2.0_6,300,16,1024,0.55,2.0,0.2301,198,1,0,0,"{""count"": 198}",9.08
r16_a055_s2.0_7,300,16,1024,0.55,2.0,0.2301,198,1,0,0,"{""count"": 198}",9.08
r16_a025_s0.0_0,300,16,1024,0.25,0.0,0.2301,200,1,0,0,"{""count"": 200}",9.12
r16_a025_s0.0_1,300,16,1024,0.25,0.0,0.2301,250,1,0,0,"{""count"": 250}",9.12
r16_a025_s0.0_2,300,16,1024,0.25,0.0,0.2301,250,1,0,0,"{""count"": 250}",9.12
r16_a025_s0.0_3,300,16,1024,0.25,0.0,0.2301,200,1,0,0,"{""count"": 200}",9.12
r16_a025_s0.0_4,300,16,1024,0.25,0.0,0.2301,200,1,0,0,"{""count"": 200}",9.12
r16_a025_s0.0_5,300,16,1024,0.25,0.0,0.2301,200,1,0,0,"{""count"": 200}",9.12
r16_a025_s0.0_6,300,16,1024,0.25,0.0,0.2301,200,1,0,0,"{""count"": 200}",9.12
r16_a025_s0.0_7,300,16,1024,0.25,0.0,0.2301,200,1,0,0,"{""count"": 200}",9.12
r16_a025_s2.0_0,300,16,1024,0.25,2.0,0.2301,200,1,0,0,"{""count"": 200}",9.07
r16_a025_s2.0_1,300,16,1024,0.25,2.0,0.2301,198,1,0,0,"{""count"": 198}",9.07
r16_a025_s2.0_2,300,16,1024,0.25,2.0,0.2301,200,1,0,0,"{""count"": 200}",9.07
r16_a025_s2.0_3,300,16,1024,0.25,2.0,0.2301,200,1,0,0,"{""count"": 200}",9.07
r16_a025_s2.0_4,300,16,1024,0.25,2.0,0.2301,200,1,0,0,"{""count"": 200}",9.07
r16_a025_s2.0_5,300,16,1024,0.25,2.0,0.2301,200,1,0,0,"{""count"": 200}",9.06
r16_a025_s2.0_6,300,16,1024,0.25,2.0,0.2301,200,1,0,0,"{""count"": 200}",9.06
r16_a025_s2.0_7,300,16,1024,0.25,2.0,0.2301,200,1,0,0,"{""count"": 200}",9.07
r24_a100_s0.0_0,300,24,2304,1.0,0.0,0.5177,200,1,0,0,"{""count"": 200}",9.12
r24_a100_s0.0_1,300,24,2304,1.0,0.0,0.5177,200,1,0,0,"{""count"": 200}",9.11
r24_a100_s0.0_2,300,24,2304,1.0,0.0,0.5177,200,1,0,0,"{""count"": 200}",9.10
r24_a100_s0.0_3,300,24,2304,1.0,0.0,0.5177,200,1,0,0,"{""count"": 200}",9.10
r24_a100_s0.0_4,300,24,2304,1.0,0.0,0.5177,200,1,0,0,"{""count"": 200}",9.11
r24_a100_s0.0_5,300,24,2304,1.0,0.0,0.5177,200,1,0,0,"{""count"": 200}",9.11
r24_a100_s0.0_6,300,24,2304,1.0,0.0,0.5177,200,1,0,0,"{""count"": 200}",9.11
r24_a100_s0.0_7,300,24,2304,1.0,0.0,0.5177,200,1,0,0,"{""count"": 200}",9.11
r24_a100_s2.0_0,300,24,2304,1.0,2.0,0.5177,198,1,0,0,"{""count"": 198}",9.07
r24_a100_s2.0_1,300,24,2304,1.0,2.0,0.5177,198,1,0,0,"{""count"": 198}",9.06
r24_a100_s2.0_2,300,24,2304,1.0,2.0,0.5177,198,1,0,0,"{""count"": 198}",9.06
r24_a100_s2.0_3,300,24,2304,1.0,2.0,0.5177,198,1,0,0,"{""count"": 198}",9.06
r24_a100_s2.0_4,300,24,2304,1.0,2.0,0.5177,198,1,0,0,"{""count"": 198}",9.06
r24_a100_s2.0_5,300,24,2304,1.0,2.0,0.5177,198,1,0,0,"{""count"": 198}",9.06
r24_a100_s2.0_6,300,24,2304,1.0,2.0,0.5177,198,1,0,0,"{""count"": 198}",9.06
r24_a100_s2.0_7,300,24,2304,1.0,2.0,0.5177,198,1,0,0,"{""count"": 198}",9.04
r24_a055_s0.0_0,300,24,2304,0.55,0.0,0.5177,200,1,0,0,"{""count"": 200}",9.11
r24_a055_s0.0_1,300,24,2304,0.55,0.0,0.5177,200,1,0,0,"{""count"": 200}",9.11
r24_a055_s0.0_2,300,24,2304,0.55,0.0,0.5177,200,1,0,0,"{""count"": 200}",9.11
r24_a055_s0.0_3,300,24,2304,0.55,0.0,0.5177,200,1,0,0,"{""count"": 200}",9.11
r24_a055_s0.0_4,300,24,2304,0.55,0.0,0.5177,200,1,0,0,"{""count"": 200}",9.11
r24_a055_s0.0_5,300,24,2304,0.55,0.0,0.5177,200,1,0,0,"{""count"": 200}",9.11
r24_a055_s0.0_6,300,24,2304,0.55,0.0,0.5177,200,1,0,0,"{""count"": 200}",9.11
r24_a055_s0.0_7,300,24,2304,0.55,0.0,0.5177,200,1,0,0,"{""count"": 200}",9.11
r24_a055_s2.0_0,300,24,2304,0.55,2.0,0.5177,198,1,0,0,"{""count"": 198}",9.06
r24_a055_s2.0_1,300,24,2304,0.55,2.0,0.5177,200,1,0,0,"{""count"": 200}",9.06
r24_a055_s2.0_2,300,24,2304,0.55,2.0,0.5177,198,1,0,0,"{""count"": 198}",9.05
r24_a055_s2.0_3,300,24,2304,0.55,2.0,0.5177,198,1,0,0,"{""count"": 198}",9.07
r24_a055_s2.0_4,300,24,2304,0.55,2.0,0.5177,198,1,0,0,"{""count"": 198}",9.06
r24_a055_s2.0_5,300,24,2304,0.55,2.0,0.5177,198,1,0,0,"{""count"": 198}",9.06
r24_a055_s2.0_6,300,24,2304,0.55,2.0,0.5177,198,1,0,0,"{""count"": 198}",9.06
r24_a055_s2.0_7,300,24,2304,0.55,2.0,0.5177,198,1,0,0,"{""count"": 198}",9.06
r24_a025_s0.0_0,300,24,2304,0.25,0.0,0.5177,200,1,0,0,"{""count"": 200}",9.11
r24_a025_s0.0_1,300,24,2304,0.25,0.0,0.5177,200,1,0,0,"{""count"": 200}",9.11
r24_a025_s0.0_2,300,24,2304,0.25,0.0,0.5177,200,1,0,0,"{""count"": 200}",9.12
r24_a025_s0.0_3,300,24,2304,0.25,0.0,0.5177,200,1,0,0,"{""count"": 200}",9.12
r24_a025_s0.0_4,300,24,2304,0.25,0.0,0.5177,250,1,0,0,"{""count"": 250}",9.11
r24_a025_s0.0_5,300,24,2304,0.25,0.0,0.5177,200,1,0,0,"{""count"": 200}",9.11
r24_a025_s0.0_6,300,24,2304,0.25,0.0,0.5177,200,1,0,0,"{""count"": 200}",9.11
r24_a025_s0.0_7,300,24,2304,0.25,0.0,0.5177,200,1,0,0,"{""count"": 200}",9.11
r24_a025_s2.0_0,300,24,2304,0.25,2.0,0.5177,200,1,0,0,"{""count"": 200}",9.07
r24_a025_s2.0_1,300,24,2304,0.25,2.0,0.5177,200,1,0,0,"{""count"": 200}",9.06
r24_a025_s2.0_2,300,24,2304,0.25,2.0,0.5177,200,1,0,0,"{""count"": 200}",9.04
r24_a025_s2.0_3,300,24,2304,0.25,2.0,0.5177,198,1,0,0,"{""count"": 198}",9.06
r24_a025_s2.0_4,300,24,2304,0.25,2.0,0.5177,200,1,0,0,"{""count"": 200}",9.06
r24_a025_s2.0_5,300,24,2304,0.25,2.0,0.5177,200,1,0,0,"{""count"": 200}",9.08
r24_a025_s2.0_6,300,24,2304,0.25,2.0,0.5177,200,1,0,0,"{""count"": 200}",9.06
r24_a025_s2.0_7,300,24,2304,0.25,2.0,0.5177,200,1,0,0,"{""count"": 200}",9.05
r32_a100_s0.0_0,300,32,4096,1.0,0.0,0.9204,196,1,0,0,"{""count"": 196}",9.11
r32_a100_s0.0_1,300,32,4096,1.0,0.0,0.9204,120,1,0,0,"{""count"": 120}",9.12
r32_a100_s0.0_2,300,32,4096,1.0,0.0,0.9204,120,1,0,0,"{""count"": 120}",9.12
r32_a100_s0.0_3,300,32,4096,1.0,0.0,0.9204,144,1,0,0,"{""count"": 144}",9.11
r32_a100_s0.0_4,300,32,4096,1.0,0.0,0.9204,144,1,0,0,"{""count"": 144}",9.11
r32_a100_s0.0_5,300,32,4096,1.0,0.0,0.9204,196,1,0,0,"{""count"": 196}",9.11
r32_a100_s0.0_6,300,32,4096,1.0,0.0,0.9204,198,1,0,0,"{""count"": 198}",9.11
r32_a100_s0.0_7,300,32,4096,1.0,0.0,0.9204,198,1,0,0,"{""count"": 198}",9.11
r32_a100_s2.0_0,300,32,4096,1.0,2.0,0.9204,120,1,0,0,"{""count"": 120}",9.06
r32_a100_s2.0_1,300,32,4096,1.0,2.0,0.9204,100,1,0,0,"{""count"": 100}",9.05
r32_a100_s2.0_2,300,32,4096,1.0,2.0,0.9204,100,1,0,0,"{""count"": 100}",9.05
r32_a100_s2.0_3,300,32,4096,1.0,2.0,0.9204,100,1,0,0,"{""count"": 100}",9.05
r32_a100_s2.0_4,300,32,4096,1.0,2.0,0.9204,100,1,0,0,"{""count"": 100}",9.07
r32_a100_s2.0_5,300,32,4096,1.0,2.0,0.9204,100,1,0,0,"{""count"": 100}",9.06
r32_a100_s2.0_6,300,32,4096,1.0,2.0,0.9204,100,1,0,0,"{""count"": 100}",9.06
r32_a100_s2.0_7,300,32,4096,1.0,2.0,0.9204,100,1,0,0,"{""count"": 100}",9.06
r32_a055_s0.0_0,300,32,4096,0.55,0.0,0.9204,144,1,0,0,"{""count"": 144}",9.12
r32_a055_s0.0_1,300,32,4096,0.55,0.0,0.9204,196,1,0,0,"{""count"": 196}",9.12
r32_a055_s0.0_2,300,32,4096,0.55,0.0,0.9204,198,1,0,0,"{""count"": 198}",9.12
r32_a055_s0.0_3,300,32,4096,0.55,0.0,0.9204,196,1,0,0,"{""count"": 196}",9.12
r32_a055_s0.0_4,300,32,4096,0.55,0.0,0.9204,196,1,0,0,"{""count"": 196}",9.12
r32_a055_s0.0_5,300,32,4096,0.55,0.0,0.9204,198,1,0,0,"{""count"": 198}",9.11
r32_a055_s0.0_6,300,32,4096,0.55,0.0,0.9204,196,1,0,0,"{""count"": 196}",9.11
r32_a055_s0.0_7,300,32,4096,0.55,0.0,0.9204,144,1,0,0,"{""count"": 144}",9.11
r32_a055_s2.0_0,300,32,4096,0.55,2.0,0.9204,144,1,0,0,"{""count"": 144}",9.04
r32_a055_s2.0_1,300,32,4096,0.55,2.0,0.9204,100,1,0,0,"{""count"": 100}",9.05
r32_a055_s2.0_2,300,32,4096,0.55,2.0,0.9204,100,1,0,0,"{""count"": 100}",9.05
r32_a055_s2.0_3,300,32,4096,0.55,2.0,0.9204,100,1,0,0,"{""count"": 100}",9.07
r32_a055_s2.0_4,300,32,4096,0.55,2.0,0.9204,100,1,0,0,"{""count"": 100}",9.06
r32_a055_s2.0_5,300,32,4096,0.55,2.0,0.9204,100,1,0,0,"{""count"": 100}",9.05
r32_a055_s2.0_6,300,32,4096,0.55,2.0,0.9204,100,1,0,0,"{""count"": 100}",9.05
r32_a055_s2.0_7,300,32,4096,0.55,2.0,0.9204,100,1,0,0,"{""count"": 100}",9.04
r32_a025_s0.0_0,300,32,4096,0.25,0.0,0.9204,196,1,0,0,"{""count"": 196}",9.10
r32_a025_s0.0_1,300,32,4096,0.25,0.0,0.9204,196,1,0,0,"{""count"": 196}",9.10
r32_a025_s0.0_2,300,32,4096,0.25,0.0,0.9204,196,1,0,0,"{""count"": 196}",9.10
r32_a025_s0.0_3,300,32,4096,0.25,0.0,0.9204,196,1,0,0,"{""count"": 196}",9.10
r32_a025_s0.0_4,300,32,4096,0.25,0.0,0.9204,198,1,0,0,"{""count"": 198}",9.10
r32_a025_s0.0_5,300,32,4096,0.25,0.0,0.9204,144,1,0,0,"{""count"": 144}",9.09
r32_a025_s0.0_6,300,32,4096,0.25,0.0,0.9204,200,1,0,0,"{""count"": 200}",9.09
r32_a025_s0.0_7,300,32,4096,0.25,0.0,0.9204,196,1,0,0,"{""count"": 196}",9.03
r32_a025_s2.0_0,300,32,4096,0.25,2.0,0.9204,100,1,0,0,"{""count"": 100}",8.36
r32_a025_s2.0_1,300,32,4096,0.25,2.0,0.9204,100,1,0,0,"{""count"": 100}",8.25
r32_a025_s2.0_2,300,32,4096,0.25,2.0,0.9204,100,1,0,0,"{""count"": 100}",7.62
r32_a025_s2.0_3,300,32,4096,0.25,2.0,0.9204,100,1,0,0,"{""count"": 100}",7.51
r32_a025_s2.0_4,300,32,4096,0.25,2.0,0.9204,100,1,0,0,"{""count"": 100}",6.90
r32_a025_s2.0_5,300,32,4096,0.25,2.0,0.9204,100,1,0,0,"{""count"": 100}",6.79
r32_a025_s2.0_6,300,32,4096,0.25,2.0,0.9204,100,1,0,0,"{""count"": 100}",6.16
r32_a025_s2.0_7,300,32,4096,0.25,2.0,0.9204,100,1,0,0,"{""count"": 100}",6.06
